"Sample","C3AR1","CD177","CD177.1","ITGAM","ITGAM.1","ITGAM.2","FCGR1A","FCGR1A.1","ARG1","FCGR1A.2","FCGR1A.3","Label"
"GSM1602802",8.902159183,8.36221865,10.67631562,8.745769116,10.25094067,7.73210426,10.24825995,6.250842138,8.521195571,3.40730019,3.182506744,"Sepsis"
"GSM1602803",8.832898721,9.421954117,9.980230311,8.562982655,10.08593419,7.295228849,9.792877388,5.67306519,9.501580736,3.783478164,2.916157034,"Sepsis"
"GSM1602805",9.920050696,8.166611799,9.290451395,8.211699804,9.873170791,7.435869263,9.729733411,5.896796092,9.018000135,3.650627891,2.959885038,"Sepsis"
"GSM1602807",6.358468554,2.021677375,1.427663567,7.430588926,9.193750407,5.733466333,6.402958933,2.42418489,3.343949486,2.458323623,2.2102376,"healthy"
"GSM1602809",7.050826524,1.864601747,1.475226991,6.496094759,8.6725909,5.457058212,7.628109241,3.121396568,2.428251051,2.667414115,2.366776332,"healthy"
"GSM1602810",8.756043585,5.359159846,7.909037629,7.151716287,9.152033113,5.910131744,9.045953394,5.122447997,5.805549488,2.719465543,2.338826404,"Sepsis"
"GSM1602811",8.753944007,9.474989748,10.23930918,8.873203781,10.35350098,7.679006976,11.37981946,7.870532006,8.321262176,2.622495951,3.612353174,"Sepsis"
"GSM1602812",8.128001514,7.938334024,9.896614338,8.403394258,10.04716751,6.729784959,9.23532327,5.647521629,10.04437381,3.099182574,3.090823796,"Sepsis"
"GSM1602813",7.755680669,6.832969063,7.444676782,6.976746258,8.566519532,5.898588637,9.023587044,4.255863423,9.486352893,2.941021958,2.672839625,"Sepsis"
"GSM1602815",9.578419672,8.823796844,9.42259229,8.331360699,9.991885308,7.327762323,9.735973547,5.0148011,9.110931369,3.276171847,2.890705277,"Sepsis"
"GSM1602816",9.561137945,6.518584245,8.216910843,7.051602977,9.21571438,6.725078156,8.63252426,4.250283831,8.454404023,2.829822434,2.498459499,"Sepsis"
"GSM1602818",8.56471953,8.514840966,9.726588947,7.091552956,9.02210131,6.227639693,8.060410853,3.409518777,9.582343501,2.845052191,2.293007933,"Sepsis"
"GSM1602819",8.985193758,8.259074208,9.623250904,8.558461609,10.38395445,7.507298906,10.67696932,6.900547276,9.78983711,3.18919437,3.692096072,"Sepsis"
"GSM1602820",8.719470846,6.729314106,7.410737506,7.937526746,9.479419313,6.928153608,9.329161822,3.852282117,6.774315085,2.608956028,2.697018724,"Sepsis"
"GSM1602823",9.670681896,9.364970016,10.50929559,8.270608547,9.725213235,7.687454329,9.287373228,3.946952104,8.893827086,2.584766532,2.541542891,"Sepsis"
"GSM1602824",8.73249528,6.886434073,8.632330275,8.314459196,9.716891952,6.746793634,8.163410167,3.510812524,9.280186749,2.505817072,2.733768809,"Sepsis"
"GSM1602825",9.769352143,5.583221088,7.574284977,8.029287942,9.660215495,6.61434155,8.22305921,3.099558083,9.440539132,2.318908077,2.437888612,"Sepsis"
"GSM1602826",7.992009488,10.51920734,11.28826526,8.914772732,10.40186496,7.933200339,9.880287414,5.45478675,9.769802959,2.898598349,2.719901187,"Sepsis"
"GSM1602827",9.528019416,6.008782742,7.335954342,8.051629709,9.55943871,6.307100175,8.829670551,4.071888297,8.450917495,2.545073016,2.96604415,"Sepsis"
"GSM1602829",8.9334233,9.370624733,10.89116651,8.978213901,10.54119703,7.577025199,10.15706083,6.328460305,9.34288687,3.903882355,4.143936345,"Sepsis"
"GSM1602830",6.490936111,7.291273271,8.274762563,8.663970352,10.30627728,7.411757661,9.932327412,6.048309501,8.964991833,2.825674201,3.249576384,"Sepsis"
"GSM1602831",9.024695657,9.180268402,10.73863755,9.167764882,10.69542287,8.111245992,9.987498998,5.846656186,9.261494063,3.118166377,2.656309844,"Sepsis"
"GSM1602832",6.999026264,4.91097197,7.50200333,7.67278903,9.418328652,6.426004688,9.221098251,5.97372201,8.165774281,2.8569326,3.131902548,"Sepsis"
"GSM1602833",8.4484509,6.427882716,7.534603639,5.948973166,8.27415793,5.187939907,8.395702473,2.608133963,7.601708192,2.586679915,2.337482841,"Sepsis"
"GSM1602834",8.901384871,9.216412627,10.4438326,8.971178395,10.33255874,7.874137969,9.323451216,5.148231717,10.18199113,2.475134132,2.835663861,"Sepsis"
"GSM1602836",9.869799094,5.586087619,5.405288736,7.622344377,9.407572944,6.348852026,10.25186232,6.311610506,6.514190733,3.959044964,3.050946423,"Sepsis"
"GSM1602837",9.298104163,5.426176409,7.507845348,9.28550298,10.74311034,7.764316646,10.32697662,5.896790956,9.73994467,3.350292946,2.716899706,"Sepsis"
"GSM1602838",9.641229439,5.810724404,7.002744347,7.671907453,9.664876215,7.075439153,9.385862524,5.199307734,8.425305668,3.001824608,2.957534731,"Sepsis"
"GSM1602839",8.763513004,9.602892442,11.2184608,8.524563577,10.11623084,7.228690695,9.131402785,4.789069,10.98870183,3.315091713,2.666036035,"Sepsis"
"GSM1602840",5.888924724,9.864575289,11.15637333,8.522660402,10.22775771,7.336034628,10.52341698,6.981248117,8.463662464,3.711170663,3.093970108,"Sepsis"
"GSM1602841",9.06547213,6.796113107,8.067802231,8.59009375,10.01549604,7.2119984,9.409795178,5.777642815,8.240240301,3.156929999,2.695915856,"Sepsis"
"GSM1602842",9.717555464,9.283002605,9.830436121,8.759403551,10.32019434,7.453503151,9.311146191,5.105953852,9.685565749,2.855322545,2.699880744,"Sepsis"
"GSM1602843",8.520653264,4.407728018,5.272793062,7.399354363,9.238739877,6.395198581,9.358638683,4.720304605,8.277060658,2.704213128,2.544941599,"Sepsis"
"GSM1602844",9.207827342,6.852113056,9.11026496,8.43512551,10.22437727,7.563450234,9.174741528,5.807798833,11.23395668,3.262944985,3.530146495,"Sepsis"
"GSM1602845",6.018687885,9.79211066,10.58062745,8.297631206,10.13858813,6.775206409,9.875284041,6.028315912,8.839374299,3.449638955,2.539365799,"Sepsis"
"GSM1602846",9.241910064,8.231012447,8.542485474,7.868658383,9.735804655,6.491333289,8.273836368,3.380867948,6.909867113,2.465899594,2.469444917,"Sepsis"
"GSM1602847",9.416325478,8.988062566,10.02411749,8.49007513,10.15242446,6.895198462,9.024393809,3.770340748,8.965189743,2.531787556,2.712052121,"Sepsis"
"GSM1602848",9.449289962,4.544677514,6.714890289,7.783149027,9.362115145,6.549692209,9.208754188,5.794472865,8.248759098,2.821487504,3.134530953,"Sepsis"
"GSM1602849",9.706756396,6.723096951,8.570170993,7.734002463,9.658542548,6.455756555,9.230671834,5.061248372,7.720860099,2.650896688,2.924792034,"Sepsis"
"GSM1602850",9.413390536,9.506180749,10.44254579,8.808557406,10.52004952,7.954134914,9.855244642,5.938278384,9.298321401,3.813911112,2.963418635,"Sepsis"
"GSM1602851",7.807738549,7.631473281,8.62606267,6.180893105,8.664012674,6.299293115,9.730850463,4.86818254,5.256364463,2.434627368,2.573378431,"Sepsis"
"GSM1602852",8.511204985,7.552183467,7.931513959,8.204781506,10.07308194,6.979817334,9.250035389,4.338407322,9.17644504,3.104648131,2.814764252,"Sepsis"
"GSM1602853",10.10316175,7.686156219,8.983573652,8.780336033,10.29800298,7.655167187,8.513833502,4.288413426,8.91811571,2.52998295,2.790343608,"Sepsis"
"GSM1602855",10.20591141,9.326793811,9.911891893,8.525415065,10.01338607,7.059144762,10.66157232,6.545025674,8.599444418,3.735148022,4.353149621,"Sepsis"
"GSM1602856",9.666050639,6.1028148,7.404502531,8.444946999,10.0371226,7.52798002,7.523270972,2.705429568,7.764795104,2.639140163,2.489721803,"Sepsis"
"GSM1602857",8.034733378,2.756811653,2.564476584,7.08091456,8.948505537,5.492325359,7.552335195,2.882998346,8.613293721,2.488381006,2.128404577,"Sepsis"
"GSM1602858",8.123760393,10.19786546,11.1864431,9.113806419,10.54602875,7.956349947,10.79868557,6.164104601,9.798084995,3.141983327,2.834518049,"Sepsis"
"GSM1602859",9.982049932,9.127522811,10.06580916,8.8217497,10.39250875,7.07406216,7.878906721,3.087801257,10.56852511,2.406391904,2.179469014,"Sepsis"
"GSM1602860",6.930350247,8.015807217,9.585292454,8.375666418,9.885157786,7.18570685,10.33596337,5.808360207,7.061168256,3.202873021,3.122038611,"Sepsis"
"GSM1602861",9.285051471,8.507459323,9.753814897,8.860887442,10.21550199,7.471474964,10.1672629,6.316468164,9.83877279,4.16072918,3.600739797,"Sepsis"
"GSM1602862",6.882332958,2.705782236,1.59438135,6.929155758,8.953383115,5.305328654,5.030079266,2.219424896,2.701684822,2.012090921,2.331464326,"healthy"
"GSM1602863",10.31373509,9.748184384,10.77611196,8.916647956,10.63641091,7.85070948,9.392534773,4.698540447,9.322153121,3.065021876,3.377184018,"Sepsis"
"GSM1602864",7.944586723,2.375603173,2.218221565,6.813049624,9.008743607,5.379736314,5.315134347,2.257478256,2.394254703,2.12082496,2.354272926,"healthy"
"GSM1602866",8.85318705,4.583959055,6.355763319,7.820436319,9.544599568,6.607138529,9.808110218,6.205120836,9.136991306,3.102689201,3.060550792,"Sepsis"
"GSM1602868",11.10452111,5.922534932,7.86347466,7.292326622,9.232537728,6.440633293,10.9484776,7.274806449,9.11810042,4.236065647,2.816372474,"Sepsis"
"GSM1602869",7.711781256,10.03360448,11.25719698,8.939231375,10.33880335,7.552069327,9.1180418,4.704815307,10.21848475,2.688089917,2.702391645,"Sepsis"
"GSM1602870",7.355769987,2.366150468,1.264276032,6.682599991,8.62619934,5.483315475,6.887120126,2.623973919,2.06421477,2.557570507,2.142339721,"healthy"
"GSM1602871",6.759840268,2.804753797,1.882837372,6.282129875,8.360004281,5.493712097,7.252787362,2.610605002,2.290726233,2.551941846,2.329006044,"healthy"
"GSM1602872",7.624739843,2.280375512,1.056067547,6.295595603,8.315749042,5.339251468,8.042123953,3.761085801,4.355236172,2.462581967,2.566006019,"healthy"
"GSM1602873",8.778378446,6.725196879,9.099216302,8.124405172,9.737090172,7.230546889,9.796029146,5.901081038,9.558159347,3.052167079,3.118812972,"Sepsis"
"GSM1602874",6.231050027,2.017591458,1.162989051,6.471778332,8.550168736,5.342230056,5.495963572,2.539950801,2.931802287,2.471240545,2.310455918,"healthy"
"GSM1602875",6.958093519,1.766524606,1.994011677,6.557323819,8.650046495,5.387566895,6.189913057,2.504468046,3.740185501,2.680776814,1.95652156,"healthy"
"GSM1602876",6.264729029,2.345612078,1.319206415,6.861313419,9.012677753,5.446059867,4.485567282,2.284959532,2.742152206,2.312879768,1.502349325,"healthy"
"GSM1602878",9.678509586,8.639540311,10.08590689,8.942291268,10.34883165,7.545634419,8.800381106,4.111626313,9.265881014,2.307912097,2.559049501,"Sepsis"
"GSM1602879",8.548892037,9.771522689,10.07179352,8.160066479,10.05338323,7.361117242,9.5300697,5.119194957,8.423306061,2.703429857,2.936557627,"Sepsis"
"GSM1602880",9.586690763,5.643087277,7.115005644,7.034116578,9.079590876,5.868949037,8.8530179,4.602698996,8.456211066,2.376395052,2.524551489,"Sepsis"
"GSM1602881",9.546330495,7.084770517,7.324914457,8.295386317,9.882545347,7.168933621,8.644477864,3.853632275,7.578457882,2.398181985,2.469680901,"Sepsis"
"GSM1602882",9.264291821,8.590279447,8.985784932,9.018526144,10.33763232,7.826783303,8.930949392,4.367227099,7.951986941,2.939949877,2.582187291,"Sepsis"
"GSM1602883",9.492097221,10.62789726,11.58382341,8.742854842,10.34023242,7.939867921,10.18497603,6.306746197,10.40557869,2.743674538,2.999713446,"Sepsis"
"GSM1602884",7.070357201,2.479240384,1.432747758,6.52797773,8.673974259,5.389076885,5.766447678,2.369803482,1.630099181,2.040835685,1.89352921,"healthy"
"GSM1602885",9.085855014,9.702126642,10.55153362,9.225965485,10.62971743,8.07613099,9.026688634,4.833996768,10.59469635,3.059507137,2.696135681,"Sepsis"
"GSM1602886",8.783730677,4.241945343,5.227192764,8.287534452,10.07024848,7.245998307,8.687831452,4.467394301,7.877263658,2.609054326,2.401277252,"Sepsis"
"GSM1602888",8.137653337,8.004597857,8.989172912,7.519948946,9.980391075,6.954244777,9.049590499,5.149821899,8.142315171,3.042923406,2.623038224,"Sepsis"
"GSM1602889",7.131784911,9.654698747,9.913766106,8.998226657,10.66906992,7.40445616,10.30361875,6.498275897,10.6010988,3.191058708,2.961950659,"Sepsis"
"GSM1602891",6.446468793,2.899838238,2.845747382,6.48263861,8.511709777,5.316899902,7.704217475,3.28826631,4.428983253,2.556621113,2.378801443,"healthy"
"GSM1602892",7.661975885,2.136915003,2.124201407,6.546019706,8.293180046,4.810049879,7.387875345,3.42557674,2.886337355,2.52386979,2.509484589,"healthy"
"GSM1602893",7.557134188,3.043466275,3.394925451,6.488363406,8.505363936,5.749321259,6.530317154,2.448230075,4.783689551,2.303637387,2.461317539,"healthy"
"GSM1602894",6.950875409,2.313715537,2.239573533,6.177642718,8.302371926,4.933353678,7.331345462,3.024586985,2.48356418,2.427633257,2.014477646,"healthy"
"GSM1602895",7.121129591,2.358213879,1.458320309,6.840456348,8.706332554,5.854422758,7.387532006,2.912021592,3.161611078,2.282835304,2.562681517,"healthy"
"GSM1602896",6.592402717,2.321379712,1.941665925,6.291738483,8.628520807,5.520350026,6.145236332,2.041928705,2.359241507,2.476789479,2.306466333,"healthy"
"GSM1602897",6.035087516,2.749236286,1.536965641,6.706555334,8.682804633,5.198720175,7.367506031,3.022941359,1.931501454,2.484668544,2.396393889,"healthy"
"GSM1602898",7.3885998,2.931527128,1.795625505,6.945664989,8.725430694,6.17658601,7.774372458,3.438212082,4.942900228,2.510395446,2.390425789,"healthy"
"GSM1602899",7.453195988,2.830260818,3.162104728,7.20504389,9.159825158,5.469863692,7.338730499,3.368578821,3.031429095,2.338697993,1.975620808,"healthy"
"GSM1602900",6.298891661,2.802004111,2.447891607,6.934464389,9.04679737,5.894014078,6.756209352,2.824914312,4.899274294,2.429119128,2.61274897,"healthy"
"GSM1602901",7.642930976,2.144511495,1.57854294,7.228375813,8.914483294,5.58719755,6.885487123,2.625141308,1.579956951,1.995225995,1.974376176,"healthy"
"GSM1602902",8.577397997,9.984378879,11.058638,8.998415422,10.53376353,7.883347532,9.418376279,5.180273777,10.84334299,2.732579702,2.885487372,"Sepsis"
"GSM1602903",8.591099167,8.255420711,9.420787732,7.282436446,8.869728524,5.747817509,9.675379488,5.297045752,8.911368165,2.686619735,2.592729959,"Sepsis"
"GSM1602906",8.805845257,6.684157183,5.971135051,7.712812255,9.579078489,6.641892002,7.065593203,3.147590231,10.01565242,2.117329811,2.644255277,"Sepsis"
"GSM1602907",8.729019599,2.978548514,3.026523119,8.220622062,9.873771489,6.723506815,10.32241225,6.27566094,6.100893282,2.793016241,3.465520759,"Sepsis"
"GSM1602908",8.847145433,8.478424296,9.543795812,7.781950228,9.339808512,6.542379799,6.577156851,2.298627419,9.85265916,2.290395661,2.309054102,"Sepsis"
"GSM1602909",6.73846672,2.782073911,2.048818825,6.03917088,8.171996782,5.482226024,5.321095823,2.436928656,2.715625233,1.70987855,2.392787157,"healthy"
"GSM1602910",6.807086038,2.732847034,1.7347102,6.47816167,8.304931995,5.456498778,6.636030021,2.403082012,3.151047308,1.904246488,2.413973484,"healthy"
"GSM1602911",7.547978539,2.244848418,2.242136002,7.185542246,9.133300565,5.552487785,7.386943717,2.649789358,3.830562754,2.403780534,2.536705085,"healthy"
"GSM1602912",9.364903282,9.201413709,9.25239707,7.893687975,9.70505444,6.720053171,8.908962542,4.692507243,9.180604636,2.6019624,2.395249207,"Sepsis"
"GSM1602913",7.770970992,2.642690687,1.696330891,5.870419976,7.914670052,4.623321651,7.648554655,3.002403612,2.166677991,2.501700397,2.3108884,"healthy"
"GSM1602914",6.630436526,2.749373396,1.767439542,7.143782047,8.952039941,5.915027922,5.40044319,2.384126594,2.318722692,1.757943484,2.252735687,"healthy"
"GSM1602915",7.016332359,2.511949711,1.836902469,6.669417439,8.743489067,4.91714905,6.21661277,2.557614778,2.362607522,2.523320136,2.26170065,"healthy"
"GSM1602916",6.820879372,2.401550199,1.846984917,6.637157284,8.643515309,5.206405627,7.439622739,3.125917168,2.939934015,2.355174447,2.144070983,"healthy"
"GSM1602917",5.867629546,3.113586359,3.628617196,7.69258782,9.464912841,6.313212755,8.28244251,3.932845748,4.481900815,2.473619208,2.465588411,"healthy"
"GSM1602920",6.89543543,2.138161434,2.015480325,6.906018266,8.660574765,5.732702038,6.14744446,2.505257622,3.445493349,1.970771803,1.991583557,"healthy"
"GSM1602921",8.018320261,5.934064846,6.700882146,7.955739649,9.464845121,6.908984252,10.35207671,6.650017083,7.261759847,3.095681945,3.21415568,"Sepsis"
"GSM1602922",8.808446318,7.498217388,9.644214878,8.771369519,10.2695311,7.271750803,8.678293422,5.705749374,10.33927798,3.454481507,3.27376594,"Sepsis"
"GSM1602923",9.554299588,9.935247123,10.64571712,7.567552193,9.540037838,6.83145158,8.74309077,2.837989706,10.03515226,2.32687661,2.267810502,"Sepsis"
"GSM1602924",8.964528731,8.517818621,9.260396051,8.87669891,10.31363462,7.33301356,9.91329643,5.60963445,9.753955565,3.878231788,3.385060736,"Sepsis"
"GSM1602925",9.520902436,9.134911683,9.441568616,8.839702147,10.36909604,7.533161301,10.97001555,6.765643139,9.194276909,3.703249932,4.318721468,"Sepsis"
"GSM1602927",9.813583304,7.232330324,8.844532437,8.57077944,10.31990283,7.531603663,11.50016589,7.426179852,9.718853078,3.538564773,3.840233146,"Sepsis"
"GSM1602928",9.814133345,9.341170791,10.68719653,8.810581183,10.1476032,7.436908548,10.43088248,6.80798527,9.082532897,2.989649912,3.41392773,"Sepsis"
"GSM1602929",9.082936734,9.443634865,10.70341334,8.480698866,9.934398243,7.292139266,8.946711962,4.806565147,9.920316674,3.218686189,2.593057358,"Sepsis"
"GSM1602930",9.453057373,4.99348406,6.897116336,8.029832758,9.517974216,6.682277114,9.798829989,5.745959857,8.184604781,3.055278641,2.922254962,"Sepsis"
"GSM1602931",8.690751407,5.745874994,8.062871254,6.829260235,8.718931861,5.590926894,9.595124086,5.291246475,7.313313929,3.611947708,3.335070384,"Sepsis"
"GSM1602932",7.38736285,9.599215703,10.84802155,8.755822461,10.27394501,7.472707309,10.92226847,7.387231979,9.948440576,3.257095933,3.153793248,"Sepsis"
"GSM1602933",8.040243855,7.763474807,8.585163256,8.123512978,9.909194333,7.037173969,8.489116524,3.667430927,9.753467154,2.628543762,2.468193483,"Sepsis"
"GSM1602934",7.784220418,9.791838371,10.74206307,8.566597169,10.11306645,7.032016461,9.746958586,5.682518258,9.679924877,3.149496542,3.173266904,"Sepsis"
"GSM1602935",8.046654349,3.301142496,3.804776875,6.956828289,8.781454153,5.762904934,8.781563833,4.232348968,7.728975792,2.515675058,2.819621036,"Sepsis"
"GSM1602936",8.956337215,8.659145052,10.16735105,9.257539125,10.70941056,7.531919075,9.649665489,5.742520587,9.919603122,2.770627455,3.249954105,"Sepsis"
"GSM1602937",9.285230693,6.804212587,8.081303959,7.625612522,9.459001952,6.723895884,9.977104657,6.147419942,6.683541472,3.619496226,3.289422155,"Sepsis"
"GSM1602940",8.386073938,7.5805021,9.571075508,8.543436103,10.23887889,7.506592394,9.574269511,5.474534194,9.785617975,2.746069139,3.040640958,"Sepsis"
"GSM1602942",10.66475024,8.269780773,9.834962248,8.374953707,9.899103743,7.124476683,9.489312308,4.874286893,10.13209633,3.134304787,3.015698869,"Sepsis"
"GSM1602943",8.370612733,2.663815866,4.371885407,8.213740963,9.809347967,7.199408348,9.198508153,4.581698117,6.830083926,2.588773884,2.926688382,"Sepsis"
"GSM1602944",6.771479499,4.397693396,5.153002721,7.439906779,9.216548064,6.394488514,7.327687235,2.999649437,7.165610604,2.259586099,2.593305591,"Sepsis"
"GSM1602945",8.296289288,5.584556612,6.92361521,7.374012325,9.194509806,6.184134554,10.33546673,6.606246063,7.676869807,2.986315423,3.390724012,"Sepsis"
"GSM1602946",10.24359852,8.316684393,9.892870557,8.760829007,10.28374325,7.545286109,7.804363136,3.277749622,9.416922832,2.427912599,2.34807415,"Sepsis"
"GSM1602947",8.450204525,8.045744664,9.699079596,8.575331504,10.08521538,7.45316235,7.931400887,3.179574809,9.769914016,2.50530406,2.581408542,"Sepsis"
"GSM1602948",7.117137084,2.640175352,1.773606625,5.552278516,7.839598165,4.798474421,5.592630218,2.28933828,2.080689703,2.211526129,2.370337175,"healthy"
"GSM1602950",8.867890141,4.536341888,7.445601693,7.795310856,9.72057215,6.986218984,8.510845476,4.599240415,8.904171982,2.834229355,2.485188766,"Sepsis"
"GSM1602952",8.916025413,3.079372512,5.262330435,7.833883701,9.378561862,6.456598444,9.583892225,5.124261064,7.8960006,2.763867279,2.856712095,"Sepsis"
"GSM1602953",4.019676666,5.301239271,8.053836993,7.533454617,9.0825868,5.895464063,7.012154232,3.063634062,8.077190439,2.367012683,2.754801506,"Sepsis"
"GSM1602954",6.909108398,3.204382074,1.75653211,6.346210901,8.350746672,5.433741389,9.987858361,5.99951832,3.279020292,2.580970155,3.478091223,"healthy"
"GSM1602956",6.950573394,2.75652866,1.783527037,6.285295045,8.350720852,5.148788667,9.414094108,4.626969235,2.161652978,2.452823623,2.621841719,"healthy"
"GSM1602957",6.60502233,2.876989048,1.674793361,6.161464326,8.213258329,5.103248493,6.744623621,2.447692972,4.765022824,2.288365454,1.995467262,"healthy"
"GSM1602958",7.774616745,6.548766754,8.851275075,7.519667534,9.468960629,6.536812692,8.07052539,3.474308894,10.2164622,2.38211449,2.737213496,"Sepsis"
"GSM1602960",6.776715649,2.817347684,2.691403622,6.791113373,8.833662623,5.43886385,6.568338766,2.869009246,3.63917484,2.334378401,1.900417336,"healthy"
"GSM1602961",7.180728845,2.977043263,2.840475356,7.181102906,9.303253118,5.591453765,7.848785941,3.164625077,2.402407197,2.442888927,2.587707718,"healthy"
"GSM1602962",7.382310994,2.320078597,2.145974371,6.65651964,8.915341942,5.305141026,6.169184203,2.677310082,2.434524334,2.217717011,1.79852014,"healthy"
"GSM1602963",7.345029871,2.424780428,2.017365791,6.239456726,8.561558311,5.29955583,6.713646139,2.966301126,2.180478871,2.396202884,2.043977962,"healthy"
"GSM1602964",7.974158253,2.738582349,1.977216731,6.936170007,9.001380816,5.481997839,7.312306779,2.700645066,2.903164911,2.197067878,2.493691565,"healthy"
"GSM1602966",8.035841561,2.659902986,2.188146217,6.891118507,9.086399504,6.010457091,7.237681886,2.944570029,5.8980937,2.540025916,2.396574863,"healthy"
"GSM1602968",7.812890442,7.316433993,9.351901477,7.623779284,9.372095688,6.158850085,8.075405996,4.093240386,8.469288023,2.605055139,2.499418159,"Sepsis"
"GSM1602969",7.541552444,2.435891047,1.89031978,7.117237155,8.987444809,5.566665843,6.774545422,2.463125163,2.378906857,2.086412668,2.20222664,"healthy"
"GSM1602973",6.432104061,2.965116307,2.055230386,4.409243299,6.431348919,4.331056623,7.095476196,2.814098325,3.446343494,2.291262739,2.527317794,"Sepsis"
"GSM1602974",7.09205627,7.559072829,8.765014476,7.191917534,8.906124371,5.987867225,9.041603495,4.780702043,8.219415143,2.667964604,2.803807334,"Sepsis"
"GSM1602975",8.748173157,9.224473377,10.5464805,8.27492955,9.909503019,7.153053518,9.768304588,5.327486342,8.519193292,3.064134366,2.92002907,"Sepsis"
"GSM1602976",8.158930786,8.96380906,9.750787964,8.760888626,10.21747809,7.508993146,9.939408072,6.161050802,9.33320721,3.048632466,3.109072661,"Sepsis"
"GSM1691861",8.744050284,9.338928834,10.36740226,8.968766269,10.51590647,7.644102952,9.144811284,5.44038289,10.01621696,3.010735866,2.915336985,"Sepsis"
"GSM1691863",9.230276666,8.873544084,9.911295447,9.488468424,11.00256439,8.47205411,9.390439511,4.66888765,9.389809908,2.830291686,2.561374199,"Sepsis"
"GSM1691864",9.198308833,6.254196298,7.926442305,8.127807762,9.739265662,6.752251675,9.546257636,4.695996343,8.090933978,2.574751072,2.391755833,"Sepsis"
"GSM1691865",8.717071922,9.487171822,10.24459024,9.33061872,10.92058621,8.128916328,10.44031999,6.287605228,9.779272894,3.102171288,3.035188368,"Sepsis"
"GSM1691866",7.539674321,8.774352832,9.883368409,8.746322697,10.17598469,7.285995579,9.973638892,6.460459763,8.349099852,2.803691914,3.453030357,"Sepsis"
"GSM1691867",7.862913558,3.175166956,3.539776935,8.322959044,9.912738786,6.456137531,6.382109232,2.434309446,9.629906638,2.308307585,2.310280272,"Sepsis"
"GSM1691868",6.620812001,5.307806216,6.398576224,8.034000793,9.495574187,6.623735897,7.281544286,2.182630141,5.720777663,2.424929698,2.515529052,"Sepsis"
"GSM1691874",6.803633775,5.454704645,7.444992153,7.83052225,9.312110181,6.61390418,9.380732015,5.599683427,9.285801173,2.909045354,3.385570783,"Sepsis"
"GSM1691882",7.601442482,9.225586612,10.85984857,9.191231822,10.78081417,8.493604967,10.36349674,6.757210691,9.616776256,2.921447803,3.591797922,"Sepsis"
"GSM1691893",8.088854995,7.476189365,8.692431104,6.319055309,8.637006563,5.438233878,6.135440857,1.983592456,7.068889785,2.328609525,2.103865092,"Sepsis"
"GSM1691895",9.14776354,9.416251834,9.923916419,8.322628367,9.92897996,7.317792298,9.831225298,5.122273215,7.195199194,2.882495866,2.686651764,"Sepsis"
"GSM1691896",7.749118379,8.859375523,9.053861184,8.555088285,9.988694436,7.204589446,9.489192342,5.808622787,7.701491578,2.543462609,2.263561567,"Sepsis"
"GSM1691900",10.28363638,6.302526808,7.572429168,8.047787748,9.746665877,7.176477155,9.828738842,4.81083392,8.228679068,2.242692094,2.57174942,"Sepsis"
"GSM1691911",9.683244059,9.214132007,10.35536822,8.213774214,9.854618506,6.840686986,10.02657111,6.470189915,8.597742683,2.75542412,2.556251326,"Sepsis"
"GSM1691915",9.63042705,8.510009807,10.12313464,8.680124629,10.27222325,8.003031747,8.882742487,3.90165889,8.141329762,2.481303624,2.542461357,"Sepsis"
"GSM1691922",7.718972877,6.167828149,8.072168797,8.313483845,9.890230746,6.863571418,10.25074037,5.978120819,8.017525493,3.579872351,3.556287238,"Sepsis"
"GSM1691923",8.657664403,4.334274124,6.353605717,7.793776011,9.572260505,6.28106308,8.707767733,4.882049245,9.285424496,2.582869067,2.507062412,"Sepsis"
"GSM1691928",7.172712133,7.58427574,7.25988353,7.875496017,9.635051418,7.096189619,9.164457014,4.228673715,7.623767805,2.908162214,2.564718304,"Sepsis"
"GSM1691935",7.95214864,9.587784805,10.95254555,8.969472396,10.39481512,7.272327142,9.797254755,6.938200861,8.951310593,2.913009542,3.783337884,"Sepsis"
"GSM1691944",8.095438703,3.603519712,2.91491011,7.628990183,9.247278223,6.454569948,10.38677908,6.137717963,4.357319496,2.949503163,3.74238458,"Sepsis"
"GSM1691965",10.26601102,8.289173326,9.862791659,8.71453544,10.18393844,7.251883024,9.033644899,5.503215324,8.856829156,2.575684259,2.745194696,"Sepsis"
"GSM1691977",9.968416849,9.221412025,10.77332661,7.725498914,9.460703361,6.657189452,10.08795619,6.694139794,8.379885202,2.796671837,3.841577656,"Sepsis"
"GSM1691981",8.988582047,7.769689434,8.878907055,8.437503627,9.862303452,7.054875732,8.556669901,3.66911396,9.757496488,2.523529743,2.879994898,"Sepsis"
"GSM1691984",7.326510737,5.350366574,5.623968999,6.342660855,7.763075754,4.581190405,6.57312799,2.718057495,8.365506919,2.504472847,2.52971797,"Sepsis"
"GSM1691987",6.485544079,10.38605177,10.89151301,8.68609069,10.31689123,7.62988599,9.58727098,5.399867778,10.07182751,2.589616447,2.518092832,"Sepsis"
"GSM1692005",8.700447904,7.450364279,8.903454289,8.425846232,9.959700771,6.919475884,7.601399524,2.909293683,5.021241202,1.844285685,2.330913237,"Sepsis"
"GSM1692007",9.418801201,9.956878853,11.11235701,8.528730255,10.07585265,7.203797984,8.876851936,4.512113816,9.990845446,2.544168832,2.395610874,"Sepsis"
"GSM1692009",9.964319811,9.019180616,9.266825037,8.365063128,10.13778578,7.403715663,10.00076857,5.517277868,8.735905307,2.930784472,3.020140421,"Sepsis"
"GSM1692019",8.587200137,9.070763805,10.00690603,8.892799681,10.26726286,7.481535758,10.07192889,5.556477235,7.749241328,3.212408191,2.955708614,"Sepsis"
"GSM1692029",6.048540488,7.029107061,7.615396405,7.827365882,9.574982496,6.824632101,8.188803063,3.056049194,10.38032469,2.384917625,2.286514157,"Sepsis"
"GSM1692035",8.774697819,7.196732634,8.593049607,8.679158814,10.20105519,7.594458848,8.948041516,4.574789614,8.100594105,2.465296248,2.723080597,"Sepsis"
"GSM1692040",9.485342787,7.568020479,9.090423015,8.394767694,10.25617401,7.487534745,10.31530283,6.108824677,8.900239212,3.130686855,3.074553713,"Sepsis"
"GSM1692045",8.739610406,9.117702394,10.70895568,8.840846155,10.30320482,7.692765676,9.234073363,5.104097823,10.05205118,3.353419308,3.041041337,"Sepsis"
"GSM1692061",7.763479798,8.179697584,8.023867507,8.546273767,10.04217977,7.339032773,9.371840102,5.483320728,8.772888677,2.727321539,2.79995871,"Sepsis"
"GSM1692063",9.505897762,5.042479179,7.136253301,6.908005105,8.571707026,5.888794828,10.19633451,6.332952102,7.217458519,3.01184504,2.916953529,"Sepsis"
"GSM1692089",7.120936995,3.443805257,3.189807847,7.361639524,9.158111956,5.945609693,7.911894843,3.269636859,5.113156872,1.74181351,2.511601088,"Sepsis"
"GSM1692096",7.470135828,4.073869354,5.14111291,7.914478333,9.673322445,6.710178679,7.34850747,3.099084627,9.927941643,2.450363717,2.424502897,"Sepsis"
"GSM1692101",9.465010701,3.561235,4.902281762,8.292629364,9.975053922,7.137711715,10.70134382,7.336120074,2.277041556,2.773495953,3.316526515,"Sepsis"
"GSM1692108",7.630583285,7.786924078,9.719248429,7.792160772,9.598367408,6.754629085,9.164185534,4.314199663,8.624746969,3.206307944,2.43724406,"Sepsis"
"GSM1692118",7.109006065,8.956763509,9.87644859,8.857742968,10.28024649,7.296658369,10.22482967,6.318184045,8.586485886,2.978379885,2.747718145,"Sepsis"
"GSM1692121",10.40686845,8.232550634,9.169679412,9.123451604,10.70614688,8.077612521,9.788457078,4.9715533,8.080668945,2.855359569,2.613256148,"Sepsis"
"GSM1692132",8.837875097,9.94834845,10.56014156,8.57904134,10.11356823,7.854369087,10.63565603,6.471751299,9.009570695,3.046626532,3.14462457,"Sepsis"
"GSM1692136",6.361473095,4.659681411,5.585137201,7.202179787,9.124632737,6.676467398,6.427254559,2.506389981,8.185191223,2.292627495,2.644031005,"Sepsis"
"GSM1692142",8.987630924,4.901693595,5.065580549,7.315753747,9.210482393,6.130459737,8.400640446,3.039562022,7.120454061,2.281603407,2.491708834,"Sepsis"
"GSM1692157",8.786885779,9.244389592,10.45369524,8.608585845,10.23349078,7.946982632,9.523636093,4.377084185,9.039649602,2.718922563,2.578388889,"Sepsis"
"GSM1692165",9.113747757,6.985997101,7.788451827,7.686141203,9.361609246,6.294272629,9.570486812,5.113738311,7.386878557,2.80245552,2.848444323,"Sepsis"
"GSM1692167",8.655417868,8.158083072,9.704095249,8.674335517,10.34541211,7.578171861,9.423129463,5.664755641,8.14525984,3.247925152,2.713109663,"Sepsis"
"GSM1692169",10.03796664,7.931492592,8.596331196,9.142771927,10.63112959,7.89061839,9.185723571,4.511904476,7.968760047,2.462002056,2.431379509,"Sepsis"
"GSM1692172",7.985227225,6.155483255,5.910637163,7.497603044,9.404158351,6.164319414,9.369480522,5.438296075,8.819565268,2.705549747,3.03070352,"Sepsis"
"GSM1692177",8.598905865,9.30247938,10.70468412,8.212311292,9.889999504,7.676350102,8.20520266,3.369841385,9.798050669,2.182744073,2.76757798,"Sepsis"
"GSM1692181",9.362757097,6.108423696,7.999429286,8.095759412,9.708034444,7.193529986,8.370620074,5.111168058,7.530423305,2.593276573,3.084450053,"Sepsis"
"GSM1692192",9.273362455,9.277784239,10.19219424,8.844785236,10.54033943,7.325040638,10.34448359,7.013234517,9.66881088,2.945812453,4.356908138,"Sepsis"
"GSM1692199",9.003160567,8.522947815,9.323648549,9.173060009,10.70364791,7.732740426,9.599229376,5.590836251,8.172332006,3.28603269,3.146002211,"Sepsis"
"GSM1692203",9.039709374,8.423039319,9.993982805,8.295433318,9.917957679,6.997058724,9.192874112,5.286232166,10.19439169,2.628613137,2.799467015,"Sepsis"
"GSM1692204",7.632916025,7.127306619,9.170319426,8.536671474,10.01717734,7.375446281,9.949497288,5.607211128,7.32633011,3.384539227,2.92170606,"Sepsis"
"GSM1692216",6.435618969,6.565235246,6.963408578,8.495807441,10.05199153,6.93747934,9.545321278,4.61765306,7.034168851,2.689953859,2.549273688,"Sepsis"
"GSM1692223",10.76922015,8.696320416,10.14656761,8.467095057,10.0355084,7.319514366,9.541960758,5.340799034,9.06413225,2.817161554,2.663081803,"Sepsis"
"GSM1692245",8.90514536,6.955820798,7.127132832,8.250165041,9.783760361,7.071518234,10.42853863,6.523095618,5.689278616,3.40590758,3.149651859,"Sepsis"
"GSM1692250",3.55685947,2.503716319,3.378753125,2.470830174,4.40655511,3.884009218,4.640679581,2.312754881,3.741147816,2.454386032,2.382835961,"Sepsis"
"GSM1692251",7.945797077,7.565486051,8.179873065,8.000976849,9.62332482,6.955227501,8.667214809,2.812310882,8.439669165,2.267082617,2.513719792,"Sepsis"
"GSM1692258",8.395654976,7.236430575,8.288964385,8.250725059,10.00194055,6.309996682,9.374465656,5.981461372,7.910074906,3.357004516,3.010015736,"Sepsis"
"GSM1692259",10.24032001,7.872801133,9.93708278,8.949265051,10.52210581,7.696172611,10.4988687,6.569960174,8.492570257,3.341744187,3.257337204,"Sepsis"
"GSM1692266",9.397506902,5.265009782,6.448815884,7.905611084,9.519097408,6.48830015,10.38441229,7.077011055,8.480081656,3.239110679,2.934799571,"Sepsis"
"GSM1692268",9.595428724,10.20258755,10.99732289,8.67290377,10.24239577,7.286052599,7.941785791,2.668322189,9.595543547,2.610483438,2.341445603,"Sepsis"
"GSM1692272",9.167814171,4.375831581,5.610237463,7.63611039,9.543307252,6.643014605,11.00213786,7.966653971,7.200894708,4.178069626,2.977078542,"Sepsis"
"GSM1692311",8.413265542,5.727529574,6.233662775,7.799150735,9.599329729,7.016344977,7.561574962,2.74648319,9.407037743,2.280879874,2.084764488,"Sepsis"
"GSM1692326",8.038338088,7.918717314,9.467007744,8.251331105,10.02917076,7.032649527,10.41657876,6.789892543,7.055082935,3.426003765,2.890987919,"Sepsis"
"GSM1692334",9.436545068,6.36284845,7.52636183,8.483483162,10.07731568,7.280067618,8.705847114,5.083783936,6.901256029,2.928947903,2.751761116,"Sepsis"
"GSM1692335",8.562990848,7.015276266,7.868277679,6.621728643,8.850281752,5.567328725,7.37802493,2.926494989,6.824993207,2.33722165,2.501610324,"Sepsis"
"GSM1692352",9.483174382,2.397437933,3.354757306,7.245939092,8.962659209,5.847754004,9.036998634,4.618017034,6.712220987,2.620405455,2.618758802,"Sepsis"
"GSM1692366",10.46005524,8.036392335,8.526590727,7.545272685,9.573377232,6.953876159,10.34157159,5.907526506,8.937871504,2.817222963,2.650250603,"Sepsis"
"GSM1692383",7.932090338,8.09251414,9.77918516,8.544792847,10.02905779,6.849707673,8.90109681,4.799533057,9.304700462,2.733398455,2.942083225,"Sepsis"
"GSM1692386",9.707966413,9.202873401,10.17572631,8.521019562,10.01730768,7.437633816,9.232712803,4.996506253,9.292808264,3.159234022,2.69360312,"Sepsis"
"GSM1692387",8.981615635,9.14180466,10.51310765,8.565071438,9.978053467,6.975112554,9.165700733,5.282976106,9.863269667,2.866054139,2.993495669,"Sepsis"
"GSM1692392",8.868705138,8.568210278,9.675425955,8.811948443,10.23546764,7.406910995,8.927304331,4.652889301,8.815224421,2.720129145,2.523864392,"Sepsis"
"GSM1692399",8.471486068,7.782842781,8.837483392,8.18948104,9.730852445,6.825824055,7.475910508,3.314791921,10.30943375,2.30343715,2.417807819,"Sepsis"
"GSM1692410",8.018878809,5.116578651,6.323435051,7.144279114,8.788468585,6.012384396,7.589398192,2.210465582,8.358029649,2.393223815,2.369603047,"Sepsis"
"GSM1692413",9.47727331,7.182292825,9.0392778,8.643050875,10.45026954,7.14592207,11.10783508,7.595603488,6.735169376,2.837179572,3.052077522,"Sepsis"
"GSM1692420",7.697341741,3.760853994,4.893433265,6.987984328,9.530696366,6.401894635,7.898161619,3.605274468,7.593368397,2.312124204,2.380376736,"Sepsis"
"GSM1692427",8.887004302,6.766556966,8.121538305,7.574681702,9.486344431,6.349668359,7.825026122,3.193883782,7.918242555,2.226378096,2.457599035,"Sepsis"
"GSM1692429",7.901379062,6.763710575,7.81476105,8.605240847,10.05154283,6.979649836,9.34923555,5.583240702,7.345772302,3.603838412,2.932704245,"Sepsis"
"GSM1692430",7.820884652,7.500509949,8.226952491,7.739443009,9.2585998,6.71819874,8.303958552,3.603803077,9.148122403,2.338865626,2.156814605,"Sepsis"
"GSM1692443",9.978902089,10.58894675,11.45548098,9.103691767,10.63220687,7.815978521,10.04422217,6.120791542,8.565299046,3.008463786,3.304971661,"Sepsis"
"GSM1692452",9.138945234,8.802736222,10.04044884,8.361354881,9.84377173,7.460472648,8.564693419,3.306884249,8.873225471,2.478832641,2.428262196,"Sepsis"
"GSM1692455",9.518735899,3.496356466,4.470101486,8.301760641,10.00196947,7.286665502,8.390390104,4.633478255,7.597705921,2.618472113,2.427634376,"Sepsis"
"GSM1692482",9.003111411,6.779264811,7.727107702,8.333564044,10.18889221,7.475432306,10.06676371,6.155333738,9.214416461,2.849547314,3.422125372,"Sepsis"
"GSM1692485",8.705809146,7.085129366,8.004948847,8.89628485,10.42130672,7.684393378,10.09929938,6.538931861,8.941856628,3.607361663,3.537264946,"Sepsis"
"GSM1692487",9.22374374,5.560279349,8.439827399,7.555699486,9.573175422,6.908359375,9.143824705,5.323304452,8.737393486,2.903952093,2.846818064,"Sepsis"
"GSM1692489",8.668807122,4.029988723,5.290220816,8.0625733,9.902363764,6.370523515,10.0543172,6.175194844,4.357555475,3.089744342,2.863355123,"Sepsis"
"GSM1692492",7.543688739,3.128167232,5.051510615,7.364070097,9.146819888,6.010996804,8.803360808,3.720504683,6.073035445,2.272050767,2.511459104,"Sepsis"
"GSM1692498",6.968044531,4.036380545,3.552845686,6.097159384,8.194095135,5.054912758,6.708251368,2.542334554,5.76303368,2.378401465,2.557093938,"Sepsis"
