"Sample","TLR4","CX3CR1","HMGB1","HMGB1.1","HIF1A","CD14","MAPK14","ICAM1","ICAM1.1","TNFSF10","TNFSF10.1","CXCL8","S100A8","S100A9","BCL2","BCL2.1","VCAM1","MMP9","CXCL10","TLR2","IL1B","IL6","IL1R2","CRP","ITGAM","S100A12","CX3CR1.1","PTX3","ARG1","CCR7","SOCS3","SOCS3.1","ELANE","CCR2","CCL25","BCL2.2","BCL2.3","NLRP3","P2RX7","TNF","MMP8","IL10","PDCD1","CCR2.1","IFNB1","IFNA1","HLA-DRA","MYD88","GATA3","GATA3.1","GATA3.2","C3AR1","CCL19","IFNG","MAPK14.1","CALCA","CALCA.1","PLAUR","HLA-DRA.1","MAPK14.2","IFNA2","IL1R2.1","CXCL8.1","MAPK14.3","LBP","PLAUR.1","LCN2","OLFM4","SOCS3.2","TNFSF10.2","S100A8.1","LBP.1","PLAUR.2","HMGB1.2","ICAM1.2","NLRP3.1","NLRP3.2","CCL2","FCGR1A","CALCA.2","CALCA.3","NOTCH1","TREM1","CD177","C5AR1","TLR4.1","NOTCH1.1","TLR4.2","HMGB1.3","HMGB1.4","SOCS3.3","P2RX7.1","ARG1.1","ARG1.2","ARG1.3","MMP8.1","TLR4.3","CRP.1","IL1B.1","Label"
"GSM712478",7.028317586,8.517839224,7.475924014,10.65428249,9.073875814,11.27715614,9.228566382,6.894873285,6.430494361,9.508852537,10.53550862,5.38204641,14.57218634,14.18840078,5.246070863,6.36445649,3.530091859,10.18386441,5.560857312,10.10416208,8.258180107,4.600832008,9.096980624,4.479628829,9.403098352,12.97397399,10.98260793,3.681909309,6.39353539,7.751162101,5.743288295,6.443627101,5.736376651,8.98233846,3.927078375,6.818844391,5.231672379,6.251624667,5.606853349,5.99319323,4.33702866,3.20841896,6.519046924,5.596822508,4.739329958,2.591402044,10.60323436,11.22839078,3.914342167,4.199531494,8.133886228,8.867145338,4.38485568,3.688048523,7.221336664,4.739999177,4.336169079,8.298676937,10.38720575,4.851988305,3.013039139,8.363994514,4.370770457,7.608351431,4.806858228,7.495850064,7.658112586,3.430043542,5.492851829,7.615743111,8.77977088,3.768233715,6.765539042,10.65410328,5.508697359,4.664704646,5.04138298,3.458362838,3.703706803,5.577731107,3.844335114,7.687060181,9.714569004,8.560210513,10.13772213,6.894873285,5.970007588,6.845916002,8.185981134,5.040500634,6.959394121,6.474880962,2.987267628,3.54812822,2.367126887,5.437706761,5.822666511,2.994702637,8.315541487,"SEPSIS"
"GSM712479",7.481466811,8.689497372,7.789523748,10.88748418,9.683862272,11.13465959,9.382829545,6.859574999,6.426915612,9.656974475,10.99263319,5.849441557,14.61797872,14.30590219,4.937480552,6.877371327,3.235864726,9.990131344,5.826629553,10.29371221,8.510495879,4.807770744,9.410430051,4.038228085,9.367451391,13.20317893,11.19596837,3.838779358,6.907811944,7.731166078,6.106293772,6.60560223,5.868960741,9.724022463,4.196045645,6.746381718,5.151122984,6.211776521,5.418534562,5.969965177,4.170192847,3.388109264,6.379167297,6.15916308,3.793441716,2.626732475,11.08843543,11.52778521,3.521325246,4.350305128,7.966594168,8.925367123,4.465390825,4.468404657,7.028610591,4.449324178,4.327427506,8.426174531,10.93116371,5.124379184,3.226603445,8.281656086,4.130230166,7.212320994,4.535539091,8.319506862,7.253002717,3.738871102,5.138776396,8.471693826,8.270897874,3.917328518,6.599981039,11.32839017,5.830245793,4.25566404,4.33902731,3.115715873,3.29089144,5.450634593,3.580438549,7.785138269,9.86020606,8.661968166,10.1680663,7.370262851,5.805602167,7.769451713,9.395396489,6.205153899,7.51812411,7.329324438,3.069619609,3.3683094,2.553933135,6.080535734,6.405750099,3.317529657,8.361627185,"SEPSIS"
"GSM712480",7.770269268,6.675192429,8.603080826,11.67771561,10.90001655,11.0977702,11.22562895,6.718494038,5.521613278,10.40293894,11.56011327,4.202517149,14.87156084,15.0456709,4.449626869,5.317843884,3.31607128,12.92389019,5.198420485,11.12122848,7.157139804,4.831096771,13.04722109,4.111953012,11.04120403,14.41325735,9.913224667,4.295826368,11.28989541,5.881497899,6.843257283,5.850261414,8.266917684,9.687319679,3.832579776,6.144363484,4.622277486,6.516801565,5.052237207,5.903999046,10.27601355,4.313689965,6.175409873,6.043450641,3.926053288,3.054471264,9.492698712,11.95499987,3.182462045,3.850463115,5.93938134,10.09159141,4.426688504,3.687034759,9.431061994,4.276286761,4.027631065,8.526023214,9.402217812,6.776960182,2.850986403,12.47645463,3.477902794,9.440435625,5.092872689,7.664646129,12.8821314,9.294597001,4.346519772,9.621166844,6.609381645,3.04017795,6.750298316,11.94677839,5.412585651,4.130906724,4.100904752,3.182462045,4.383237854,5.414132343,3.288446491,7.817720408,9.274932198,13.48702458,10.98432812,7.924459773,5.607327914,8.924905733,10.19134518,7.063646609,8.448372143,6.914885909,3.112809544,3.879491379,2.477138561,12.05709444,8.115701542,2.821470593,7.34887352,"SEPSIS"
"GSM712481",6.296323526,4.664048377,8.148266745,11.36744953,11.70273223,9.029827848,11.1088817,6.616935028,6.020953639,9.611102264,11.1767473,4.165948724,14.96349114,15.01536689,4.924283605,4.747839674,3.376805895,14.10174394,5.050615573,11.39758952,6.832822639,4.769848802,13.98435812,4.547660301,11.3478791,14.47703926,7.053266782,6.504626676,12.53793232,6.942050394,6.761359631,5.730159239,7.50165652,6.861751183,3.906961191,6.500095358,4.733012726,6.536319551,5.035723426,5.868465718,11.50460228,4.428269747,6.361340321,4.665022339,3.845066095,2.935385556,7.544953835,11.75655535,3.280285013,3.908106722,5.942908191,9.607069266,4.619530565,3.588374931,8.950160245,3.983114856,4.048743803,7.842601831,7.58691557,6.425436932,3.097130092,13.52582572,3.703335327,9.492475298,5.009081051,7.149545834,14.22645065,12.7544165,4.855312063,9.192191146,7.142047002,3.312846695,6.13067131,11.73715279,5.39773088,3.756590333,4.187288899,3.372769336,3.969903381,5.519151753,3.5634406,7.847662861,8.68927193,13.43798098,11.03859424,5.025640356,5.685379068,6.78194741,9.987446128,6.546149184,9.15836417,4.200800396,3.26815326,4.227600553,2.947408794,14.10132563,5.013256932,2.973376997,7.129098683,"SEPSIS"
"GSM712482",8.154438701,6.245105972,8.793691705,11.36435058,11.32822658,11.54428935,11.28456481,6.987777166,6.526172539,10.08645931,11.21485698,4.703069863,14.87849314,14.87369375,4.394437031,5.33378182,3.269364051,12.85639682,4.807415995,12.01685835,8.287966737,4.279324375,13.91331369,4.494177729,11.24445567,14.49633179,8.747305226,4.512683241,12.24750821,6.760337475,7.275766732,6.011078919,7.454884373,9.212346688,3.632706674,5.183695891,4.312665511,6.782931128,4.969057876,5.980761874,11.60191326,4.328441384,5.761527282,6.337762547,3.753681633,2.700831872,9.59289792,11.9545535,3.179985577,3.74880882,5.682913157,11.17174344,4.145179536,3.218687636,9.634668561,4.094053584,4.035109121,9.323991833,9.449055102,7.033056487,2.826920748,13.65416442,3.348622342,9.763378824,4.96640479,8.692393327,12.111762,6.849501304,4.269404629,9.564251181,6.661953273,2.93969101,7.098850611,11.72657354,5.587971236,4.460467268,4.169449494,2.654874556,4.554670611,5.127230006,3.401656708,7.819742794,9.693507531,12.75738797,11.43192852,8.549175659,5.192684098,9.300249459,10.06613833,7.098832192,9.144282213,6.250460747,3.522991869,3.994679514,2.627684069,13.41165947,8.393991288,2.957310745,8.513407052,"SEPSIS"
"GSM712483",8.575928205,5.786683384,8.0597636,10.9282757,10.77519384,11.10758104,11.48694297,8.067684735,7.453853466,10.42765662,11.84774556,4.782959918,14.78135527,14.83450348,4.680941176,4.113467173,3.360908667,11.6878684,5.903799285,11.8405672,9.162430359,4.902934796,13.17240638,4.386051098,10.71084646,14.1734125,8.405383778,3.69758622,10.74024744,5.413889444,7.874035802,7.028572074,5.605454644,7.742647404,3.826285747,6.399412009,4.813671904,5.779689703,5.00477905,6.652625217,10.3867643,3.981221221,6.348539977,6.205052768,3.958311083,2.902288298,9.480032945,12.18774575,2.900695228,3.950020932,5.807774443,8.627324727,4.453076422,3.327561569,10.05238782,4.500613823,4.140732856,9.62248976,9.324931741,7.993942905,2.961490253,12.75914396,3.803277713,10.30603825,4.930672374,9.028579252,10.96208717,8.025958359,4.844919265,10.11154241,7.314772411,3.03407317,7.072651312,11.41669668,6.390369562,4.084951287,3.800866097,3.525865883,4.475768832,5.487463108,3.260657621,7.925987778,8.886207763,11.42096248,10.96265007,8.933482584,5.925913682,9.210854715,9.693865904,6.446893547,9.758571741,5.617506377,3.098504222,3.795204078,2.800456702,11.50800037,8.429992843,3.11845447,9.101899276,"SEPSIS"
"GSM712484",6.567701323,5.452386513,8.449896876,11.29379235,10.84617916,9.425329455,10.38803091,6.694472184,5.176568368,8.597066217,9.99869547,3.921782937,14.8718833,14.80074715,4.64613181,4.690240022,3.464153303,13.31926041,5.156338658,10.31132696,6.978892372,4.752896811,13.72149444,4.756745659,10.31584639,14.26830125,6.380885947,6.069304441,11.858187,5.611024588,6.503135341,6.317635214,10.60061389,8.922734314,4.276516024,6.755308953,4.92888284,5.859204806,4.565242389,5.422905397,12.37831544,3.771648032,6.618270945,6.044676861,4.133050074,2.763448382,9.06236656,11.42068176,3.029109674,4.206104376,4.859981349,9.946565408,4.358655332,3.740121189,8.239606268,4.487848506,4.191273988,8.2633603,8.894632886,6.285946087,2.876613508,13.40516192,3.7574909,8.572555843,4.953954788,7.705673153,13.3930179,12.54919439,5.207925861,7.769063914,8.250907622,3.360165929,7.030640321,11.7629983,5.65918072,4.477328326,3.901065389,3.166368121,4.000222492,5.680232242,3.70898714,7.000155537,8.287818278,12.31783784,10.01138752,6.078810138,6.025427666,6.934347398,10.10234937,6.638116794,8.37768637,5.338025652,3.657031983,3.962506564,2.793573894,13.929186,5.296126357,3.331342761,6.829229558,"SEPSIS"
"GSM712485",7.945540801,8.120553666,7.394688817,11.11308609,11.15626033,9.99353516,10.6263144,6.548298193,5.221517565,9.819766024,11.10423855,5.512064235,14.75218854,14.75496818,4.910419594,6.605604548,3.36353339,12.28326557,5.258081457,10.99369877,7.960576975,4.705583726,12.33634666,4.537171065,10.54395574,14.21316791,10.16555055,3.379155124,8.95994454,7.079623569,5.449489003,6.208657771,5.512064235,9.343122861,3.970425665,6.576528593,4.808554825,6.004427413,5.003588374,5.758997221,4.395580238,3.325729239,5.986077604,5.206451339,4.127762116,3.048653564,7.713820707,11.83167769,4.098492846,3.764215375,7.184634988,9.641781342,4.054690705,3.974965598,7.981384261,4.627167752,4.326668178,9.276475545,7.987463375,5.560339609,2.848189582,10.86761366,3.8578934,8.798786999,4.567090703,7.77121853,7.830200698,4.597557683,4.706189349,9.56935492,8.507273762,3.117234222,6.943839649,11.70692391,5.599258998,3.489066072,4.343664704,3.006110394,3.814523351,5.512064235,3.500579429,8.131065272,9.62591575,11.80383184,10.99228926,5.95844992,5.657306643,8.343581025,10.16733725,6.951071977,7.120232278,7.377967521,3.117718124,3.833512697,2.589665741,7.359085528,7.320094084,3.284136595,8.343987347,"SEPSIS"
"GSM712486",8.431829358,6.36834014,9.224639921,12.06328974,11.90935518,9.062920201,12.09673386,5.916824959,5.797986436,10.33547318,11.83353927,5.571461606,14.9047125,15.16443478,4.373676638,6.194621782,3.374641959,11.76933088,5.264133383,10.98315944,6.337129734,4.566412155,13.83410961,4.298230351,11.61595312,14.57568012,8.849705473,6.073031436,13.55798658,6.802452457,6.524712798,5.494475619,6.692984781,9.164707159,3.543963885,5.933644907,4.483680926,5.385521254,4.956748882,6.064065994,13.70908802,4.209824559,5.771358603,5.540708565,3.63457394,2.759238116,9.898447114,11.58574333,4.041348119,3.694402847,6.513270702,10.47154189,4.024005287,4.162497928,8.832132645,4.088451484,3.86530996,7.177340692,9.494720731,6.569218056,2.919611862,13.70395702,3.533826058,9.091676547,4.574027946,6.492708699,12.20535706,9.455624013,4.224309085,9.506538385,6.085438596,2.815345375,5.803270296,12.30067392,5.409681212,3.598845596,3.940749417,2.929429679,4.797704462,5.258631994,3.37126897,7.715140226,7.052579085,11.88154477,10.79519208,8.23745247,4.70232528,9.390186162,10.76556488,7.174849648,7.891565673,6.648911635,5.16322602,6.125085309,2.91151153,13.59375416,8.396283313,3.047389316,7.648265521,"SEPSIS"
"GSM712487",7.00961169,7.748072227,8.022624127,11.58776823,11.37515965,10.75190631,10.34875836,6.827071641,5.654694137,9.724397418,11.4129114,6.434095541,14.75506996,14.63960655,4.856651469,6.904862606,3.463138511,12.53645062,4.788056567,10.30680199,7.249116954,4.458063871,11.70956223,4.301928862,10.89677353,13.88555058,10.20355046,6.956277834,11.05217545,6.849994699,5.369134399,5.680543776,9.612040155,10.03091452,3.826285747,6.132490446,4.599282152,6.950368311,5.515093414,6.104316448,8.542430793,3.122062681,6.21292457,5.984457888,3.679272777,2.634097851,9.88841753,11.99677699,4.223085445,4.271342995,7.983572856,9.345291674,3.869865122,3.461960732,8.181023474,4.023701993,4.177135026,8.741651281,9.79029281,5.880163645,2.471753216,10.6087719,3.803277713,8.58680982,4.596666792,7.620834521,12.08968865,5.858511435,4.880638134,9.277372719,7.343158883,3.005946007,6.902841429,12.0951443,5.589247199,3.943578129,4.940723006,3.195276906,3.262973238,5.469231977,3.46416898,7.822177199,9.540774826,7.914230191,10.83356017,6.375891109,5.459807323,8.029537749,10.34234744,7.038907065,7.189624221,7.799824582,3.050269194,3.347107456,2.619604557,11.75072235,6.933057328,2.921783152,7.428036245,"SEPSIS"
"GSM712488",7.005070117,8.833484697,7.732124747,11.02406317,9.497494892,9.819153785,8.665676654,6.936278023,5.753165755,9.25897957,10.76153881,5.728343318,13.17944334,13.23919736,5.019773035,7.487582772,3.387603795,9.433336545,5.196384814,9.894841393,7.839126782,4.523768688,8.863804163,4.090484457,8.925367622,10.71076745,11.28680047,3.386206861,5.430457482,9.640862599,5.229217394,5.796927248,5.316273831,8.80326272,3.808080407,6.075703137,4.679917186,5.715643444,5.08660576,6.450281888,3.757126483,3.088080074,6.175409873,5.757483911,4.220575177,2.726048589,11.21659662,11.45130144,5.612462397,4.551243934,9.246469406,7.566999834,4.335369658,3.704470994,6.38323469,4.097651265,4.258739328,8.731621256,10.93405512,4.303736177,3.061282624,7.679598621,3.596687091,6.736746394,4.571569011,8.098341067,7.534232076,3.246092242,4.877867647,8.283143334,6.73994578,3.377535347,6.486609505,11.4859543,5.494127766,3.501370529,3.5996313,3.155915568,2.869166403,5.399271846,3.419088333,7.73558258,8.961868745,5.343056063,10.17561301,6.708811206,5.425372737,7.360032605,9.540146775,6.266425743,6.161146645,6.598883863,2.965530932,3.241057518,2.697647073,3.887575382,5.660628912,2.868926479,7.910104515,"HEALTHY"
"GSM712489",7.332600604,8.261516485,7.880252602,11.28179277,10.39344687,10.7098814,9.220882087,6.848683257,5.955893478,9.685010088,11.15902768,6.675775371,13.49012903,13.74613338,4.955428956,7.561757526,3.00959558,10.7346828,5.065482981,10.62824791,8.252933988,4.536606557,9.722373406,4.300909271,9.011945846,10.94012549,10.89698264,3.987958518,6.855306048,8.87883892,5.236936326,5.815629924,4.621812467,8.888864924,3.619174305,6.186536872,4.404511507,6.662076151,4.944978963,6.065109768,3.724853672,3.100175937,6.190575898,5.459807323,3.64320571,2.435389419,11.0695323,11.86237055,5.399842557,4.420671792,8.912364686,8.353865285,4.169743749,3.653438744,6.527648107,4.328949762,4.215734451,9.256687515,10.81830815,4.017060008,2.825902357,8.413201779,3.882377792,7.015903459,4.931388813,8.176165579,7.325968497,2.876335781,4.652025149,8.811979951,7.515527071,3.110246933,7.156920592,11.61418427,5.575459973,3.783962391,4.648063183,3.004475564,3.074386148,5.415406406,3.081919276,8.260289451,10.06950333,5.883141894,10.96607985,6.27872814,5.547099568,7.839884019,9.652503449,6.613340444,6.207092565,6.938938996,2.803477207,3.539094503,2.491172925,3.960594258,6.685539486,2.792237574,8.454927344,"HEALTHY"
"GSM712490",7.278365605,7.88429237,7.850677349,11.00777062,9.658276086,10.10127295,9.163344396,7.028361011,6.096952795,9.537524887,10.85671906,6.338532315,13.22633241,13.47970515,5.015594233,7.593295052,3.213931288,10.06093273,5.112955384,10.67401467,8.161934568,4.368112715,9.317414467,4.06011657,9.109219143,10.58210493,11.07601782,3.589600808,6.016367201,9.833945123,5.30726074,6.025745122,5.564577562,8.600375945,3.715997029,6.209661116,4.535534904,5.949137827,5.761544151,5.951691868,3.849086291,2.89125946,6.100459266,6.303187973,3.886029095,2.36989105,11.78317603,11.54034293,5.667920605,3.971824222,9.305119406,7.758385196,4.362245474,3.74537276,7.054123777,4.599615297,4.307850098,9.108333986,11.4956153,5.102136838,2.699053049,8.288127565,3.941468096,7.320948277,4.250428365,8.405571202,8.043889925,3.084885689,4.706038397,8.38540461,7.785713666,3.260590632,6.845954716,11.40995385,5.749429669,4.067245087,4.429585107,3.182462045,3.108649159,5.081315024,3.224420871,7.996257096,10.30318446,5.289034306,10.46390038,7.552100078,5.575917955,7.741525018,9.212684823,6.454703439,5.8605722,6.027301637,2.714900629,3.305775636,2.430575527,5.155465603,6.518891666,2.859247086,8.317027582,"HEALTHY"
"GSM712491",7.070639889,7.872421618,8.296128943,11.38188829,10.13654724,10.05864803,9.116126744,7.015850553,5.952480754,9.318274245,10.81317205,7.319135854,13.73184959,13.48976442,5.133171504,7.456791671,2.914343248,8.924525199,5.090984347,10.51937918,8.328075828,4.575839532,9.007147299,4.171666876,9.01744867,10.41783162,11.15747925,3.517548094,6.376186223,9.336495647,5.17725688,5.794577699,4.476888908,8.91152983,3.775609962,6.100469003,4.395769949,5.873257918,5.215953998,6.139518742,3.591719495,2.832127098,6.071368633,6.676374058,3.666863299,2.489867179,12.03512003,11.55762862,5.812649138,4.695831792,9.197041891,7.708026449,4.39727505,3.537696357,7.19355709,4.032593194,4.050026001,9.013447113,11.62754836,5.375682113,2.829298044,8.217958948,3.827364164,7.292910282,4.477700444,8.251960588,5.873800379,2.92341821,4.755404565,8.522096544,7.721749058,3.200671039,6.43526905,11.73370244,5.375653861,4.250237321,3.433272197,3.042198485,3.085300999,5.180988618,3.406330048,7.875937837,10.10286459,5.315964776,10.75431498,7.174845636,5.599866366,7.481294958,10.05370171,6.820237432,5.680807166,6.732750578,2.883500945,3.015587171,2.595570013,3.639454874,6.3477508,2.981005808,8.379638499,"HEALTHY"
"GSM712492",6.819944384,7.889496667,7.775646599,11.06929021,9.898647342,9.965151976,9.267866737,6.935777689,5.949487355,9.873640199,11.2712664,5.218636847,13.49598796,13.5704193,4.872351104,7.020844561,3.187597551,9.67607499,5.033122704,10.53310252,8.290509858,4.191380559,9.243186412,4.059053932,9.022019928,10.98721487,10.77061641,3.115141796,6.049433255,8.930509529,5.424836053,5.801254397,4.400069633,8.35467273,3.688324722,6.134055679,4.401183241,5.795685043,5.62411376,5.786529862,3.501462632,2.768778732,6.158670472,5.614478674,3.910652452,2.542827023,11.52939699,11.56906952,4.755834854,4.552590732,8.886980854,8.054321359,4.350902235,3.929517327,6.922184162,4.552590732,4.158563251,9.183750796,11.27813062,5.005217015,2.863648077,8.284554273,3.919011584,7.299277576,4.602185887,8.495807477,6.841575988,3.246092242,5.051656428,8.851757767,8.088618328,3.134473678,6.803953977,11.32012206,5.355308261,3.960682234,4.068328313,3.30107606,3.125473714,5.463775999,3.368393412,8.275781194,10.23465317,6.321151791,10.79852243,7.099757595,5.918078635,7.651060552,9.226044597,6.105363297,6.44951828,6.632738059,2.875004774,3.383614559,2.674562627,4.300400706,6.446889512,3.028382543,8.362238119,"HEALTHY"
"GSM712493",7.314982751,7.745056641,8.346224539,11.39125849,9.956230489,10.21801559,9.205759551,6.714793985,5.292393914,9.178055687,10.80554599,6.837143942,13.59754545,13.44358539,4.848501663,7.448106274,3.237885269,8.26977529,5.13793949,10.64488258,7.89428796,4.44750352,9.100141768,4.298230351,8.816431441,10.56030003,10.86342626,3.742176769,4.722153786,9.716462084,5.498301629,5.702929765,5.224974107,9.002527412,3.826285747,6.204651309,4.702994466,5.748798732,4.892356425,5.806119184,3.751537197,2.509459802,6.088902852,6.605061456,3.944080864,2.635300119,11.67291425,11.29937072,5.084092704,4.448474434,8.849476479,8.175391827,4.129508045,3.703958827,6.98080385,4.358342319,4.20974171,8.524535769,11.37709218,5.324829625,2.968775132,7.90560334,3.818275,7.035033988,4.448577048,7.822928246,6.617343303,2.769183703,4.72269506,8.558807103,7.750467737,3.148939734,6.459408355,11.88971806,5.793758861,3.731068832,3.621034002,3.12716211,2.738054783,5.394146973,3.354308532,7.981349773,9.559436597,5.537003665,10.17685663,7.338152126,5.668562989,7.829622725,10.27663027,7.087334529,5.828938534,6.578945885,2.921263966,3.249622166,2.441600744,3.891615403,6.451837742,3.009285358,7.94428346,"HEALTHY"
"GSM712494",7.228653608,8.024617969,7.53716347,10.97222924,10.87771199,10.83088757,9.087690184,7.111459482,5.986462901,8.639536293,10.3633119,6.052272765,12.67990724,12.94046892,4.960834361,7.796196048,3.137103709,8.212823223,4.979044251,10.52605927,8.071194294,4.699579994,8.935408702,4.026686922,9.38505778,10.00973263,11.58104446,3.67383403,5.977126269,10.10733281,5.125549425,5.740215725,4.56467903,9.258278426,3.370190392,5.845807943,4.284587204,7.103443486,4.626934928,6.066648942,3.526413666,2.808728107,5.782096586,6.941709762,3.681941707,2.428011575,11.9934751,11.53695836,6.187162733,5.174962609,9.493083543,8.095019027,3.892824978,3.44241217,7.303316865,4.30325298,4.095754692,8.926631176,11.67760723,5.258333601,3.027331345,8.099711259,3.562937749,7.522762075,4.562958924,8.075344501,6.743600391,2.510753693,4.301828823,8.001074068,6.459821671,3.122479274,6.315677161,11.59396018,5.529728538,4.722958347,4.005126876,3.182462045,2.862688915,4.939905409,3.395667691,8.247156478,9.744897875,5.302391407,10.65529996,7.65437801,5.418995419,8.169904841,9.800867859,6.888878401,6.206617978,6.813687972,2.897310092,3.202969476,2.430900713,3.452762506,6.807943707,2.748079666,8.283190993,"HEALTHY"
"GSM712495",7.354047083,7.905688771,7.888511277,10.83246895,9.81985298,10.30617737,9.415489013,6.885975399,6.117237806,10.05472346,11.24586978,6.07533996,13.73779648,13.52886281,5.109122404,7.180547329,3.123440894,10.09133283,5.219402029,10.81998798,8.681090651,4.534491382,9.578361399,4.076823892,9.004380763,11.29480555,10.68506473,3.085106128,7.882764984,9.191703953,5.626766256,6.268140871,5.096251155,8.856512623,3.857946849,6.550202023,4.703519637,5.961116457,4.885628967,5.527416133,4.115128096,2.584100433,6.183173452,6.50295618,4.07586661,2.727830241,11.83790852,11.50556726,3.895954201,4.084060384,8.370755982,8.3489422,4.481361096,3.734125634,7.643185316,4.389024309,4.192572011,9.19199354,11.57506614,5.512675641,3.016380819,8.418941572,3.607820898,7.916134783,4.695725331,8.411065288,7.680382455,5.610483153,4.855312063,8.490269506,7.989680095,3.208469501,6.798007174,11.32089293,5.715200741,4.121236793,3.596510777,3.092287703,3.063192859,5.713112342,3.718379181,8.113683003,10.3789749,6.476067292,10.67918849,7.923869541,5.633467407,7.7489188,8.982004554,5.888914112,6.816357766,5.751439285,2.990065951,3.448787699,2.496478658,5.084358949,6.405649854,3.004463915,8.652420464,"HEALTHY"
"GSM712496",7.363230835,8.105274946,7.897606856,10.87063731,9.685862791,10.17158686,9.175239918,6.955554969,6.009026429,9.79848373,10.88586565,6.539865833,13.07934006,13.24691665,4.986222175,6.760127959,3.164678303,9.801612272,5.19813708,10.64019509,8.444132555,4.420685682,9.560652052,4.61048304,8.850401851,10.02852704,10.99924061,2.976896533,6.298221904,9.40999022,5.506141843,6.28002832,4.761722533,8.666698721,4.15035332,6.399190856,5.048821928,6.992396714,5.131377164,6.054114024,3.700083044,2.961599276,6.360991917,6.364719016,3.988365147,2.791764085,11.62546344,11.59005537,4.408466667,4.196027066,8.935462354,7.674445794,4.186557554,3.799923347,7.533404144,4.448313953,4.262913478,9.22025769,11.32169115,5.48571526,3.336104185,8.482929041,4.115992639,7.66462699,4.498842544,8.409715231,6.66903639,3.010191076,4.990462228,8.087825612,7.068270646,3.071511743,6.842012186,11.38987607,5.58802603,4.521699346,3.732825698,3.118681831,2.895586752,5.517793177,3.347066803,8.290537582,9.769434955,5.643568243,10.70631045,7.718305991,5.943328647,7.772652925,8.846734364,5.83181907,5.866033299,6.05131859,2.867499402,3.709995657,2.402729173,3.975687165,6.077993491,3.063936767,8.345009292,"HEALTHY"
"GSM712497",6.758195056,7.826422576,7.981953167,11.27445478,9.624469516,10.24290154,9.001318095,6.683621882,5.530123287,9.790655035,10.79029333,6.076778398,13.61416335,13.62965721,4.73636325,7.109644192,3.269364051,9.973402036,5.212423867,10.60595945,7.586578609,4.83223885,9.479887112,4.362955847,9.265690059,10.91871729,10.5697475,3.55957359,5.64162744,9.730035867,4.990743945,5.777131658,4.878052989,9.013868583,3.943989224,6.281430945,4.896487593,5.839679943,5.569900688,5.541018653,3.440782405,3.046429383,6.292615016,5.468294492,3.911656224,2.661391191,11.76062592,11.42681477,3.959340007,4.258812593,8.508866119,8.198213259,4.466174719,3.598096236,6.999101279,4.434683719,4.463757426,8.546065125,11.30884941,4.881172047,3.047667776,8.763265013,4.08578756,7.361802639,4.651037829,7.800467324,6.274929977,3.277580749,4.92411792,7.700197751,8.156082244,3.200671039,6.562608849,11.62601073,5.691766729,3.937343021,3.96250123,3.516074067,3.187378059,5.339538118,3.60562671,8.028033858,10.18560197,5.320157369,10.22133869,6.356752248,5.548223949,6.852924654,9.067193242,5.773267801,5.792515016,6.051563789,2.90757389,3.893384096,2.637844336,4.459644734,5.4421842,2.914828546,7.948101323,"HEALTHY"
"GSM712498",6.601568143,7.843898637,6.496895448,10.87001107,10.5603325,9.969147393,8.976737967,6.846159309,5.699716042,8.142210133,9.665201627,7.205886537,13.60777652,13.30875739,5.459286071,7.931280158,3.391811466,10.02849505,5.01685588,9.6194232,7.598880052,4.779472353,9.087050637,4.468117442,8.582779092,10.76438467,10.72761979,3.598600576,5.520327199,9.117908647,5.659271732,6.188494957,4.789493419,8.267605141,4.155732506,6.433857413,4.722548363,6.183306552,4.747070021,6.058508033,3.561009589,3.161691626,6.268959668,5.073551143,4.227663899,2.46383441,9.788751045,11.39228724,4.797371361,4.782336435,9.352834072,7.84987123,4.55248365,3.298507759,5.658535081,4.736608837,4.499854203,8.607144127,9.879549101,3.849434423,3.057647202,7.453718904,3.491276399,6.528650296,5.048293005,7.035069607,7.392713344,3.486448348,4.841746223,7.752895946,7.967358113,3.311179084,6.507516956,11.44930528,5.956783556,3.434368733,4.530027873,3.658326805,3.18084575,5.600998735,3.490068302,8.17113561,9.900579233,5.526703637,10.29985595,5.055867506,5.871967584,7.260013616,9.735130315,6.649405746,5.064990319,6.783452372,3.043882723,3.081650176,2.593700712,4.483933391,5.684370402,2.857351427,7.792556556,"HEALTHY"
"GSM712499",7.203777368,8.036536582,8.214557584,11.57829663,10.85480225,10.33971577,9.647966016,6.746452967,6.139896706,9.745762844,11.35416414,8.224937539,14.14356827,13.89015237,4.737399498,7.65709351,2.99353657,9.563717274,5.104959159,11.05181489,8.358274827,4.467007602,9.625806286,3.832371553,9.445789714,11.07490622,11.16582324,3.60611154,5.81628601,9.665127366,5.167586026,5.682179405,4.828322469,8.864131153,3.280487456,5.689558087,4.034951905,6.322186821,5.065876161,5.907903359,3.561009589,3.088080074,5.765421834,5.708725647,3.633736752,2.320417447,11.99848007,11.75850316,5.847081822,4.2480397,8.960884047,8.563004415,4.011721286,3.898653266,7.256188344,4.112531973,4.083904083,8.935946549,11.53283763,5.555880618,2.791965978,8.616192086,4.748820671,7.401169952,4.427826687,8.368771789,6.917746478,3.032021161,4.031310821,8.835063513,7.504152911,2.877277142,6.549268665,12.05840116,5.326469933,3.604856105,3.64544716,3.02296955,3.055848391,4.886079534,3.18113372,8.664973676,9.901820016,5.574533112,10.91666611,7.407814005,5.312271897,8.104055196,10.45208544,7.216898296,6.256224633,7.121711543,2.713341803,3.356098873,2.205007798,4.532978152,6.892678047,2.658400446,8.280339544,"HEALTHY"
"GSM712500",7.276215983,8.715538999,7.737182221,10.93994157,10.63407763,10.65997823,9.372825263,6.938304799,6.110203361,8.828469434,10.02869302,6.209025337,12.70334468,12.99773218,4.675461143,7.505992836,3.169830206,9.448044777,4.877558491,10.36603631,8.089313985,4.532491086,8.870499976,3.945695167,9.621107689,9.384867273,12.28144401,3.546012622,4.771665216,9.198364699,5.381343082,5.772481211,4.822805857,9.340659296,3.786685741,6.110203361,4.355382534,6.524330378,5.35992504,6.387259334,3.371302173,2.723984204,5.960441862,7.123425957,3.970475337,2.848205636,11.86924764,11.41589874,6.651992473,5.049939674,9.718310989,8.643171352,4.038471714,3.67801186,7.309917251,4.13833849,4.199655021,8.747558815,11.5400363,5.306331108,2.941641103,8.016676755,3.819618323,7.434966919,4.25376567,8.137348723,6.302785963,2.664716293,4.549678795,8.201150996,6.994543236,2.919791722,6.358065134,11.44891938,5.478364093,4.556004945,3.577720794,2.954150224,3.322845119,4.867375977,3.140880954,8.111350442,10.09125653,5.195519538,10.39908072,7.476982976,5.465186141,7.748921418,9.688579341,6.514484978,6.048854866,6.892203753,2.748368815,3.62071179,2.476973551,4.162410321,6.420257157,2.76816502,7.964870723,"HEALTHY"
"GSM712501",6.930858263,8.367335045,8.229778733,11.32706908,10.15165664,10.54600216,9.053276122,6.80926459,5.763345511,9.377195907,10.83808806,6.525610332,13.57686404,13.34005422,5.101662663,7.263698863,3.499348115,8.409782092,5.195519538,10.52130254,8.180857559,4.546129105,9.434467966,4.23314302,9.061078072,9.9525171,11.12573086,3.53506053,5.074676413,8.493076911,5.437798851,5.826670481,4.849706488,9.230800251,3.6634191,6.249084419,4.732079163,7.022229887,5.071361798,6.105784663,3.596941952,2.645757543,6.201041762,6.367314145,3.887940261,2.787609254,12.14437991,11.56352156,5.251587374,4.597951765,9.22978455,8.017865536,4.144187648,3.694641506,7.096941419,4.421163042,3.895618798,8.390398394,11.85879331,4.837517876,2.872869028,8.440181187,3.748701535,7.257647912,4.610072929,7.650792354,6.761645103,2.673430451,4.55911,8.244221188,7.041496779,2.787533868,6.422120888,11.7563849,5.637710458,4.501012241,4.506738452,3.482356711,2.988650993,5.168622573,3.489547555,7.778158694,10.51698872,4.984364762,10.33859692,7.175909912,5.842176665,7.513811884,9.628160651,6.3727093,6.236875915,6.314801631,2.982456948,3.538301915,2.551167049,4.007648214,6.02359031,2.894725841,8.082873545,"HEALTHY"
"GSM712502",7.22269482,8.791769394,8.069654463,11.25699746,9.965174979,10.38628806,9.206191639,6.971213242,5.961847662,9.632429618,11.09248944,6.236861179,13.76832956,13.38786034,4.904868716,6.838155371,3.194135218,10.03755236,5.333765581,10.55151268,8.086607209,4.871757161,9.186980166,4.332823884,9.151616045,11.00426987,11.5090628,3.208138651,5.870686037,8.964070823,5.219396992,6.028815816,4.934578465,8.965585093,3.619885381,6.383401913,4.835284113,6.007109005,5.458983241,5.915550058,4.104946751,2.811185905,6.16976917,6.213782124,4.059362074,2.613492633,11.82685896,11.40274496,5.528115771,4.586922651,9.156788392,8.064121867,4.319875866,3.603852765,7.218231834,4.196560131,4.389281897,8.863171365,11.42020855,5.067986636,2.961490253,8.292099234,3.629331527,7.471737922,4.539970614,8.058610546,6.829500569,3.066721457,4.643628309,8.361323984,8.660914399,3.486214707,6.866946279,11.59969897,5.810783822,4.064559698,3.903502311,3.26130039,2.977990534,5.02343599,3.553668971,8.136149277,9.322762888,5.284594077,10.03413357,7.085500353,5.650471691,7.424175067,9.444446575,6.597762738,5.723429747,6.751329049,2.928831728,3.282495266,2.386621479,4.124910352,5.873528211,2.846063105,8.062591951,"HEALTHY"
"GSM712503",7.131159748,7.166625516,8.364170757,11.53636073,10.37985017,9.993536036,8.805189893,6.918268496,5.730471272,9.187425694,10.72773708,7.150351494,13.8572536,13.21530642,4.924283605,7.367530892,3.296407938,9.276973441,4.998674113,9.655241979,7.682540013,4.382665153,9.079852258,4.374566269,9.066356436,10.35862501,10.91420017,3.208768319,6.366483427,9.063395742,5.142849526,6.146841235,5.06320192,8.935915497,3.725111668,6.617196435,4.842544912,6.082967406,5.247597631,5.788632161,3.838117702,2.749622421,6.444405353,6.363708988,3.964844491,2.665112125,11.13621044,11.13630764,5.98031889,4.874354779,8.871394141,7.420714112,4.112934089,4.529804904,6.702393863,4.381006997,4.313639284,8.810664716,10.79057077,4.792864369,2.915280569,7.911382892,4.016387627,6.974045261,4.506354895,8.015981362,7.113154595,3.268758487,5.25850118,8.690878532,8.689105885,3.15180162,6.505230368,12.08216346,5.702579289,3.860314478,3.587992505,3.454499994,3.45420268,5.547299533,3.435018766,7.769309649,10.12190493,5.719123327,10.30042915,7.11647218,5.885394057,7.834226876,10.47567278,7.433176954,6.034989446,6.48504721,3.098595891,3.323631563,2.770653368,4.486923953,6.284574884,2.992057787,7.583532323,"HEALTHY"
"GSM712504",6.921531347,7.960086997,7.937320159,11.02167894,9.53228356,9.173815358,8.426822494,6.659516401,5.348574372,8.863057432,10.32198323,5.594176231,13.90276158,13.37453033,4.904522092,6.680529291,3.269364051,8.822019351,5.467430614,9.490087278,6.896440162,5.034770481,8.71749411,4.282898728,8.359587023,11.62914132,10.86999793,2.821333839,5.234908532,8.227197712,5.50742593,6.358065134,4.807119873,7.637340596,4.140666522,7.087933934,5.295500298,4.393649865,4.782362223,5.508415778,3.607670797,3.243738575,6.325091968,5.178933325,4.586309231,2.706920495,11.20713079,10.815727,4.055471452,4.17651886,8.20152171,7.195634093,4.407061249,4.436806822,5.720811233,4.405916954,4.630430906,7.841634544,10.90548218,4.811424508,2.997886078,7.59338884,3.831037657,5.917343456,4.491045325,7.196551241,6.883865772,4.350663224,5.583922575,7.250193315,8.756286818,3.202897495,6.436110005,11.4209819,5.808883608,3.610452754,3.395667691,3.210747343,3.009682827,5.974971453,3.638257223,7.757979042,9.009355956,5.671857399,9.460574952,5.569673252,5.900004097,6.124217662,9.449222249,6.001269889,5.231144857,6.2113285,2.995129802,3.336026264,2.885648463,4.107379325,4.531312598,3.348337403,7.068822459,"HEALTHY"
"GSM712505",7.040288341,8.394122281,7.212665419,11.17537241,9.923182959,10.01990216,8.716251941,6.757244278,5.689589423,9.390475537,10.44380623,6.641074033,13.73895793,13.38204849,5.005644214,6.621376754,3.534402536,9.746551476,5.227964676,9.972513696,7.831278844,4.624472218,9.575069431,4.369070555,8.697254534,11.18741158,10.78822306,3.139241226,5.811046761,8.826786637,5.519830731,6.387732852,5.165620822,7.706806666,4.545022587,6.657650139,5.198738902,5.779629346,5.131377164,6.393599487,3.749273538,2.982467094,6.110712644,5.245229637,4.367879458,2.754319183,9.98580378,11.4249336,3.776203276,3.99523247,8.865844663,7.52591692,4.314962673,3.63242082,5.994006524,4.734354401,4.62929114,8.649168572,10.17037382,4.782612979,2.918718893,7.769989029,4.16388521,6.285246542,5.065150204,7.684589326,7.273032426,3.088736935,5.386074821,7.848269917,8.968952678,3.382010055,6.450013566,11.65137505,6.087109585,3.555537626,4.265237577,3.623371102,2.789488381,5.708948396,3.445233667,7.883055419,9.691543653,5.1269117,10.1039674,4.802356104,6.199476164,7.229953975,9.065619679,5.918084089,6.103692072,6.312157458,2.922939745,3.219508246,2.653960823,3.945709158,5.361260823,2.990577278,7.923764948,"HEALTHY"
"GSM712506",6.62461734,8.112872275,7.669760826,11.29886915,9.3250689,10.79134532,8.503554281,6.626943468,5.943835281,9.679396818,10.72401856,5.719978476,13.86582564,13.59839951,5.126008746,6.562587065,3.49762654,9.997729908,4.711883356,10.17024382,7.785521152,4.606937764,9.436846853,4.580662864,8.784131388,11.53093418,10.36429931,3.049616148,4.989305367,8.989493983,5.087065745,5.820983105,5.436666731,8.305664194,4.01632354,6.472521881,4.419304552,6.412866074,5.368965279,5.934682876,4.00982108,2.91880685,6.322138108,5.002594768,3.980661683,2.376029678,11.10033954,11.58248829,4.319695416,4.199169978,9.137170816,7.708577839,4.437707686,3.36038879,7.22100989,4.430420723,4.283386446,8.762872678,10.80325546,4.367684741,2.783789733,8.269775283,3.544600847,7.548889484,4.425343323,7.909147269,6.618316468,3.293644913,4.793972069,7.612202568,8.898681588,3.257728902,6.942568221,11.47307072,5.592037061,3.707556455,4.804435033,3.182462045,3.299821298,5.710030892,3.490051752,7.945831624,10.42607855,4.835943731,10.42658966,5.200161396,5.571969958,7.4475659,8.714803253,5.476003906,5.762282823,6.443726201,2.858914346,3.371944954,2.626036424,3.59901644,5.907872833,2.827323856,8.211349265,"HEALTHY"
"GSM712507",6.75978183,7.63511078,7.394365434,10.58244466,8.364182988,10.11628537,8.344868077,6.415535391,5.412596104,9.247864101,10.47177663,4.386054435,12.96419214,13.17852879,5.154813409,6.534499446,3.39254829,8.437429431,4.970383588,10.01123245,7.362630061,4.304934336,9.016486014,4.130960608,8.354119305,10.50186638,10.53263914,2.837763526,4.233088328,8.840312611,5.556934608,5.692183872,5.001332927,8.287392931,3.785823835,6.354509833,4.739540939,5.82401952,5.884879382,5.476003906,3.52973154,2.952358247,6.012622311,5.225853895,4.238167767,2.623220096,11.84113469,11.05060667,4.128035523,4.357004949,8.020941697,7.608196867,4.198044437,3.507198328,6.113764575,4.573126389,4.697537875,7.578413599,11.48822139,4.890047197,2.884440413,7.949171198,3.706176856,6.599733771,4.695109748,7.250979944,6.630457348,3.417409071,4.616738822,7.130108208,7.362901277,3.57428883,5.768969214,11.16094872,5.439616343,3.540396807,4.248782265,3.336772903,3.058429176,5.173302757,3.250021584,7.799167041,9.640993904,5.598316328,9.815531743,6.778054584,6.781118082,6.537573681,8.093458124,5.0503432,5.629388601,6.245347061,3.009467395,3.083510847,2.495942117,3.655545841,5.285239129,3.132729144,7.687494292,"HEALTHY"
