"Sample","IL8","CCR2","IL10","HIF1A","ITGAM","TREM1","HLA-DRA","C5AR1","PLAUR","LCN2","NLRP3","IL6","CALCA","TLR4","ELA2","NLRP3.1","CCR7","CCL2","MAPK14","TNF","NOTCH1","S100A8","MMP8","MAPK14.1","CCL25","MYD88","CD14","CX3CR1","S100A12","S100A9","OLFM4","IL1R2","P2RX7","HIF1A.1","CCL19","CCR2.1","IL1R2.1","TLR2","CD177","CCR2.2","IL1B","CCR2.3","SOCS3","C3AR1","MAPK14.2","HMGB1","CXCL10","MMP9","BCL2","TNFSF10","PDCD1","ICAM1","ARG1","IL10.1","CX3CR1.1","OLFM4.1","SOCS3.1","HLA-DRA.1","FCGR1A","IL8.1","IFNG","HMGB1.1","BCL2.1","IL1R2.2","CCR2.4","NLRP3.2","VCAM1","PLAUR.1","CCR2.5","HIF1A.2","MAPK14.3","CD14.1","GATA3","PLAUR.2","Label"
"GSM1317896",7.59825325,7.07993269,7.090555668,7.130773067,9.47341156,8.123065948,10.55504131,11.03841591,8.478274345,10.99236298,7.173913479,7.310719013,7.064195156,8.70610714,7.962710857,8.425178528,8.538636208,7.150401592,7.318470001,8.17045784,9.307842255,14.7777586,7.096885204,7.27690649,7.124577045,9.796408653,10.93006611,7.759021282,13.6539793,14.67478466,7.099157333,7.256772041,9.003969193,7.218265057,7.280202866,8.015024185,9.510412216,7.278187752,7.361105919,8.905866623,10.57813454,7.2747612,7.453174114,7.567156792,8.158224106,7.238814831,7.101438999,11.65307045,7.882450581,10.3732748,7.072546482,7.097886562,7.391496658,10.46269417,9.652734756,8.109260559,7.269638538,11.36119747,8.936812401,8.054161072,7.108274937,8.009811401,7.871005058,7.079251766,7.096799374,7.4064188,7.106997013,8.311912537,7.245018959,8.283819199,7.805349827,12.95304775,7.233548641,7.271233082,"healthy"
"GSM1317897",7.133264065,7.335713387,7.01139307,7.360058784,10.38909054,7.978586674,7.848013401,11.31586742,8.317951202,13.22806835,7.1877141,7.098556995,7.124364376,8.965641975,12.83554554,8.162398338,7.778802872,7.000130653,7.276413441,8.345272064,9.337310791,14.67478466,7.984103203,8.332036018,7.17510891,10.5899868,11.5939703,7.281162739,13.9907732,14.13190746,7.962710857,8.15653038,7.947245121,7.625881672,7.137006283,7.579025745,12.48723888,8.034691811,8.837252617,7.800524235,9.344155312,7.155807495,7.900871754,8.935645103,8.480690956,7.363553047,7.031998158,13.15814304,7.140290737,10.79563141,7.02391386,7.36311245,11.23374939,11.94188023,8.589243889,12.20909309,7.456371784,8.671969414,9.322840691,7.146490097,7.122472286,7.953882694,7.280666828,7.306993008,7.022296429,7.696172714,7.013093472,8.957364082,7.165641785,9.253885269,8.603048325,13.49210167,7.077390194,7.791663647,"healthy"
"GSM1317898",7.168010235,7.639964581,7.08095789,7.546928406,11.23127174,7.685325623,10.08465958,10.97695351,8.20849514,13.63367081,7.254821301,7.058942318,6.996947765,8.448196411,8.266945839,8.455723763,8.255579948,6.994603157,7.231212616,8.574731827,9.384451866,14.54955006,9.87757206,8.368677139,7.131108761,9.966819763,11.63926697,7.386178493,14.42391872,14.48576355,7.905865669,7.858106136,8.184966087,7.670824528,7.165306568,8.513401985,12.99430275,7.458910465,9.631896973,9.051459312,8.349671364,7.336512566,8.703225136,7.652241707,8.456474304,7.432893276,7.08935833,13.87110138,7.229436874,10.18095112,7.152704716,7.173386097,9.712299347,10.88625336,9.132294655,11.65307045,7.541463852,10.72157001,8.992668152,7.194329262,7.024508953,7.680778503,7.611626625,7.035551548,7.250608921,8.083084106,7.100632668,8.696650505,7.136568546,8.474351883,8.40874958,13.55254555,7.201982498,7.747727871,"healthy"
"GSM1317899",7.305233002,7.591718674,7.155341625,7.446740627,10.44628525,7.516788006,9.66973114,10.54471874,8.273373604,14.07937431,7.066466808,7.078455925,6.915210724,8.752120018,8.571417809,8.48491478,8.960954666,7.208251476,7.146866322,8.361627579,8.91966629,14.8065176,9.863483429,8.368287086,7.069637299,10.31659412,10.8711834,7.580223083,14.39126587,14.24457741,7.86635685,7.684738159,7.90006876,7.455158234,7.179075718,8.582383156,12.11962318,8.013612747,9.019711494,8.93046093,9.88086319,7.298100471,8.188433647,8.115924835,8.570972443,7.396622181,7.13904953,13.56163883,7.405919075,9.835384369,7.146679878,7.252886772,11.4842844,10.16572762,9.551556587,12.20909309,7.544344425,10.71940327,9.477777481,7.66461134,7.354895592,7.985490322,7.753708363,7.032038212,7.194578171,8.053638458,7.060822487,8.196199417,7.011276245,8.884981155,8.279232979,13.30456638,7.143923759,7.38526392,"healthy"
"GSM1317900",7.23982048,7.51022625,7.145284176,7.238140583,9.752828598,7.753045559,10.40178204,10.84309864,8.417059898,11.27828598,7.257307053,7.076957226,7.199043274,8.400478363,8.108722687,8.749689102,8.881110191,7.067636967,7.186154366,8.344319344,9.694371223,14.75221539,7.020610332,7.888520241,7.086441517,10.01380253,11.66282845,7.30636692,13.77232933,14.64205265,7.094507217,7.339521408,8.956749916,7.116531849,7.321772575,8.185254097,9.854207039,7.142566204,9.207954407,8.603467941,10.58610821,7.323535442,8.435986519,7.836594105,8.909831047,7.498163223,7.042715549,12.28855419,7.117696285,10.03866863,7.046062946,7.497294426,9.492671967,11.54166317,9.350245476,8.590869904,7.641347885,10.86512566,9.38596344,7.661770344,6.970615387,7.504239082,7.790794849,7.233651161,7.072324753,7.999948502,7.090096474,8.461996078,7.088985443,7.80337429,7.850887299,13.39926815,7.094935417,7.701060772,"healthy"
"GSM1317901",7.141750336,7.470094681,7.152095795,7.721528053,11.3472023,7.7459445,9.15440464,10.9543047,8.578942299,14.2312479,7.18787241,7.102015495,7.124023438,9.376583099,8.199634552,8.799848557,7.345110893,7.157638073,7.185352802,7.284608841,9.845314026,14.61182499,10.64935589,8.779643059,7.229142189,10.15069199,10.7977972,7.183628559,14.42391872,14.43885326,9.295724869,8.335781097,8.302357674,8.050831795,7.195944309,8.444145203,13.44113636,8.266295433,9.415317535,8.774078369,9.388339043,7.305445671,8.839875221,8.12169075,9.265670776,7.356129169,7.03537941,14.2030077,7.151401997,9.594142914,7.086335659,7.189471722,11.27571201,11.85814571,7.897413731,13.45775223,7.611501217,9.967874527,8.932195663,7.221731663,7.030198097,7.701653481,7.479612827,7.884876251,7.147067547,8.305596352,7.177886009,8.438947678,7.167452812,9.104545593,8.899251938,12.8672123,7.059819221,7.586052418,"healthy"
"GSM1317902",7.366691113,7.405847549,7.41848135,7.73226881,11.03150082,7.913375378,9.495246887,10.90825653,8.153944016,12.31189346,7.223982334,7.185085773,7.092968464,9.357487679,7.643980503,8.061606407,7.521173954,6.947171688,7.139642239,8.303704262,8.851491928,14.30151463,9.020348549,8.328237534,7.137618065,10.83682823,10.68238735,7.738339901,14.15929317,14.59689426,7.662915707,7.897623062,8.064407349,7.791835308,7.097986221,8.139079094,13.50852966,8.351423264,8.487704277,8.428102493,9.988170624,7.152976513,8.517877579,8.590103149,8.474772453,7.699287891,7.090607643,11.59064102,7.381602764,10.33587456,7.066423416,7.144782543,11.11868668,10.83469009,9.807144165,11.4685812,7.867699623,10.28374672,9.828868866,7.772909164,7.330944061,8.17158699,7.608543873,7.202456474,7.172795296,7.88347435,7.15698719,7.925510883,7.107027531,9.743404388,8.295683861,13.30456638,7.067530632,7.367124557,"healthy"
"GSM1317903",7.3959198,7.335564613,7.343214035,7.668007851,10.60847569,8.238365173,9.742350578,10.99705219,8.112732887,11.63295078,7.237391949,7.19177866,6.952183723,9.022797585,8.2322855,8.421548843,7.554698467,7.025127888,7.194075584,8.718759537,9.006530762,14.01483059,8.182300568,8.388953209,7.140509605,10.95208836,11.37851143,7.625517845,14.27305126,14.53448772,7.22298193,7.734004021,7.953665733,7.679727554,7.200683117,7.743002415,12.77439117,8.049788475,8.310603142,8.057644844,9.843089104,7.128192902,8.543216705,8.717788696,8.611653328,7.894378185,7.078241348,12.50709248,7.280514717,10.55504131,7.116563797,6.976748943,10.86915398,11.2650938,9.998733521,9.74969101,7.65195179,10.43177032,9.632855415,7.977919579,7.050879478,8.272080421,7.526165485,7.194742203,7.041174412,8.003680229,7.08838129,8.358580589,7.031446457,9.385182381,8.520225525,13.78189087,7.101052761,7.695106506,"healthy"
"GSM1317904",7.23304987,7.982065201,7.075530529,7.49788475,10.24452305,7.993086338,11.29978275,10.50963879,8.383538246,10.17667294,7.250001907,7.048984051,7.028159142,8.073954582,8.628926277,8.667414665,9.128269196,7.008313656,7.088805676,7.799806118,10.12553501,14.2030077,7.242131233,7.797721863,6.99587059,9.984483719,11.79140759,8.074192047,13.22806835,14.40771866,7.156631947,7.469396114,8.325198174,7.531907082,7.15241766,9.489327431,9.208589554,7.715673923,7.622622967,9.959717751,9.688352585,7.522000313,7.608671665,8.215666771,8.028448105,7.557182789,7.396828175,11.91514397,8.003205299,10.74125576,7.243373394,7.137053013,8.715062141,11.69746113,10.82635117,8.846809387,7.269462109,11.91166878,9.126255989,7.396687984,7.184134483,7.973799706,8.509426117,7.116156101,7.291265488,8.197957993,7.116188049,9.004590034,7.169806004,9.003969193,7.74562645,13.97814465,7.254484177,7.878452778,"healthy"
"GSM1317905",7.247274876,7.653445244,7.002075672,7.423496246,9.598514557,7.817335606,10.79994011,10.74897575,8.464249611,11.37530899,7.102996349,7.083747387,7.137376308,8.211769104,8.731289864,8.295683861,8.97273159,7.001582146,7.04507637,8.208803177,9.578510284,14.67478466,7.187242985,7.617906094,7.08152914,9.812697411,10.85625935,7.858495712,13.10755539,14.42391872,7.269429207,7.231057167,8.680634499,7.464486599,7.301638603,8.689198494,9.035798073,7.451565266,7.285639763,9.206601143,10.01001167,7.307710648,7.338337421,7.761974335,7.688140869,7.370236874,7.205370426,10.92153835,7.839755535,10.2763052,7.110889435,7.147037029,8.507484436,11.99151516,10.43335915,9.369469643,7.154905796,11.68399525,8.554898262,7.594933987,7.165557861,7.746433735,8.165154457,7.003210068,7.102212906,7.998763561,7.103303432,8.531557083,7.124807358,8.461213112,7.726154804,13.04926682,7.257278442,7.731936455,"healthy"
"GSM1317906",7.265637398,7.620686054,7.013569832,7.159897804,9.573025703,7.870416164,10.99947929,10.56736374,8.15653038,11.43308735,7.209227562,7.018552303,6.973733902,8.046991348,8.837835312,8.428460121,8.788249016,7.12580204,7.167767525,8.065590858,9.748684883,14.30151463,7.039926052,7.354494572,7.032038212,9.596787453,10.87956715,7.80301857,12.70283127,14.5812521,7.312802792,7.197412014,8.382780075,7.282209396,7.20416975,8.850945473,8.969776154,7.523207188,7.373323917,9.062229156,9.445799828,7.239991188,7.296410084,7.626133442,7.336622715,7.569666862,7.232890606,10.82635117,7.829996586,10.28525829,7.042769909,7.237840176,8.340860367,12.15279961,10.43802071,9.720009804,7.093636036,11.93424225,8.211769104,7.631789207,7.254069805,7.700615406,8.287343025,7.056907177,7.132656097,7.875074387,7.176362038,8.300628662,7.140387058,8.421883583,7.356010437,12.83554554,7.213058949,7.443487167,"healthy"
"GSM1317907",7.186882496,7.775769234,7.057863712,7.43273735,10.2763052,7.838235378,10.82635117,10.65499306,8.218916893,12.36664677,7.210674286,7.033289433,7.089888096,8.405935287,11.09276199,8.26438427,8.650744438,6.983784676,6.981480598,7.48178196,9.567663193,14.56532383,7.802843571,7.578299999,7.06234026,9.938557625,11.15086174,7.5397048,13.7939806,14.54955006,8.060381889,7.17350769,8.330998421,7.46313715,7.143923759,9.316027641,10.46759415,7.570158482,7.537764072,9.963285446,8.497639656,7.373714924,7.279742241,7.880419731,7.624165058,7.687431335,7.172475338,12.05092049,7.682536602,10.12946987,6.999898434,7.068508148,10.64564991,11.87633133,9.579443932,12.18754578,7.150279999,11.71429729,7.976527214,7.187055588,7.062611103,8.189665794,8.092496872,7.132321358,7.253007889,7.876073837,7.100982189,8.414117813,7.049118042,8.858553886,7.655253887,13.40742397,7.180802822,7.386845112,"healthy"
"GSM1317908",7.211875916,7.213684082,7.207487583,7.553295135,10.83469009,7.32704401,8.752120018,10.32411766,8.230124474,14.2312479,7.112999916,7.166712284,7.020749569,8.354125023,8.298999786,7.905045033,7.769315243,7.052760601,7.026437283,7.771188736,8.733233452,14.42391872,10.18514729,7.999233723,7.124054909,9.715249062,9.679420471,7.333574295,14.28796482,14.5812521,9.481215477,7.189531326,8.188153267,7.319193363,7.338882923,8.213605881,12.93241215,7.717699051,8.157105446,8.405935287,8.652528763,7.235987663,7.961535931,8.421548843,7.896194935,7.797542572,7.163258553,13.22806835,7.431630611,9.754919052,7.077609062,7.0497365,11.19110584,12.23120594,8.098278046,13.7110424,7.459450245,9.360624313,8.78567028,7.154517174,7.124116421,8.228280067,7.277404308,7.209008694,7.05445385,7.543563366,7.122907639,8.022382736,7.077353001,8.931036949,8.033958435,11.66619396,7.185768127,7.371985912,"healthy"
"GSM1317909",7.741257191,7.591238499,6.989308357,7.568410397,10.42098713,8.132845879,10.35447788,11.21754932,8.74575901,8.981022835,7.193878651,6.981480598,7.042683601,8.858553886,9.382002831,8.562537193,7.461114883,7.09401989,7.12456131,7.358460903,10.44291782,14.67478466,7.218008518,8.20909977,7.114334583,9.622179031,9.679420471,7.419083595,12.05846882,14.5812521,7.055834293,8.30722332,8.135538101,7.720588684,7.234541416,8.552077293,12.40500164,8.564610481,7.41538763,8.887730598,10.05300617,7.386049747,7.844693661,8.63160038,8.52265358,7.39966774,7.138351917,10.49469852,7.139734268,10.6209898,6.98827219,7.134350777,9.722079277,11.96099472,8.720740318,7.422040939,7.186411858,11.11868668,10.07040215,8.421548843,7.142999649,7.776456356,7.493843079,7.255509853,7.080277443,8.04269886,7.159023285,8.960954666,7.166352272,9.088813782,8.167121887,12.12418556,7.069363117,7.711753368,"healthy"
"GSM1317910",8.42410183,7.732105732,6.991375923,7.839556694,10.4002409,7.913156509,10.69181061,10.74531364,8.463513374,8.828462601,7.08762455,7.166695118,7.001295567,8.72463131,8.587468147,8.209936142,7.586298943,7.271477222,7.140965462,7.443666458,10.24602032,13.97814465,6.96710968,7.770524025,7.088292599,9.891770363,10.29119778,7.340354443,11.28376484,14.11873436,7.080086708,7.853756428,8.61420536,8.020746231,7.123142242,8.690121651,11.37530899,8.294384956,7.176802635,9.279887199,10.2474308,7.146300793,7.574241161,8.263151169,7.981374741,7.658602715,7.136460781,10.27346992,7.175364017,10.30041981,7.029821873,7.050658703,9.057167053,13.31297016,9.026480675,7.16387558,7.162943363,11.46265888,9.538726807,9.589304924,7.181436062,7.690360546,7.201022625,7.03711462,7.151117802,8.069605827,7.16197443,8.777509689,6.991078854,9.292019844,8.039110184,12.26679897,7.184730053,7.562681675,"healthy"
"GSM1317911",7.776124001,7.551902771,7.028399467,7.878830433,10.91499233,8.598835945,9.971450806,11.22842979,8.353780746,10.04253292,7.08022356,6.962146282,7.078738689,8.850444794,10.47592258,8.487351418,7.674519062,7.069852829,7.176661015,7.42993021,10.84097958,14.4536562,7.230948448,8.234984398,7.034009457,10.34985065,9.689349174,7.59049654,12.31189346,14.25828743,7.0586586,8.309575081,7.918863297,8.01140976,7.084794998,8.328560829,12.53826141,8.726569176,7.204854488,8.78567028,9.963285446,7.386911392,7.632419109,7.965348721,8.340559006,7.648487091,7.082181454,12.23120594,7.488374233,10.58610821,7.112720013,7.169687271,10.59375095,12.48219776,9.703281403,7.842955112,7.269497395,10.6209898,8.606412888,8.513401985,7.141307831,8.056647301,7.572495937,7.376304626,7.148635387,7.919943333,7.136270523,8.826955795,7.062565327,9.543351173,7.985708714,12.11962318,7.226084232,7.829996586,"healthy"
"GSM1317912",7.101018429,8.052900314,7.017375469,7.408931255,11.04321671,7.607264042,10.61920166,10.55328941,8.235612869,10.35912323,7.117591858,7.057694912,6.950824261,7.990343094,8.270772934,8.336800575,8.256181717,7.079869747,7.082239628,7.610183716,9.762335777,14.46974087,7.432576656,7.734624386,7.0946455,10.10934067,11.34145927,7.688140869,13.7421217,14.4536562,7.265855312,7.437446117,8.296627045,7.582532406,7.158741474,9.80610466,11.44805908,7.962005138,7.547913551,10.18934822,8.884413719,7.470010281,7.465919971,8.018816948,8.024043083,7.604391098,7.214080811,12.44756794,7.495926857,10.22049332,7.195848942,7.045612812,10.0717659,10.91499233,10.22461891,9.658256531,7.253410339,11.55734348,8.84897995,7.323943615,7.271981716,7.873518467,7.780314922,7.08778429,7.349729538,7.944011211,7.112294674,8.567131996,6.971444607,9.169465065,7.770848751,13.6539793,7.133514881,7.485081196,"healthy"
"GSM1317913",7.250001907,8.03445816,7.087906837,7.517065525,10.80593014,7.672535896,11.20948887,10.59561634,8.192048073,11.05246258,7.060149193,7.156584263,7.022518635,7.751577377,9.167402267,8.326198578,8.940351486,7.002296448,7.044712543,7.547610283,10.06028366,14.43885326,7.312383175,7.626676083,7.136067867,9.745434761,11.26791286,8.017357826,12.7558012,14.2030077,7.326221466,7.179039478,8.343976021,7.509614468,7.113109112,9.613726616,9.740226746,7.839917183,7.242650032,10.19632721,9.13974762,7.496412754,7.261891842,8.005316734,7.918436527,7.564464569,7.319822788,11.4685812,7.875658989,10.26924419,7.192747116,7.169875622,9.088813782,11.56089401,11.0572176,10.36532688,7.115891933,11.99151516,8.786724091,7.368691921,7.293241024,7.920173168,8.319283485,7.136600494,7.357997417,7.86635685,7.066247463,8.363391876,7.133863926,8.985590935,7.716798782,13.56163883,7.221632957,7.504142761,"healthy"
"GSM1317914",7.62654686,7.241333485,7.10646534,7.192194462,9.080945969,7.249334812,11.28376484,8.655215263,7.257436275,12.3387146,7.368570328,7.18100214,7.065454483,7.323634624,7.088046551,7.156303406,9.38596344,7.077194691,7.578174114,7.59331131,8.507846832,14.84386253,9.107800484,7.196405888,7.085306168,9.020348549,8.403719902,7.640658379,13.86038017,14.75221539,10.0112524,7.090131283,9.347285271,7.209294319,7.380781174,7.698554039,11.78054333,7.130480289,7.181549549,7.951488018,7.634313583,7.186005592,7.109339237,7.55987072,7.056810856,7.618170738,8.251901627,7.99622488,7.648902893,9.061590195,7.255163193,7.976315975,8.902050972,11.49309063,9.435203552,13.3277626,7.092215538,12.31189346,7.76546669,8.001105309,8.830584526,8.780707359,8.433372498,7.12157774,7.152658463,7.03500843,7.173630714,7.131505966,7.118111134,8.558712959,7.055310726,10.43177032,7.165757656,7.07405901,"Sepsis"
"GSM1317915",7.182765484,7.445325375,7.298871994,7.302490234,11.20948887,7.785412788,8.534152985,11.47144318,8.196479797,11.4842844,7.096851349,7.126983643,7.06603241,8.957937241,7.808037281,8.195910454,7.187357903,7.146426678,7.214174271,8.047493935,9.040102005,13.87110138,8.858553886,7.821136951,7.062611103,11.36119747,10.64179897,7.199954987,13.91954327,14.67478466,7.056077957,7.663056374,8.415250778,7.509813786,7.234380722,8.971525192,13.41559887,9.099739075,8.818579674,9.444964409,8.844582558,7.098038673,8.107134819,8.109509468,7.700164795,7.197016716,7.111537933,12.31563473,7.199872494,11.55117226,7.155519009,7.240019798,11.45397949,11.81055164,8.13070488,7.042084694,7.95429945,9.608034134,9.455789566,7.154633999,7.12696743,7.84488821,7.508535385,7.184025764,7.1717453,7.959745884,7.125278473,7.751886845,6.977026463,9.318346024,8.212986946,12.60370731,7.063871861,7.404545307,"Sepsis"
"GSM1317916",7.244925976,7.135624409,7.57998848,7.210856438,11.10438442,7.373387337,8.554497719,11.27571201,8.084902763,12.54341602,7.091948986,7.147148609,7.039273262,8.974493027,8.212986946,7.968691349,7.147594452,7.093239784,7.314389229,7.78657341,9.16259861,14.39126587,10.7977972,7.813384533,7.026358128,11.25928307,9.645145416,7.122367859,14.01483059,14.64205265,7.188958168,7.718569279,8.681162834,7.556973934,7.154272079,8.187596321,13.67254257,8.898705482,8.903125763,8.52469635,8.86431694,7.137863636,8.101377487,8.059380531,7.724903584,7.11405611,7.220547199,12.70897293,7.394737244,11.51697731,7.094154835,7.129747868,11.88438892,11.20184517,7.672255993,8.666466713,8.015266418,9.524485588,9.364693642,7.34795475,7.297585964,7.933981895,7.86635685,7.267735004,7.121684551,7.786087036,7.097421646,7.680778503,7.047384262,9.224188805,8.101878166,11.31890774,7.103501797,7.379765034,"Sepsis"
"GSM1317917",8.403334618,7.621066093,6.977173328,7.350359917,9.682370186,7.986165047,10.88411808,10.71742725,7.97222805,11.19110584,7.146632195,7.071117401,7.032292366,9.050868034,10.14789295,7.797159195,8.432232857,7.096614361,7.079952717,7.712966442,9.038949966,14.42391872,8.684041977,7.323485851,7.134989738,10.44932556,10.47085667,7.431473255,13.96661282,14.5020113,7.752396584,7.213313103,8.594618797,7.3910923,7.041364193,9.40453434,10.35912323,8.221014023,7.140695572,9.795331955,8.985030174,7.173300743,7.233709812,8.529092789,7.318807602,7.391965389,8.122525215,10.29575443,7.929263115,11.27571201,7.116095543,7.152689934,10.51344299,11.07607174,9.08427906,11.4685812,7.172180176,12.34300232,8.649453163,9.857655525,7.225706577,8.272080421,8.684499741,6.971780777,7.231108189,7.484512806,7.144048214,7.727606297,7.039857388,9.349542618,7.519408226,12.31563473,7.110503674,7.267056942,"Sepsis"
"GSM1317918",7.259513855,7.567156792,7.114745617,7.175771236,10.35611439,8.461213112,10.02869606,10.85848522,8.054409981,10.67068481,7.070552349,7.109389305,7.053099155,8.392198563,10.55504131,7.727128029,7.682250023,7.100450516,7.18100214,7.751577377,9.075005531,13.82612133,7.338337421,7.653445244,7.047803402,11.28907967,11.50496578,7.796460152,13.84863472,14.54955006,7.106271267,7.478478432,8.660650253,7.483758926,7.15227747,9.011312485,12.72650337,8.512619972,8.067121506,9.393052101,9.317534447,7.059682846,7.895380497,8.051365852,7.184557438,7.134720325,7.274348736,11.09504414,7.406561375,11.23862362,7.089271069,7.226111412,10.55328941,13.12859344,9.605070114,7.678296089,7.39868784,11.15325546,9.355021477,7.148255825,7.138018131,7.940330982,7.538593769,7.091251373,7.098689079,7.472208023,7.075287342,7.816116333,7.006427288,8.643283844,7.830226898,13.26583195,7.011631489,7.116595745,"Sepsis"
"GSM1317919",7.208986282,7.473389626,6.980206966,7.112489223,9.422006607,8.00813961,10.74319553,10.77529144,8.187320709,10.94994354,7.169116974,7.03262043,7.05258131,7.787237167,9.953802109,8.397624969,9.443258286,7.106632233,7.094172001,7.436135292,9.762335777,14.5020113,7.081244469,7.335614681,7.04926157,10.49469852,11.90428162,7.47239542,12.08653831,14.64205265,6.95319128,7.05503273,8.705119133,7.09319067,7.103585243,9.026480675,9.809331894,7.456096649,7.049429893,9.37179184,9.592171669,7.105099678,7.374470234,8.306266785,7.296660423,7.345826149,7.129256725,10.61407661,7.651656151,10.63055038,7.120435238,7.245941162,7.819140911,12.23120594,8.898705482,8.575109482,7.125565052,12.22690201,8.585290909,7.918206215,7.181513786,7.558125973,8.529517174,7.041265488,7.193840981,8.091218948,7.241364002,7.642881393,6.973245144,7.923974037,7.257851124,13.42400551,7.34371233,7.056687832,"Sepsis"
"GSM1317920",7.656069756,7.555586815,7.042310715,7.161687851,10.46269417,8.898146629,10.83469009,11.33035278,8.491280556,9.971450806,7.146327496,7.09646368,7.052289486,8.392897606,7.921435833,8.014066696,8.95454216,7.153204918,7.148620129,7.874303341,9.76862812,14.21644688,7.02175808,7.627936363,7.069066048,10.84535694,11.50496578,7.65440464,13.9907732,14.59689426,7.085483551,7.444728851,9.017325401,7.185655594,7.184464455,9.178632736,10.37807465,8.138529778,7.716161728,9.405341148,9.570367813,7.275372505,7.775249004,8.358950615,7.621453762,7.191041946,7.334206104,10.96123505,7.613801479,10.36870956,7.02391386,7.11212635,8.959679604,11.89624405,9.552453995,7.094425201,7.47249651,11.63926697,8.224981308,8.131768227,7.064052105,7.320016861,7.970160484,7.348808765,7.166092396,7.576725006,7.209185123,8.541942596,7.086605549,8.6918993,7.80337429,13.09999943,7.22555685,7.810907841,"Sepsis"
"GSM1317921",7.412487507,7.681971073,7.00662756,7.207795143,9.539639473,8.206688881,11.43911648,10.63823891,8.074954033,10.22173977,7.110393047,7.266527653,6.996531487,8.172999382,8.968046188,8.211144447,9.120986938,7.021295071,7.285762787,7.820035934,9.438454628,14.56532383,7.179019928,7.276833057,7.052659035,10.30041981,11.28645134,7.42327261,12.89319229,14.34638786,7.136694431,7.081976891,8.79829216,7.244261742,7.254637718,9.780433655,9.341068268,7.868652344,7.116219997,10.11756325,9.668753624,7.07961607,7.105523109,8.000868797,7.28897047,7.090269566,7.538295269,9.985738754,7.800693989,11.0642519,7.281280041,7.092001915,7.747075558,12.06260967,9.072278976,8.68963623,7.148934364,12.70897293,8.918610573,7.994183064,7.096548557,7.673532963,8.446759224,7.135207653,7.395634174,7.795364857,7.088330269,7.894786358,7.052130699,8.341547012,7.357931614,12.93939114,7.221632957,7.09692049,"Sepsis"
"GSM1317922",7.202271461,7.367630005,7.196939468,7.323428631,10.7915678,7.176054001,10.10800934,10.37951946,7.758519173,13.6539793,7.118864536,7.052289486,7.098278522,8.53329277,8.838342667,7.666013718,7.383470535,7.115908623,7.137285233,7.297039032,8.7065382,14.43885326,9.736116409,7.186430931,7.026358128,10.95881081,9.026480675,7.217560291,14.31682491,14.54955006,7.299002647,7.252259731,8.781702995,7.283447266,7.219283581,8.967430115,13.12164688,8.708504677,8.335061073,9.329683304,9.02155304,7.079555988,8.793273926,7.818043232,7.442090988,7.28433466,8.052646637,11.86188698,7.184520721,11.29706478,7.078339577,7.189647198,10.96123505,11.1209116,8.118889809,9.662843704,8.926506996,10.99236298,9.423541069,7.221681595,7.224432468,7.227882862,7.870617867,7.038772583,7.103501797,7.514378548,7.136097431,7.399636745,7.021295071,9.355021477,7.479976177,11.10891438,7.083285332,7.120576859,"Sepsis"
"GSM1317945",7.110535622,7.870785713,7.062293053,7.405698299,10.38421726,7.33845377,10.69955254,10.51150322,7.874112129,13.50062847,7.14295435,7.182207584,7.00458765,8.378516197,13.57949066,7.657204628,8.6873703,7.118555069,7.09865427,7.292329788,9.016688347,14.43885326,8.606412888,7.746583939,7.154071331,9.815980911,10.05300617,7.248637676,11.39300251,14.27305126,7.878452778,7.642318726,7.95429945,7.445501804,7.1995821,9.07565403,11.75961876,7.730939388,7.260232449,9.704341888,8.365119934,7.451646328,7.151305199,8.425523758,8.188433647,7.433215141,7.064926624,12.54341602,7.683970928,9.438454628,7.00077343,7.033144474,10.74715042,11.42158604,8.341189384,12.29318619,7.042858124,11.34145927,7.78657341,7.240128517,7.162533283,7.799630642,7.962245941,7.406779289,7.310385704,7.475731373,7.040791035,8.253455162,7.047494411,8.147099495,7.744624615,12.55970478,7.151836872,7.467694283,"Sepsis"
"GSM1317946",7.155519009,7.687570095,7.040086269,7.510119438,10.94994354,8.398342133,10.6209898,11.17614079,8.082048416,10.54817104,7.195351124,7.076840878,7.091897011,8.316297531,10.14110184,8.12935257,8.934498787,7.068017483,7.132923603,7.611907959,9.952468872,14.75221539,7.292578697,8.130447388,7.050956249,10.4930172,11.52913952,7.323691368,12.58755398,14.2312479,7.207795143,7.829996586,8.077462196,7.579025745,7.157102108,8.976276398,12.06260967,7.950430393,7.893191338,9.624206543,9.378067017,7.271267891,7.365879059,8.875818253,8.252206802,7.249700069,7.242455959,12.8229599,7.503845692,10.34670258,7.239237309,7.040277004,10.22461891,11.62016582,8.853671074,10.31505585,7.171341896,11.28376484,8.383187294,7.19177866,7.124101639,7.618426323,7.813920498,7.572285175,7.209631443,7.88347435,7.087447166,9.129031181,7.071157932,8.554497719,8.249396324,13.87110138,7.169857025,7.787237167,"Sepsis"
"GSM1317947",7.404116154,7.3137393,7.029855251,7.705012798,10.86714649,7.000050545,9.856495857,11.16868782,8.582796097,14.28796482,7.096851349,7.138170719,7.051709652,7.42290163,9.97721386,7.982065201,8.981022835,7.016985893,7.58642149,7.739646435,8.827953339,14.71159077,10.75070667,8.10580349,7.054479122,9.88086319,9.944645882,7.19072485,14.46974087,14.51778603,8.91966629,7.460941792,8.224019051,7.826947689,7.17025423,7.846168041,13.86038017,7.478478432,9.444139481,8.464634895,7.768804073,7.151883602,7.940330982,8.61207962,8.934498787,7.816643238,7.216184139,12.31563473,7.28166008,9.348044395,7.07235527,7.104323864,11.30797958,10.7588892,8.198791504,12.80473804,7.328424931,10.31809998,7.586298943,7.79322958,7.12532568,7.870001316,7.664760113,7.499764442,7.129074097,7.611626625,7.044712543,8.21687603,7.156032562,9.107158661,8.187320709,12.02660561,7.251857281,7.061982632,"Sepsis"
"GSM1317948",7.354281425,8.121975899,7.099691391,7.510838032,10.83682823,7.55675602,9.939688683,11.47451878,8.453783989,11.96833324,7.099272728,7.057544231,7.143296719,8.656101227,11.41880035,8.0143013,7.822919846,7.288042545,7.100866318,7.508048058,9.668753624,14.65753746,7.756505966,7.918206215,7.066380978,10.31953144,10.34670258,7.259358406,13.43216991,14.51778603,7.504928589,8.112189293,8.362748146,7.644262314,7.158317089,9.02838707,12.79292393,8.049278259,7.780144215,9.733234406,8.865915298,7.360556126,7.172776222,8.734211922,8.309253693,7.249425411,7.106271267,13.59656239,7.298915386,9.845314026,7.127300739,7.14515686,11.32742882,10.93220139,8.421883583,10.73526573,7.117147446,10.62295628,7.768976688,7.577198029,7.210718155,7.709640503,7.60060215,7.612650394,7.256011486,7.655932426,7.189627647,8.805041313,7.177732944,8.446419716,8.13687706,12.50179195,7.273244381,7.82346344,"Sepsis"
"GSM1317949",7.370901585,7.212281704,7.049174786,7.258822441,11.27828598,7.536018372,9.259036064,10.99236298,8.462752342,14.53448772,7.246618271,7.172949791,7.116672516,8.044744492,10.46603012,8.225879669,7.788250923,7.062476635,7.098225594,7.998068333,9.16259861,14.56532383,10.60469055,8.219489098,7.038301468,10.27062702,11.66282845,7.183333397,14.5020113,14.5812521,9.280620575,7.601366997,8.161830902,7.222566128,7.15161705,8.012611389,14.07937431,7.813573837,10.50963879,8.700868607,8.228595734,7.213520527,7.903513908,8.979877472,8.585290909,7.58081913,7.087039948,13.94167805,7.147660255,10.08338356,7.085812569,7.075946331,11.51088715,11.12617207,8.359627724,13.41559887,7.268153667,9.998733521,9.065378189,7.358762741,6.983899117,7.57286644,7.538180828,7.760498047,7.285191059,7.907655239,7.15473032,8.125206947,7.149642944,8.646738052,8.572607994,13.57040596,7.248276234,7.413373947,"Sepsis"
"GSM1317950",7.234307766,7.506824017,7.206812382,7.679871082,11.40993786,8.137145042,10.48101139,11.21216297,8.273060799,10.74897575,7.252455235,7.067741871,7.085631847,8.420495987,7.987699509,8.357172012,8.094870567,7.161588669,7.117667198,8.309911728,9.965566635,14.1455946,8.234726906,8.336800575,7.09361887,10.56366539,12.68017387,8.141581535,13.96661282,14.28796482,7.151567936,7.931847572,8.284484863,7.796619892,7.07678318,8.825949669,12.88043308,8.226484299,9.166643143,9.078280449,10.25910759,7.258822441,8.477876663,10.18095112,8.603916168,7.502665043,7.546072483,14.4536562,7.398405552,11.2563858,7.130292416,7.12651968,10.12946987,11.88836002,10.95660305,8.837835312,7.491794109,11.31316662,10.06417274,7.822744846,7.251698494,7.932920933,7.770848751,7.69258976,7.11743021,8.015266418,7.055535316,9.252468109,7.067464828,9.603194237,8.533759117,14.37623501,7.110746384,8.150598526,"Sepsis"
"GSM1317951",7.120164394,7.311508179,7.099190712,7.350882053,11.02916622,7.562058926,9.204447746,11.0572176,7.978152752,14.61182499,7.213822365,7.105702877,7.033289433,8.133394241,11.16343021,8.485699654,8.35651207,7.127779961,7.049288273,8.017589569,9.394813538,14.09175682,9.589304924,8.507070541,7.050929546,9.979557991,11.59064102,7.252360821,14.05426216,14.1455946,8.680634499,7.387051582,7.998068333,7.290158749,7.223425388,8.35001564,14.10523796,7.700030327,10.66068745,8.539484978,7.889118195,7.253622055,7.644946098,9.192925453,8.449262619,7.57938385,6.989308357,14.34638786,7.354110241,10.49119282,7.158089161,7.023490429,11.67708302,11.79140759,7.897192478,13.40742397,7.468579292,10.10800934,9.296494484,7.129991531,7.123554707,8.028448105,7.657633305,8.112732887,7.192194462,8.132572174,7.385471344,8.405935287,7.077969551,9.258307457,8.396572113,13.82612133,7.138521194,7.703239441,"Sepsis"
"GSM1317952",7.172091961,7.831206799,7.046527386,7.612278938,11.15086174,7.440843582,9.960912704,11.07835579,7.9205966,12.28855419,7.217678547,7.080427647,7.157246113,9.036425591,11.2650938,8.111666679,7.946183205,7.137909412,7.130371571,7.288891315,9.481215477,14.62656593,9.233324051,8.09746933,7.14522028,10.33155918,10.25624847,7.196722507,13.78189087,14.54955006,7.661473751,7.989609718,8.013134003,7.704080582,7.125467777,8.914614677,13.18112183,7.843964577,8.665570259,9.533350945,9.007086754,7.468490124,7.209518433,8.625535965,8.584839821,7.24381876,7.056346893,14.31682491,7.465477943,9.66973114,7.123205662,7.022921085,11.34429264,11.30543327,8.239583969,11.64311695,7.127209187,10.43802071,7.993291378,7.28800106,7.146053314,7.652241707,7.661609173,8.04269886,7.390416622,7.695885181,7.112548351,8.536906242,7.067313671,8.473997116,8.218616486,12.7618351,7.060288906,7.538080692,"Sepsis"
"GSM1317953",7.168043613,7.648201942,7.056663513,7.582642078,11.40719128,9.105237961,10.19208336,11.21479321,8.230743408,9.795331955,7.098770142,7.095955849,7.105050564,8.656563759,9.150415421,8.13230896,8.362025261,7.082352638,7.054274082,7.515161037,10.10545444,14.48576355,7.185564518,8.385736465,7.173264503,10.68238735,11.67708302,7.293916702,13.53600979,14.11873436,7.12051487,8.045262337,7.971766949,7.5984869,7.09563303,8.692849159,12.96003246,8.011195183,8.63480854,9.199451447,9.41869545,7.197891712,7.742043018,8.857463837,8.467751503,7.297169209,7.04761076,13.57040596,7.312426567,10.94541359,7.124210358,7.129087448,10.92794704,11.75961876,8.847925186,9.46822834,7.332318306,10.94312572,9.037723541,7.291265488,7.064926624,7.779332638,7.551229,7.898862362,7.03568697,7.918863297,7.088985443,9.080307961,7.217957973,8.757658005,8.529092789,13.96661282,7.069054604,7.807149887,"Sepsis"
"GSM1317954",7.224285603,7.248696327,7.029157639,7.372303486,11.60331917,7.879618645,9.645145416,11.37238979,8.139956474,14.39126587,7.196643829,7.191658974,7.094290257,7.987268925,12.8672123,8.29631424,8.672880173,7.067441463,7.08372879,8.357507706,10.06540489,14.02818394,9.269488335,8.19767189,7.0976367,10.07835484,12.52280712,7.382871151,14.33150673,14.2030077,8.305906296,7.288810253,8.002979279,7.289178848,7.230405807,7.964287758,13.22806835,7.661327839,10.59918594,8.207017899,8.565490723,7.154038906,7.697540283,9.316027641,8.117025375,7.870785713,7.147148609,14.1455946,7.650331974,10.44291782,7.116327286,7.041331768,11.37851143,11.88836002,9.044613838,13.13584137,7.243258476,10.32254791,9.529809952,7.274205208,7.046757698,8.119157791,7.880816936,7.483300686,7.202756405,7.986165047,7.081511021,8.140490532,7.026975155,9.235502243,8.153669357,14.04120827,7.240844727,7.479697704,"Sepsis"
"GSM1317955",7.225930214,7.143601894,7.029076099,7.258822441,11.36119747,8.158500671,9.331255913,11.18354511,8.093858719,13.62398815,7.476741791,7.674921036,7.047639847,8.107419968,11.86922073,8.403719902,8.287679672,7.044324398,7.164748669,8.056647301,9.973784447,14.2312479,8.173578262,7.906710625,7.146648407,10.35758877,12.21802139,7.183806419,14.24457741,14.07937431,7.922077656,7.316373825,8.053151131,7.44935751,7.151155949,7.780144215,12.78666401,7.709342957,10.29890156,8.177047729,8.454906464,7.052180767,7.282169819,9.138395309,8.031072617,8.102625847,7.103652,13.42400551,7.404186726,10.43499088,7.077589512,7.007130623,11.14068604,12.18321705,9.330517769,12.79891586,7.550782681,9.974785805,9.211262703,7.213612556,7.118619919,7.939465523,7.59258461,7.67709446,7.193779945,8.232585907,7.123034,8.53196907,7.093806744,9.183725357,8.125782013,13.7421217,7.322974205,7.586899281,"Sepsis"
"GSM1317956",7.414512634,7.394118309,7.077854633,7.78558445,11.48762321,7.851065636,9.850877762,11.33603287,8.434845924,10.6267395,7.22140789,7.194329262,7.04940033,8.606412888,8.09463501,8.37914753,8.253754616,7.088608265,7.180417061,8.255293846,10.00640869,14.13190746,8.04101181,8.274384499,7.068446636,10.6008873,12.15764618,7.940330982,14.2312479,14.30151463,7.101818085,8.117520332,8.041998863,7.947245121,7.12598753,8.431158066,13.02896786,8.273060799,9.32826519,8.891023636,10.80810642,7.278155327,9.048313141,10.19632721,8.76699543,7.432652473,7.534911633,14.7777586,7.352809429,11.15869713,7.199104309,7.138923168,10.34985065,12.21355438,10.21752071,8.927098274,7.737020969,10.41154099,10.24027061,7.825657845,7.113417625,7.838235378,7.693732738,7.802843571,7.289009571,8.128801346,7.16826582,9.614650726,7.263898849,9.093459129,8.684499741,14.07937431,7.052760601,8.65480423,"Sepsis"
"GSM1317957",7.226607323,7.784707069,7.089853287,7.148838043,10.05529308,8.293104172,11.90428162,10.73732662,8.525888443,10.26482964,7.333106995,7.34616375,7.06481123,8.491703033,7.939900875,9.264213562,9.706363678,7.13909626,7.016627312,7.80301857,10.40991497,14.7777586,7.00751543,7.818043232,7.086663246,10.30762768,12.1618042,7.909791946,12.68597794,14.61182499,7.057618141,7.076721668,8.52469635,7.341452122,7.212922096,8.9259758,10.06901836,7.683970928,7.471046925,9.253885269,9.578510284,7.326472759,7.833653927,8.107419968,8.293745041,7.294052124,7.20584774,11.75285912,7.779980659,10.65681362,7.279742241,7.024670124,8.233847618,12.17441463,10.35155106,8.443049431,7.258105278,12.62043667,8.62463665,7.638048172,7.118125439,7.429615498,7.99103117,7.154713154,7.193354607,8.830094337,7.076310158,8.84140873,7.00136137,7.632419109,7.860015392,14.00238228,7.118063927,7.961772919,"Sepsis"
"GSM1317958",7.122227669,7.618560791,7.124054909,7.724285126,11.04777145,7.477921963,10.89956284,11.1785841,8.103673935,12.8415947,7.169928074,7.112891674,6.917872429,8.871248245,7.9944067,8.471304893,8.150895119,7.033507824,7.08778429,8.065104485,9.454029083,14.59689426,9.066630363,8.251560211,7.171939373,10.45425606,11.50496578,7.925510883,14.30151463,14.33150673,7.875468731,7.64999485,8.161830902,7.913986206,7.155583858,8.728435516,13.1885252,8.172456741,9.454879761,9.153674126,9.854207039,7.293916702,8.064407349,9.582989693,8.712235451,7.708285809,7.232940674,12.98690796,7.472856045,10.65110683,7.076977253,7.034617424,10.39387608,11.31890774,10.36870956,11.73183346,7.238705158,11.51697731,10.1161375,7.603383064,7.101503372,7.791663647,7.727450371,7.937743187,7.214149952,8.125502586,7.076426983,8.592569351,7.086353302,9.14305687,8.628926277,13.82612133,7.203505516,7.2766819,"Sepsis"
"GSM1317959",7.442744255,8.303349495,7.009405136,7.437107563,10.81633568,7.734498978,12.15764618,10.84309864,7.981374741,8.428877831,7.175503731,7.163959026,7.058177471,8.696203232,7.336456299,8.86431694,9.588500977,7.157423496,7.270834446,7.641347885,10.19074345,14.69237518,7.249089718,7.807334423,7.12230587,10.28963375,11.55117226,8.035382271,13.76200581,14.39126587,7.127194881,7.245220184,8.221014023,7.576488018,7.296953201,9.92948246,10.29119778,7.865802288,7.489901543,10.67252731,10.03760624,7.478383541,7.527255058,7.821849823,8.073426247,7.460941792,7.215095997,11.14570522,8.614629745,10.6173954,7.042891026,7.092655659,8.597970009,11.37851143,10.66068745,7.833242893,7.331156731,12.76797771,9.005226135,8.377473831,7.205502033,7.888520241,9.292019844,7.248728275,7.482905388,8.319629669,7.127686501,8.167677879,7.048121452,8.713197708,7.808215141,13.6438694,7.214720726,7.41421175,"Sepsis"
"GSM1317960",7.336570263,8.280222893,7.017820358,7.706203938,10.97265244,7.571377754,10.47934341,11.44206619,8.177047729,11.13822651,7.236374378,7.10766077,7.023138046,8.704200745,11.61028576,7.970829964,7.435966969,7.122665405,7.117711544,7.408559799,9.943490028,14.61182499,7.956719875,7.946602345,7.134083748,10.28822899,10.5497961,7.540375233,13.08562183,14.51778603,7.551115513,7.630561352,8.218616486,7.836392879,7.217701435,9.606063843,11.6700573,8.051870346,7.268437862,10.21181202,9.412771225,7.766624928,7.257722378,8.537360191,8.275727272,7.544445038,7.19323349,12.07038212,7.520561218,10.4930172,7.125309467,7.075690269,10.64368725,10.43802071,9.464895248,11.17614079,7.197351933,10.93220139,8.259270668,7.37242651,7.092249393,8.004110336,7.831945419,7.471576691,7.428995609,7.609279633,7.178786755,8.544868469,7.087889671,8.979877472,8.082048416,13.11397552,7.103061199,7.798945904,"Sepsis"
"GSM1317961",7.233219624,7.263763428,7.072066784,7.213247299,10.33893394,8.177360535,10.88182545,10.83682823,8.01189518,11.0855217,7.161772251,7.208098412,7.101537228,8.850444794,10.1976757,8.560488701,7.271303177,7.15755415,7.148241043,7.475532532,9.710276604,14.67478466,7.243373394,8.241370201,7.134319782,10.24027061,11.15325546,7.47647047,13.76200581,14.61182499,7.07701683,7.747727871,8.472824097,7.297966003,7.218466282,8.04101181,12.17865086,7.918206215,7.329291344,8.591268539,8.920248032,7.124070644,7.715673923,8.508228302,8.192655563,7.177051544,7.103994846,12.65859604,7.161873341,10.53089905,7.107427597,7.051553726,9.430150032,11.57397556,9.336523056,9.008932114,7.088521004,11.68399525,8.877329826,7.226241589,7.092864513,7.55777359,7.691823006,7.368443966,7.199022293,7.971046925,7.097936153,8.185858727,7.126308918,8.395069122,8.347641945,13.28892326,7.083138943,7.476093769,"Sepsis"
"GSM1317962",7.093704224,7.68181181,7.111424446,7.414587975,10.78318405,7.865979195,11.05962086,11.11868668,8.375395775,11.1209116,7.183608532,7.153708935,6.999973774,8.270112038,8.009309769,8.631132126,9.461547852,7.113698006,7.306905746,8.422598839,9.900898933,14.65753746,7.583841324,8.238365173,7.110919952,10.47743893,12.62607098,8.160116196,13.77232933,14.18836784,7.468311787,7.226190567,8.244480133,7.494046211,7.305677891,8.627636909,11.21754932,7.61317873,9.37179184,8.973926544,10.48608589,7.15133667,7.647369862,9.42113018,8.558282852,7.438503265,7.208251476,13.09240723,7.658602715,10.40350342,7.205521584,6.922183514,9.250956535,11.71429729,10.46436024,10.10277557,7.281119823,11.2563858,10.00515652,7.300287724,6.981621742,7.706627369,8.131491661,7.245192528,7.234997272,8.276363373,7.082200527,9.032719612,7.07047081,8.612478256,8.139079094,14.13190746,7.166965485,7.921435833,"Sepsis"
"GSM1317963",7.222365379,7.945728779,7.039339066,7.569110394,10.40178204,7.806423187,10.5919199,10.91038418,8.13230896,11.90428162,7.040949821,7.173247337,7.066203594,8.647661209,12.00722408,7.891392708,7.714723587,7.15031004,7.011631489,7.445414543,9.733234406,14.17344284,7.675801277,8.101626396,7.097054482,10.16425705,10.41477013,7.284920216,11.91891956,14.28796482,7.734498978,8.10340786,8.356863022,7.635775089,7.211583614,9.386777878,12.37606144,8.155098915,7.322740078,9.864480972,8.591268539,7.612278938,7.071326256,8.355527878,8.676502228,7.193840981,7.106769562,12.13616371,7.163209438,9.869948387,6.981984138,7.019274235,9.945695877,12.98013592,8.721731186,11.35829735,7.182889462,11.02208614,8.958573341,7.162825584,7.16027832,7.608290195,7.452754021,7.607778549,7.227116585,7.568656921,7.089870453,8.904205322,7.084056377,8.397972107,8.012372971,12.51206017,7.144142151,7.513688087,"Sepsis"
"GSM1317964",7.271339893,7.463051319,7.044836998,7.524264812,11.23862362,8.776062965,9.559476852,11.2413044,8.038132668,8.943826675,7.020223141,7.212102413,7.076544762,8.550869942,7.518792629,8.401873589,8.041998863,7.077871323,7.132437706,7.736358643,10.12020779,14.37623501,7.461462975,8.426251411,7.092747211,10.77729225,12.32496357,7.419696331,13.56163883,14.28796482,7.137789249,7.927226543,7.987062931,7.621571541,7.118895531,8.610780716,13.07059002,8.391077042,8.709897995,9.107158661,9.904278755,7.169248581,7.926377296,9.13494873,8.393269539,7.382131577,7.181271553,13.48360062,7.330641747,10.84743786,7.062520981,7.08848381,10.23020458,12.28438854,9.078969002,8.017589569,7.329388142,10.49644566,9.827799797,7.23759222,7.091356277,7.843964577,7.487994194,7.81374836,7.114197254,8.070589066,7.173404694,8.748706818,7.113061905,9.093459129,8.50663662,14.06663609,7.072087765,7.570531845,"Sepsis"
"GSM1317965",7.603520393,7.422669411,7.099625587,7.420086384,10.12431622,7.183990479,11.0736351,10.55328941,7.989870548,11.48103046,7.182355881,7.107868671,7.117801666,8.460080147,7.923390865,8.505846977,8.372946739,7.064120293,7.070679188,7.959322929,8.95125103,14.59689426,7.829092026,7.82093668,7.126076698,9.956205368,11.03150082,8.138529778,13.70183277,14.69237518,7.069572449,7.064444542,8.65838623,7.163538456,7.195447445,8.416692734,8.464634895,7.41019249,7.933347225,8.950632095,9.895094872,7.274389267,7.921233654,7.822216034,7.845070362,7.223054409,7.051917553,11.14570522,7.655375004,10.50475502,7.186656952,6.999039173,7.84071207,11.22037697,11.11403847,9.46318531,7.374978542,11.95715618,9.320547104,8.802474022,7.02391386,7.546811104,7.82602644,7.097270012,7.160932064,7.963158607,7.265820026,7.91211462,7.141431808,8.777509689,7.782422066,13.14248657,7.094815254,7.131094456,"Sepsis"
"GSM1317966",7.201587677,7.24620533,7.079696655,7.243373394,10.23870373,8.029158592,9.627121925,11.07835579,8.523048401,11.10677719,7.153220177,7.073198318,7.105247974,8.900390625,9.204447746,8.44711113,8.620723724,7.101668835,7.149942875,7.553538322,9.664780617,14.59689426,7.263354301,8.051365852,7.107379913,10.16022205,10.90825653,7.682825565,12.68597794,14.73068142,7.179878712,8.064142227,8.731289864,7.450622559,7.179785252,7.41901207,12.29318619,8.013612747,7.430409431,8.411985397,8.821207047,7.232302189,7.595796108,8.746758461,8.221326828,7.170874596,7.159444332,12.06260967,7.067464828,10.5464716,7.116171837,7.016627312,9.623231888,11.55117226,9.271749496,8.066856384,7.14044857,10.51695061,8.101108551,7.19492054,7.455745697,7.838414669,7.959745884,7.488652229,7.133280754,8.01978302,7.12808609,8.570113182,7.722906113,8.096386909,8.458341599,13.03628349,7.13839817,7.573379993,"Sepsis"
"GSM1317967",7.679871082,7.571818829,7.106740952,7.375438213,10.03760624,7.318760872,11.88011169,11.08322716,8.217686653,8.22256279,7.228547573,7.287754059,7.048563957,8.005316734,7.383981228,8.050567627,9.235502243,7.021978378,7.10089922,7.944863319,10.00380611,14.02818394,7.048676968,7.518689632,7.055483341,10.01234818,11.75961876,8.593391418,10.7977972,14.4536562,7.23864603,7.320153713,8.239583969,7.551554203,7.189201832,8.550523758,9.26047802,7.615724564,7.117367744,9.090848923,8.985590935,7.461904049,7.246145725,7.540697098,7.693865299,7.524264812,7.215755463,11.06193161,8.086969376,9.546170235,7.059705734,7.02175808,7.289906979,10.84954739,11.37851143,7.256072521,7.029712677,12.35242367,7.907753944,8.610780716,7.178733349,7.514081955,8.395820618,7.058414459,7.317576408,7.760989189,7.128796577,8.411301613,7.076544762,8.577730179,7.74028492,13.55254555,7.47933197,7.519733429,"Sepsis"
"GSM1317968",7.212602615,7.288722038,7.013197422,8.016460419,11.12855339,8.464634895,9.951336861,11.41880035,8.474772453,12.44225883,7.11898756,7.159086227,7.000558853,8.405203819,9.587481499,8.657939911,9.559476852,7.045050621,7.085829258,7.910210133,9.622179031,14.75221539,8.019278526,8.593391418,7.132923603,10.72357273,12.4329834,7.723516464,13.55254555,14.2312479,8.336482048,7.711589336,7.982279778,7.923974037,7.206267357,7.790962696,12.44756794,7.620686054,9.899768829,8.278601646,10.14517021,7.144705296,7.821849823,9.522727013,8.794771194,7.40745163,7.119775772,14.06663609,7.308671474,10.06654835,6.969583035,7.055953026,10.35758877,11.82569981,10.07040215,12.22256184,7.40685463,10.40991497,9.341792107,7.226216316,7.080029488,7.501556396,7.980453968,7.664479733,7.046930313,8.342871666,7.120857716,9.504892349,7.037789345,9.165948868,8.58835125,14.33150673,7.262483597,8.124145508,"Sepsis"
"GSM1317969",7.487795353,7.895807266,7.084998131,7.537321568,10.56736374,7.301027298,11.28907967,10.84309864,8.211769104,10.67859173,7.083673954,7.131974697,7.061715126,8.292123795,8.603048325,8.239862442,8.748706818,7.084652901,7.17054987,7.740603447,9.617473602,14.67478466,7.285351753,7.748211384,7.059244156,10.12686443,11.31890774,8.359627724,12.79292393,14.51778603,7.156682968,7.124006748,8.420850754,7.473127365,7.179615021,8.997385025,8.101626396,7.651802063,7.269918442,9.810464859,9.688352585,7.349384308,7.161787987,8.52626133,8.07951355,7.288042545,7.256711006,10.25039577,8.081282616,11.05485344,7.175881386,7.045795441,7.637660027,10.82038498,11.27316189,8.099320412,7.159117699,12.20909309,8.865915298,7.906066895,7.119709969,7.636161327,8.814996719,7.206179619,7.224918842,7.692436695,7.189069271,8.538636208,7.063194275,8.640639305,7.789229393,13.63367081,7.238733292,7.492602348,"Sepsis"
"GSM1317970",7.280628681,7.619345665,7.083873749,7.278896809,10.25039577,7.809838772,12.15764618,10.94541359,8.461213112,8.922545433,7.185333252,7.105197906,7.130308151,8.206390381,7.409317493,8.621624947,9.916854858,7.120299339,7.190862179,7.865979195,10.52395535,14.7777586,7.138321877,7.879426003,7.192276478,10.03251076,11.72797203,7.886280537,12.50179195,14.5812521,7.128519535,7.196185589,8.300628662,7.383921146,7.130558491,8.755539894,9.641392708,7.426958561,7.409826756,9.519246101,9.677475929,7.326423168,7.168440342,8.015266418,7.970829964,7.281280041,7.160883904,10.90825653,8.276065826,10.01885891,7.083209991,7.025459766,7.890957832,11.93791866,10.42857742,7.662621975,7.01220274,12.77439117,8.330273628,7.658059597,7.05483532,7.512207031,8.720740318,7.280359268,7.23912859,8.305303574,7.208275318,8.630711555,7.135856152,8.082048416,7.746263981,13.66257,7.301027298,7.439862728,"Sepsis"
"GSM1318041",7.415318489,7.816116333,7.027830601,7.617776871,11.06648064,7.796284199,10.69764328,11.18611336,8.212061882,10.41477013,7.211833,7.30054903,7.099389553,8.218916893,9.281354904,8.058384895,8.573038101,7.065103054,7.184823036,7.947024822,10.12815189,14.28796482,7.390285492,7.870001316,7.157343864,10.28374672,10.93878365,7.842596531,13.37489033,14.34638786,7.001582146,7.55777359,8.260569572,7.74173069,7.134817123,9.060350418,10.28674889,7.901911259,7.828904629,9.306342125,9.902009964,7.378314972,7.648201942,8.339522362,8.361303329,7.69258976,7.158772469,11.60014343,7.871962547,10.6008873,7.071945667,7.095564842,8.629374504,11.02208614,10.340518,7.687570095,7.368443966,11.34429264,8.669259071,7.82093668,7.162621021,7.974673748,8.228878021,7.108448029,7.354952812,7.852410793,7.095309734,8.798772812,7.124194622,9.309333801,7.971511364,13.55254555,7.190454006,7.766470909,"healthy"
"GSM1318042",7.314108849,7.666453362,7.094490528,7.519098282,10.62861919,8.087677956,10.53982162,11.42746353,8.565928459,10.65879917,7.079461098,7.2443223,7.181678772,7.962710857,8.998031616,8.265664101,8.297286987,7.105376244,7.227724075,7.806603432,9.959717751,14.62656593,7.120284081,7.626804829,7.173072338,10.21752071,11.04541588,7.860785007,13.17373753,14.5812521,7.098378181,7.282251358,8.404104233,7.612535477,7.145380497,8.619884491,10.23020458,7.796619892,7.408118248,8.884981155,9.624206543,7.125056267,7.568410397,7.895602226,8.064407349,7.691683769,7.042497635,11.71129131,7.61651659,10.35155106,7.502068996,7.022472382,8.612957954,10.79994011,10.4002409,7.489304066,7.31224966,11.23374939,8.177923203,7.774436951,7.154162884,8.167402267,8.13500309,7.134366035,7.19782877,7.712491989,7.194135189,8.773565292,7.068977356,9.088124275,7.986165047,13.47520256,7.297921658,7.645340919,"healthy"
"GSM1318043",7.846945763,7.454734802,6.990881443,7.426185608,9.501254082,7.822744846,10.66875744,11.10891438,8.474351883,10.36376381,7.137053013,7.168849468,7.058390617,7.89678669,9.008932114,7.854512215,8.360331535,7.250303745,7.110024929,7.787755966,9.596787453,14.56532383,7.24239254,7.441348553,7.120164394,10.17526817,10.45776749,7.504142761,12.30735588,14.67478466,7.13884306,7.158138275,8.459033012,7.689622879,7.115908623,8.111381531,9.722079277,7.776124001,7.07118082,8.755068779,9.477777481,7.199621201,7.324451447,7.596712589,7.904182911,7.303239822,7.114197254,10.64743328,7.591125965,9.884144783,7.047696114,7.152095795,8.805041313,10.94096756,9.895094872,7.358286381,7.239097595,11.30797958,7.555706501,8.525068283,7.103061199,8.184126854,8.023329735,7.063033104,7.249147415,7.461904049,7.264241695,8.886582375,7.034724236,8.958573341,7.680343151,12.76797771,7.134269714,7.663915634,"healthy"
"GSM1318044",7.398890972,7.409747601,7.077628136,7.777309895,11.61667728,8.053638458,9.161899567,11.24374485,8.306266785,13.60636997,7.170926094,7.076485634,6.972617626,8.36974144,12.39024067,7.960627556,7.991698742,7.120670795,7.072947025,8.283489227,9.703281403,13.81528187,9.786655426,8.62249279,7.089323044,10.44628525,10.81633568,7.663349152,13.94167805,14.64205265,9.723158836,7.97245121,7.892584324,7.847632408,7.161605358,8.103673935,13.63367081,8.433710098,9.800580978,8.504714966,9.344155312,7.174346924,7.92680645,9.603194237,8.751630783,7.533061504,7.184008598,13.62398815,7.317251682,10.80391884,7.077910423,7.148365498,12.15764618,11.16868782,9.992839813,13.89495754,7.455256939,9.914548874,9.037723541,7.77202177,6.977026463,8.128528595,7.639691353,7.482439041,7.155341625,7.672825336,7.103271008,8.797336578,7.055787086,9.494381905,8.457577705,13.10755539,7.047272205,7.803187847,"healthy"
"GSM1318045",7.32877779,7.457078934,7.037285805,7.690797329,10.74897575,8.113264084,9.092214584,11.12617207,8.574298859,11.9302578,7.214220047,7.182924271,7.076485634,8.64901638,11.66619396,7.754388332,7.658059597,7.091598034,7.15444994,8.099570274,9.279887199,14.13190746,8.037901878,8.321543694,6.997602463,10.86284065,10.36233139,7.733540058,13.73166943,14.24457741,8.520998955,7.991256714,7.980214596,8.007923126,7.1873312,7.995755672,13.40742397,8.176457405,8.867464066,8.410573959,9.483012199,7.225781441,7.810907841,9.440750122,8.388185501,7.728077412,7.109004498,13.0426712,7.201395988,10.82236576,7.117848873,7.151100636,12.04212284,10.81633568,9.544267654,12.89319229,7.363553047,9.897337914,9.040710449,7.494909763,7.19571209,8.162398338,7.418330193,7.222789764,7.085432529,7.591238499,7.053948879,9.036425591,7.115528584,9.365460396,8.333668709,12.57162189,7.041801453,8.01025486,"healthy"
"GSM1318046",7.128889561,7.902925014,7.023873806,7.825304985,11.49039268,7.936402798,10.34501553,11.2650938,8.371481895,12.89973545,7.308954239,7.096206665,6.999198914,8.421185493,12.68597794,8.14955616,8.2886343,7.041524887,7.130464554,7.672535896,10.03640461,14.30151463,8.685464859,7.920381069,7.020887852,10.37807465,10.83682823,7.653831482,13.21240616,14.11873436,9.633761406,7.876849651,8.016221046,7.889310837,7.174434185,8.983823776,13.37489033,8.282230377,8.459736824,9.589304924,8.671969414,7.453933716,7.717550755,8.996179581,8.535351753,7.484041691,7.163858891,14.1455946,7.51566124,11.01511955,7.124364376,7.102929115,12.17012978,11.0736351,10.03866863,13.87110138,7.213403702,11.03393459,8.616409302,7.362728119,7.072585106,8.098798752,7.952137947,7.226712227,7.409747601,7.755692482,7.136051655,9.380456924,7.066075802,9.13494873,7.983655453,13.2358284,7.133188248,8.313891411,"healthy"
"GSM1318047",7.364169121,7.955823898,7.044003963,7.76167202,11.15325546,8.155955315,10.04388237,10.94766617,8.118083,12.2399683,7.155455112,7.143435478,7.149117947,8.06659317,10.39696121,8.103137016,8.400136948,7.123554707,7.103816509,7.995287895,9.91571331,14.37623501,8.741456032,8.22256279,7.14230299,10.37637329,10.78318405,7.5719347,14.10523796,14.43885326,8.666035652,7.658332348,8.107665062,8.004826546,7.117559433,8.714654922,12.0466032,7.94246769,8.674232483,9.329683304,9.606063843,7.446491718,7.602772713,8.644975662,8.72894001,7.675209999,7.244688511,13.22806835,7.561830044,10.66068745,7.043762684,7.040086269,10.98141289,11.04074669,9.431847572,12.81054211,7.266102791,10.57813454,8.795275688,7.625881672,7.119617462,8.211144447,7.804615498,7.18552494,7.227856159,7.908142567,7.160438538,8.646320343,7.188499928,9.28672123,8.304340363,13.33539295,7.294264317,7.54573679,"healthy"
"GSM1318048",7.251420975,7.618170738,7.033071518,7.580951214,10.78729343,8.135538101,9.918979645,10.8711834,8.250575066,12.8229599,7.218521118,7.092249393,6.980479717,8.06659317,10.13069534,8.395446777,8.274752617,6.976592064,7.294006824,8.177923203,9.363003731,14.4536562,8.580227852,8.197092056,7.090555668,10.44932556,11.02916622,7.81036377,14.25828743,14.51778603,8.749689102,7.486018658,8.119444847,7.789229393,7.287514687,8.459033012,11.96470451,7.616116047,8.963860512,8.875818253,9.942214966,7.267088413,8.329912186,8.395820618,8.288314819,7.417126179,7.022651196,13.34326267,7.53437233,10.36070156,7.089747906,7.077489376,10.33587456,10.81046486,9.612820625,12.96003246,7.752713203,10.50809765,9.288983345,7.422186375,7.221455574,7.923585415,7.639145374,7.122940063,7.072209835,7.874871731,7.052155018,8.379481316,7.128240108,9.258307457,8.289924622,13.24368191,7.222238541,7.662915707,"healthy"
"GSM1318049",7.5719347,7.715987682,7.066291809,7.927637577,10.92586136,8.312555313,9.672478676,11.31055069,8.207606316,12.56590748,7.219770432,7.16324234,7.043156624,8.107419968,9.574062347,8.534601212,8.012611389,7.146268845,7.154584408,8.189665794,9.438454628,14.43885326,8.759493828,8.550869942,6.96991396,10.70542049,10.87730408,7.458552361,14.18836784,14.5812521,8.322174072,7.705445766,8.143276215,8.066106796,7.165188313,8.297286987,11.65621376,7.76083231,9.096149445,8.744324684,9.95492363,7.28481102,8.135821342,8.497247696,8.810276985,7.589186668,7.195002556,13.12164688,7.432099819,10.50143051,6.961186409,6.998269558,9.884144783,10.79994011,9.320547104,12.50709248,7.6353755,10.13069534,9.220555305,7.892368317,6.988174438,8.134195328,7.753543377,7.264513493,7.189935684,8.153367996,7.095292091,8.574731827,7.018740654,9.215382576,8.80765152,13.39926815,7.093239784,7.580115318,"healthy"
"GSM1318050",7.770195007,8.038132668,7.047527313,7.414879799,10.26482964,7.700164795,12.22690201,10.34985065,8.078974724,9.885280609,7.208120823,7.183806419,7.053869724,8.037684441,8.466979027,8.281877518,9.226264954,7.049977303,7.089053631,7.884459496,10.34501553,13.90617275,7.201817036,7.456624031,7.043580055,9.343364716,11.44497204,8.107908249,12.04212284,14.06663609,7.142363548,7.273279667,8.357172012,7.48178196,7.062134743,9.660102844,9.469156265,7.828904629,7.065651417,10.31659412,8.731289864,7.457170963,7.130985737,7.999007225,7.525550365,7.568867683,7.233304024,10.68238735,7.767626286,10.72740173,7.108970642,7.039566517,7.85754776,11.62016582,11.38113976,9.510412216,7.097920418,13.03628349,7.784032822,9.059139252,7.3619771,8.113005638,8.332362175,7.09865427,7.382871151,7.858315945,7.060918808,8.212672234,7.101569176,8.744812965,7.416312695,13.6539793,7.274205208,7.426647663,"healthy"
"GSM1318051",7.813920498,7.955155849,7.066923618,7.472774506,9.848631859,7.749025822,12.13616371,10.37007713,7.834723473,9.948023796,7.095088005,7.051038265,7.031998158,7.892368317,8.076939583,8.332362175,9.824755669,7.005698681,6.978589058,7.987062931,9.9053545,14.59689426,7.148478508,7.440517426,7.04961729,9.475178719,11.25391865,7.937295914,11.67346382,14.56532383,7.137588024,7.2415061,8.137145042,7.518792629,7.107771873,9.498630524,9.202297211,7.608422279,6.948716164,10.12946987,8.695281982,7.585926533,7.233191013,7.718278408,7.700030327,7.456721783,7.232224941,10.59375095,8.108439445,9.839710236,7.220714569,7.106497288,7.340236187,12.11074257,11.31055069,9.042035103,7.133757114,12.81680679,7.621453762,8.663826942,7.340629578,7.922719955,8.759493828,7.145171165,7.364352703,7.825657845,7.108760357,8.248840332,7.043098927,8.708985329,7.405190945,13.42400551,7.290356159,7.511127949,"healthy"
"GSM1318052",7.573139191,7.329236984,7.020561695,7.599120617,9.513016701,7.787755966,11.53818226,10.8711834,8.57683754,8.798772812,7.134581089,7.219647884,7.079423904,8.087439537,7.494144917,8.132027626,9.520923615,7.08780098,7.119018078,8.076457024,10.20744133,14.18836784,7.080334187,7.406926632,6.982109547,9.474302292,10.56192589,8.345272064,10.74897575,14.4536562,7.037285805,7.306408882,8.087961197,7.583720207,7.143510342,8.131491661,9.386777878,7.545969963,7.185749531,8.477876663,9.211262703,7.240701675,7.062755108,7.496905804,7.538080692,7.5397048,7.195733547,9.738188744,8.027229309,9.598514557,7.017179966,7.10155201,7.832910538,11.88011169,11.71129131,7.149101734,7.158829689,11.96099472,7.873318195,8.532834053,7.455256939,7.755842686,8.72267437,7.076938152,7.072686195,7.769147396,7.131865978,8.739024162,7.084429264,9.193637848,7.484692574,13.28164196,7.344552994,7.591125965,"healthy"
"GSM1318053",7.401842594,7.419924259,7.062680244,7.624843597,9.724136353,7.864214897,11.39300251,11.09276199,8.557855606,8.488840103,7.191541672,7.174049377,7.385722637,7.996454239,7.511463642,8.239276886,9.534302711,7.112324238,7.056882381,7.874687672,10.82038498,13.46693134,7.120497704,7.360361099,7.025500298,9.362225533,10.69561958,8.504374504,10.38583183,14.37623501,7.034516335,7.433931351,8.193524361,7.619345665,7.157687664,7.920173168,9.267959595,7.510015965,7.186209679,8.330998421,8.868601799,7.276026249,7.076899052,7.283252239,7.690797329,7.194116592,7.217417717,10.25187874,7.942037106,9.545193672,7.092284203,7.211719513,7.565165997,12.65859604,11.47144318,7.16791153,7.0503335,11.91891956,7.795364857,7.962477207,7.214289665,7.542138577,8.340860367,7.169497967,7.069043636,7.74494791,7.120101452,8.809166908,7.074221611,8.865915298,7.61278677,13.50852966,7.301977158,7.63845253,"healthy"
"GSM1318054",8.162934303,7.561488152,6.923203945,7.669964314,9.435203552,7.615222454,11.92645645,10.27346992,8.240764618,8.85573864,7.111999989,7.192587376,7.060652256,7.964910507,7.4591012,7.978586674,10.10277557,7.046148777,7.156814575,7.754883766,10.39070702,13.25111866,7.037147999,7.277168751,7.017476082,9.336523056,10.31809998,8.23413372,10.17131233,14.02818394,7.094409943,7.171189308,8.165449142,7.601998806,7.098142147,8.132027626,8.554898262,7.421374321,7.192690849,8.460463524,9.425143242,7.245577335,7.048537731,7.611233711,7.483434677,7.437853813,7.161523819,9.936182022,8.095152855,9.314517021,7.061548233,7.045642853,7.077609062,12.18321705,11.10199451,7.547610283,7.113433361,12.41922092,7.465110302,9.000462532,7.099853516,7.718278408,8.397273064,7.07592535,7.184025764,7.709930897,7.186598778,8.168209076,7.02875948,8.766014099,7.24173069,13.19629192,7.247038841,7.160127163,"healthy"
"GSM1318055",8.839367867,7.221055984,7.088205814,7.611907959,9.501254082,7.33979702,11.62659454,10.65681362,7.539465427,9.678401947,7.253470421,7.195868492,7.074464798,7.999233723,7.383664131,7.570892811,9.265670776,7.204126835,7.240046978,7.341122627,8.988567352,13.40742397,7.092709541,7.451735973,7.098038673,9.186423302,9.984483719,8.132845879,11.18089676,14.28796482,7.266983032,7.152353287,8.383862495,7.704400063,7.203120232,8.112189293,8.323505402,7.215827942,7.065830708,8.669259071,9.528934479,7.153550148,7.068572998,7.606883526,7.258888721,7.852597237,7.338781357,10.01885891,7.848013401,9.739245415,7.099825382,7.197453499,7.257624626,10.83469009,11.13822651,7.775592327,7.047186375,12.3387146,7.435148239,9.843089104,7.266311646,8.218916893,8.567542076,7.000487804,7.126293182,7.194617748,7.111876488,8.070589066,7.127270222,9.067267418,7.459892273,12.09870052,7.136553288,7.293241024,"healthy"
"GSM1318056",7.418558121,7.854693413,7.059705734,7.348118782,9.445799828,7.445243835,12.18754578,10.27346992,8.186738014,9.044613838,7.174273491,7.109787464,7.102182388,7.666453362,7.499764442,8.543985367,9.491859436,7.195224285,7.15862751,8.077715874,9.984483719,14.05426216,7.110582352,7.200474739,7.188996315,9.432655334,11.1209116,7.984103203,11.19385719,14.43885326,7.13942337,7.0793643,8.198219299,7.376680374,7.199001789,8.68963623,8.679269791,7.226939678,7.142675877,9.300257683,9.250956535,7.289509296,7.240844727,7.446660519,7.491193771,7.441430092,7.172561169,9.94096756,8.466163635,9.316027641,7.041676521,7.061760426,7.416611671,11.58371544,10.77112103,7.809838772,7.085976601,12.83554554,7.614963531,8.002043724,7.196621895,7.64680481,8.607290268,7.135607719,7.181808949,7.828733921,7.150369644,8.239583969,7.128673553,8.48608017,7.374978542,13.57949066,7.339202881,7.196958542,"healthy"
"GSM1318057",7.646875381,7.964697838,6.997442722,7.558010578,9.639433861,7.39640522,11.82569981,10.54301548,8.176457405,8.482568741,7.205804348,7.168179989,7.086605549,7.869620323,7.65150404,8.124939919,9.552453995,7.06618309,7.050418854,8.165154457,10.52395535,14.36129665,7.034114838,7.41345787,7.177699566,9.219807625,10.88854122,7.783850193,11.37851143,14.37623501,7.092864513,7.276413441,7.974448204,7.449691296,7.172370434,8.762077332,9.014922142,7.50014019,7.143785477,9.410335541,9.305599213,7.486501217,7.149420261,7.490739822,7.6182971,7.691823006,7.17671442,10.04656601,8.32089138,9.450078011,7.161637306,7.134397507,7.490180492,12.03850174,10.6267395,7.712352753,7.058990955,12.57162189,7.64999485,8.365119934,7.22521925,7.729652405,8.425178528,7.136008263,7.272707462,7.780845165,7.062966824,8.234428406,7.141953945,8.611653328,7.483567715,13.47520256,7.353260517,7.408118248,"healthy"
"GSM1318058",7.30921793,7.493278503,7.094555855,7.304328442,9.736116409,7.810536861,11.75961876,10.91499233,8.75658989,9.521782875,7.127964497,7.208591461,7.069702625,8.05109787,8.051365852,8.168761253,9.10988903,7.071657181,7.027750492,8.07161808,10.21461201,13.02896786,7.064074039,7.172759533,7.090061188,9.528934479,11.21754932,8.48608017,10.12431622,14.18836784,7.094916821,7.073882103,8.284137726,7.496412754,7.283833981,8.271766663,8.753582001,7.259776115,7.136270523,8.65480423,9.856495857,7.657916546,7.165772915,7.504818916,7.990816116,7.365516186,7.126045227,10.0490799,7.729341507,9.207954407,7.156797409,7.144329548,7.741416454,11.81830311,11.11868668,7.593571186,7.223499775,12.19173717,7.619874477,7.878452778,7.114664555,7.503845692,8.130187988,7.141125679,7.159183025,7.703463078,7.116863728,8.571801186,7.081610203,8.507846832,7.320374012,13.68233204,7.375243664,7.55089283,"healthy"
