"Sample","TNFSF10","TREM1","CD177","PTX3","TNFSF10.1","CCL19","ITGAM","IL10","ELANE","PDCD1","LBP","IFNG","ICAM1","C5AR1","PLAUR","LCN2","TREM1.1","SOCS3","CCR2","S100A9","C3AR1","MMP8","IFNA2","CD177.1","CALCA","CCR2.1","CCR7","VCAM1","BCL2","MYD88","TNF","MMP9","CX3CR1","S100A8","CCL25","NOTCH1","IL6","IFNB1","S100A12","IL1B","CCL2","TLR2","NLRP3","HMGB1","OLFM4","CALCA.1","MAPK14","CXCL10","P2RX7","CRP","HIF1A","IL1R2","TLR4","TLR4.1","IL8","HLA-DRA","TNFSF10.2","HIF1A.1","CD177.2","IL8.1","P2RX7.1","NLRP3.1","CD14","CCL25.1","CRP.1","CALCA.2","TREM1.2","ARG1","CXCL10.1","ARG1.1","BCL2.1","GATA3","NOTCH1.1","CCL19.1","S100A12.1","IL6.1","Label"
"GSM7573967",-2.2598188,1.5599215,-3.2370772,0.72032154,0.6570482,-0.55134344,0.083898544,-0.5034361,-1.0023112,0.8258381,-0.91615486,-0.5900924,0.020051718,-1.2161548,-0.036911726,-0.6178067,0.6587522,1.2573452,1.3251553,-0.591877,0.6256759,-0.3417437,-0.18393755,-3.4011652,0.20280433,0.09389067,1.1982832,0.11302614,0.44972873,-1.1404037,0.83235836,-0.32428265,-0.6800289,0.543766,0.33115053,0.24475884,1.5439365,1.4437332,-0.7225609,-0.23557997,1.8260007,0.353467,1.4838338,0.4720211,0.45575523,0.18672085,-2.5792813,1.2999501,0.779356,-0.21897507,-0.8770466,-1.2446797,-0.47494602,0.15249634,-0.23589516,0.37556124,-0.4516654,-2.1214576,-1.923579,-2.3504024,0.7036145,2.0047045,0.91243553,0.26818228,0.24559116,-0.17485476,0.066426754,-1.1560085,-0.45098782,-1.0813124,0.05670619,0.25999284,-1.0037718,-0.42410564,-0.7903838,0.2569623,"Sepsis"
"GSM7573970",0.08361602,0.57154393,-2.1704175,1.6443022,1.2691097,-1.1392298,0.8668747,0.50258684,-1.7015505,0.08053589,-1.6830668,2.2137794,0.8635328,-1.5501525,0.6919606,-1.3497722,1.6433408,0.36308193,1.8845205,-0.8733702,-0.5861418,-1.2314942,-0.1880269,-1.8714011,-1.9086294,0.35566664,-0.422863,-0.673635,1.143008,-0.002360344,1.6560745,-0.5403757,1.8213339,0.23807812,-0.5102725,1.3601472,0.17568707,-0.41824675,-0.9961262,1.0722547,-0.5983906,0.96591663,1.9421477,-0.45357037,-5.7279654,-0.6656637,-0.79384184,2.7614212,0.95618296,-1.0173745,0.65435266,-2.5085485,-1.8389874,1.2919626,0.35666084,1.0406337,0.14734983,-0.8713875,-2.722617,0.34405994,-0.009132147,1.8889114,0.3923254,-0.5529041,-0.587378,-0.1080327,-0.2643056,-1.4151714,2.4568267,-1.513159,-1.3257139,1.2602403,-1.206563,-0.1813631,-0.9356952,-0.5484619,"Sepsis"
"GSM7573983",0.065310955,-1.0046718,-3.0941927,1.3023404,0.611526,0.66241145,-0.7754817,0.72823143,0.3334384,0.27449417,0.8257897,-0.34819722,-0.68281484,1.0001428,-0.16148543,0.2457521,0.7743399,-1.5636392,0.9615693,-0.23755026,1.0572608,-1.1871746,1.4626789,-2.3066008,1.2216237,-0.60927486,-2.3609242,0.57928276,-0.6347921,-1.7141681,-0.32306337,-1.1973014,-1.2801118,1.0369873,0.7953119,-1.5024211,-1.8501046,0.58289194,-0.24850273,-1.8194385,0.2269721,-0.16299868,0.75577736,2.012013,1.4281864,0.5936227,-1.7747016,0.008884907,0.28557014,0.8100419,-0.47998047,0.32090306,0.70809984,0.7379365,0.18092632,-0.088627815,0.79620457,-0.93416643,-0.5454185,-2.6245837,1.4058692,1.401364,1.2049694,0.8647032,0.6699419,2.077179,-0.46884203,-0.8233063,-0.63101196,-1.4026592,-0.71456647,-0.885473,-0.17205429,1.5230298,-0.3984127,0.7057538,"Sepsis"
"GSM7573997",-1.0908892,-0.5628364,0.76429725,0.024056315,-0.03220129,-0.5832679,-0.35793066,-1.4664817,-1.0616002,0.27687502,-1.4550962,0.05350113,-0.10551906,-0.6302006,1.0822294,-0.5924084,-0.078600645,-0.1317048,0.27339315,-1.7927489,0.7009003,1.4444058,-0.24829626,-0.61070323,1.4279633,-0.63024855,0.19765711,-0.8702884,0.36708665,0.45984793,0.33328867,-1.7670674,1.4653802,-0.39783096,-0.018341541,-0.7049577,-0.103967905,-0.8415017,-1.8560224,-1.2560558,-1.331861,-0.3496337,0.91260815,0.40753412,0.75895023,-0.82919025,-1.4144621,3.3670635,1.5409198,-1.1525126,-0.49674702,-1.8869865,-0.0799098,0.46401548,-1.2556171,1.5865593,0.07113266,-0.32324982,-1.8157561,-0.83737326,0.82501674,1.4249636,-0.07688904,-0.7388897,-0.7504239,-1.1629071,-0.6170573,-0.66920495,1.3144631,-0.37497878,-0.17526078,0.44410062,-0.6762395,-0.700305,-1.9698706,-0.74831295,"Sepsis"
"GSM7574000",1.0000582,0.7268417,-2.1132867,1.7172254,-0.7105975,2.225345,-0.46224594,0.8175907,-0.511256,0.801064,2.8874154,1.1837479,-0.8045709,-2.7062278,-3.9217954,0.5455916,1.298394,-2.3412051,-0.67293215,-0.86583614,-0.37657094,1.5207303,2.9688797,-0.21466184,2.0787861,-2.1629934,-0.18438435,3.3100777,0.52119803,-3.8343337,0.5580225,2.5767736,0.60860157,2.913744,2.4127245,-2.3864505,1.5360289,3.2961679,0.76112556,1.0219078,2.4591665,-0.44614887,0.49821997,-1.1668267,3.1058283,3.450251,-3.922266,2.1596193,-0.39722478,3.0677414,0.74074316,-4.9522114,-2.1182923,-0.056765556,2.8810747,-0.827888,-1.0922704,-2.0394633,1.2331569,-0.85356796,-1.4396627,-0.2478975,0.14077568,3.4024045,3.396943,3.0437584,-0.46990728,0.41915393,2.1104064,-1.1478631,-2.1912382,0.7168653,1.1964889,2.4596534,-0.15306997,3.8685431,"Sepsis"
"GSM7574009",0.12628102,-0.9216249,0.39750028,2.50907,0.45816565,-0.26505303,1.3526406,0.7904849,-0.011324883,0.20974731,1.2619717,-0.5993805,-0.5629785,-1.8868287,0.42653632,-1.5365288,1.5056984,0.62776804,1.5279717,0.73955727,1.5511839,-0.6290209,2.2932832,1.5041745,0.12515807,-0.28698015,0.7673106,1.1624379,0.035269976,-0.22676706,-0.37581873,4.1097603,-0.15270948,2.117733,1.6838157,-1.9289415,-0.27922225,1.1539512,0.8130913,-0.2287283,0.5891621,0.8717389,2.0191393,-0.22342348,2.083848,1.958081,-2.5008092,0.8133068,-2.5602918,0.9052501,-0.29821014,0.1564343,-0.26869917,1.4292312,0.74829483,0.29355335,-0.41448784,-0.536252,0.4847405,-3.0357957,0.25118136,1.7653528,0.69753265,1.2811751,1.2751732,0.86211634,-0.11752653,2.473684,-0.06572485,2.8397105,-1.7533972,0.27466464,-0.18830395,0.32057214,0.47235584,1.2674894,"Sepsis"
"GSM7574016",1.0024347,1.1077096,0.91266704,0.37257087,0.086503506,1.6060207,1.2477412,0.31698895,0.562809,-0.47394323,1.3349423,-0.91623783,-0.50927806,-2.1258128,0.042993307,-0.07180762,0.8818476,0.82531214,0.9031396,-1.2329783,-0.17506099,1.3599205,2.4977221,-0.18261027,-0.35759878,-1.1871023,-2.750195,0.8152728,-2.59879,-0.017935276,-0.64333534,2.0780354,-1.16818,1.2602978,1.4662323,0.49617457,0.10493541,0.84552383,-0.3686123,0.5323019,1.0183687,1.3132415,1.0510359,-2.6684012,3.0909843,1.0626726,-1.5292292,-0.31992292,-1.9073002,1.1742387,0.54146194,0.17098832,-1.3821578,0.67276716,0.43296003,-0.20563507,-1.0307474,-1.2190871,0.3909495,-3.388483,-1.0177882,0.7499944,0.16541481,0.9593587,0.944026,1.3366308,0.6375923,4.5455523,-0.402956,4.3871183,-4.7441854,-1.9456007,1.3873525,-0.4295683,-0.8342781,0.9318781,"Sepsis"
"GSM7574018",1.011843,-3.7706058,2.5101826,0.4459027,-0.55579185,1.0245254,0.6859455,0.85791826,-1.0887718,0.35651207,1.714668,-0.9252136,-0.7824366,-1.707555,-0.13900304,-1.3033135,0.6283424,1.8506298,0.6670141,-0.096811295,0.73843265,-0.59425235,2.972179,3.0226848,2.0197523,-0.80315065,1.3586769,1.252337,0.36719966,-0.5338869,-0.2996931,1.735424,0.9406433,1.4854536,2.1981428,-2.2112577,0.6700194,2.1597602,1.0892859,-0.301373,1.1494365,-0.58391666,1.3170533,-0.5693102,0.23881197,1.2173443,-2.6017113,0.015224934,-2.4083664,2.1217103,-0.30571032,-4.2295246,-0.4069786,-0.16374683,0.7747755,0.52328444,-0.67821646,-1.8677897,1.6880505,-3.061739,0.31219792,1.2545873,1.1245146,1.2938075,1.2953644,2.1080906,-0.7603483,0.27514386,0.43249345,0.16220069,-0.8768475,0.46156907,0.37606812,1.0849109,0.5982995,1.2776914,"Sepsis"
"GSM7574034",1.5333896,-2.2395575,-2.6699467,-1.5539361,-3.6061592,2.4513867,-3.7158408,-0.691767,0.14034581,-0.12736368,3.1132798,0.16398048,-1.5031941,-1.1929429,-2.5710835,-2.0883124,-0.8634927,-0.41725588,-3.6136274,-0.5118375,-2.2739217,0.9874332,3.139205,-1.9920645,2.5229015,-2.7564137,1.6697593,2.7589378,-2.5750089,-5.485654,-1.4682856,4.1838665,-4.201742,1.7693729,2.8163013,-2.990938,1.2581713,2.7670975,0.079179764,-1.5184741,1.8861423,-1.5572,1.2651968,2.5423684,3.6280284,2.750867,-3.0988395,1.5024314,-0.9999776,2.4640884,-4.248944,-3.3730392,1.5229526,-4.8275986,2.3614974,-3.389411,-1.0637493,-2.606217,1.9627821,-1.3087192,-2.4663954,-0.5866598,0.3494358,2.8599043,2.8365784,2.4084294,-1.3269961,-0.6730058,1.5095439,-2.9446862,0.72016835,-1.0510626,0.6550784,2.8932135,-1.8663597,2.8629622,"Sepsis"
"GSM7574049",-0.69376063,-0.00041,-3.1044147,-0.3833543,0.32262897,-1.36327,-0.4432268,-0.75518465,-1.6404243,0.33411312,-0.9707813,0.5244155,-0.40960526,-1.9820011,0.6267159,-1.7170336,-0.08949399,0.46346188,0.7210884,-1.9699688,0.051564932,0.005793333,0.7616329,-2.6370924,-0.46082306,0.12733603,1.3215351,-1.0295854,0.7700374,-0.25892544,-0.31027603,-0.4748106,0.7181082,-0.6650095,-1.0869937,-0.17293286,0.25891757,-1.0301876,-1.4012947,-0.005479336,0.7766037,0.529006,0.9332051,-0.7586813,-1.4435015,0.4962921,-1.5062909,0.35729313,1.034472,0.961802,-0.29414415,-2.4713452,-1.5987482,0.30328655,-0.16442442,0.742702,-0.17090368,-0.1250782,-1.123523,0.67979527,0.3722937,1.4813024,-0.22093105,-0.9056096,-0.8859639,0.14275599,0.009012699,0.6685059,-1.9926939,0.75774264,-0.8460405,0.88581634,-0.042049408,1.3681903,-1.6817498,-0.9758768,"Sepsis"
"GSM7574067",1.3742926,0.08446622,0.31253648,1.0629753,-0.05264902,-0.1381762,0.12410593,-1.4129949,2.935001,0.3147111,-1.2858701,0.14416647,0.22106767,0.22415233,-1.2569473,2.6316102,-0.6406982,-0.7377143,0.092247486,-0.36400366,-0.10185599,2.035703,-0.33476448,0.22333837,-1.4659634,-0.15559769,-1.4767442,-0.11372948,-0.6173618,0.17176962,-0.24104452,0.21832609,-1.3949647,-0.048631668,1.2641234,-0.27472472,-2.2837012,0.12274265,-0.5586567,0.9458761,-1.1355562,0.020877361,-1.1039429,0.44898462,5.091772,0.07923508,0.40395737,-1.4513278,-1.7227261,-0.5054765,-0.7319975,1.8687279,0.12992239,-0.11089659,-0.28628922,-0.87674236,0.24097157,-0.57540464,0.61417747,-1.9399781,-0.11345506,-0.69738615,-1.1109052,0.14934683,0.13067818,-0.59970665,-0.002152443,1.4931543,-1.3615961,1.7892153,-0.6758139,-0.246979,0.30496168,0.39940977,-0.57980347,0.080759525,"Sepsis"
"GSM7574077",1.4268506,0.3674767,1.378536,0.96786106,0.19522142,1.2279642,0.03549719,-0.54561377,0.21364498,0.6611638,-0.15357208,-0.91141224,0.23412347,1.4396932,-0.9069989,2.1864188,0.64023805,-0.10672903,-0.49201345,0.3652897,0.7925608,2.2439644,-0.23685122,1.9884369,-1.2478886,0.3663187,0.33842993,0.07351208,0.26589036,-0.75964594,0.8561301,0.8629813,-1.6711726,0.6765499,-0.1408143,-0.9856713,-0.060157776,0.061985016,0.69470406,-0.047589302,-0.55736494,-0.2179904,-0.67419434,0.410666,4.623824,0.08274269,0.57896614,0.53339386,-2.0195947,-0.267941,-0.06578636,1.0214732,0.6708379,0.26472712,-0.3142066,-2.0129595,0.57824516,0.18588352,1.0393875,0.349648,0.002286673,-0.6661285,0.13037872,0.2020793,0.13238621,-0.3056264,-0.12070894,1.0128496,-1.1827602,0.70452714,0.29583097,0.75594115,1.2583928,-0.42873287,0.7193847,0.49093628,"Sepsis"
"GSM7574079",1.4688656,-0.8028648,3.0407512,3.3173232,-0.29438543,2.014518,0.19500303,-0.6367779,1.5231638,0.0483284,-0.4646039,-1.9565825,-1.0887744,0.9719703,-1.4262669,3.3683388,-0.61673,-1.5840421,-1.035049,-0.05763626,0.004365206,3.832565,1.088687,3.3279545,-0.120970726,0.049143314,-1.4346757,0.62515116,-0.8695209,-0.6835971,-0.16002703,2.2973328,-1.5965781,0.6033001,-0.32913256,-1.2239034,0.8886545,0.73845243,0.39094162,-1.2923198,-0.3624196,-0.70351076,-1.6049623,-0.11472845,5.4147043,0.758101,0.5408821,-0.5963931,-3.1957312,0.27131176,-0.5896716,2.197842,0.69983244,0.009542942,0.3372078,-1.1381159,0.35790253,0.29050875,2.478267,-1.7719367,-1.0243022,-1.4836425,-0.81331396,0.83288765,0.80522156,0.25070333,-0.49224377,3.1417968,-0.6018729,2.787161,-0.85869145,-1.7764194,1.1841683,1.0938339,0.26861858,0.77540493,"Sepsis"
"GSM7574084",0.7800133,-1.014663,1.3268173,1.5836328,0.9183469,0.9351294,0.50061274,-0.63223267,3.2281127,-0.7467408,-0.332448,-0.12049532,-0.16045737,1.2960832,0.69672084,0.8765538,1.3948567,1.2943301,0.76890135,0.95274734,-0.788512,2.1037495,0.82051945,1.1725132,1.7846937,-0.45979452,0.41896296,1.4439881,0.13870549,0.40652323,0.49929,4.2762184,0.48483324,0.4888134,2.2012744,0.13733888,0.5835841,1.4540615,1.7675304,1.3550158,0.76011133,0.82967615,1.3131485,1.1682305,5.5639505,1.2188768,0.7708826,-1.2162209,-0.6706133,-0.39745474,1.1790419,2.0993207,1.4088483,1.897119,-0.3799796,-1.0613089,1.0173845,0.4815488,2.0488856,-4.3374767,-0.13612008,0.76741946,0.56492233,0.15157557,0.11500645,2.2998428,1.1184273,3.0418546,-1.316112,3.036195,-0.41026568,0.1566813,-0.4231677,1.554275,2.3280215,0.7277546,"Sepsis"
"GSM7574087",2.1088088,-0.8468387,-0.34742522,0.105602145,0.25553417,0.28596044,0.41920185,0.17301512,-3.1955776,0.31215572,-0.3892269,0.58196354,0.6135671,0.10900617,-1.492388,0.5195272,0.15264869,0.20078468,0.13096237,0.6417675,-0.004365206,-1.0747683,0.64723444,0.243572,-0.47151804,-0.86320305,-0.07610512,1.6237135,0.7100885,0.32717896,1.1046181,-1.699606,1.1063681,0.3732891,0.4332111,-1.0737278,-0.3112979,0.52136135,-0.23922443,0.7400298,-0.21193457,0.17978,-0.006392956,0.57201576,-2.8873506,0.51987743,-1.2689795,0.5667734,-1.8469148,2.9948597,0.000556,-1.1117451,-0.56267834,0.30828,0.09643793,0.46716547,0.23314905,-0.4046712,-0.80774426,-1.7510471,1.3606036,-0.12899053,0.4706049,0.5962386,0.6180396,0.9740164,-0.42304707,-2.3210328,0.4710307,-2.023214,-0.50508666,1.2772281,0.080142975,-0.68054485,-9.68e-05,1.4350533,"Sepsis"
"GSM7574094",-0.57175374,0.33812356,-4.542989,-0.8126861,0.8440304,-1.1974995,-0.13076115,-0.38675404,-0.45083904,-0.829443,-1.1915088,-0.8966894,-0.14856935,-0.09530616,0.03250432,0.12082267,0.61427855,-0.4274168,0.5212431,0.15195274,-0.27144647,-0.8550565,-0.8374629,-5.2557344,-0.6870885,0.36249018,0.8691931,-1.4457593,0.59112144,0.091630936,-0.42748928,-3.0915213,0.29083252,-1.0797882,-1.7364507,0.05279708,0.19712329,-1.4250402,-0.36444855,-0.6374974,-0.49456835,-0.19237614,0.5838313,-0.13694477,-2.7669506,-1.3904057,-0.18384314,-0.73620415,1.2844234,0.5788803,-0.4314704,-2.3632882,-0.85171986,0.22110462,0.06459379,0.6581731,0.37559652,-0.12308216,-3.504801,0.9653702,0.9950583,0.77130044,-0.40920067,-1.2814603,-1.3374329,-1.7649388,0.6009364,-2.531659,0.5440273,-2.3527157,0.4488423,0.48803496,-0.65780926,-1.6956091,-0.001896381,-1.3430023,"Sepsis"
"GSM7574097",-1.3385746,1.7659667,-0.7555878,-0.20791972,0.017791748,-1.1983907,-1.0661316,-1.140266,-0.06929207,-0.7875509,-1.4293566,0.38711834,-0.030701876,-0.1732738,-0.000331,2.142224,0.09682536,-0.1648674,-0.8270607,-0.1062603,-0.7982676,1.801832,0.8241644,-1.3898633,-0.6620345,-0.6693816,0.65673447,-1.022161,0.76176524,-0.115148544,-0.14716816,-2.2193718,0.010894775,-0.96863174,-0.634253,0.2666042,0.11827159,-0.08681679,-1.3137627,-0.90760756,-1.1915469,-0.738492,-0.3926549,0.24283314,2.0545373,-0.9350276,0.30538797,0.22441244,0.7064724,0.41694212,-0.123734,-0.8243849,-0.55117035,-0.42074776,-0.36877918,-0.08582163,-0.48271513,0.47588825,-0.6338036,3.1401138,0.46059728,-0.08850753,-0.7668247,-0.68627024,-0.024838448,-1.3666086,1.0780444,-0.7891414,0.5982795,-0.79539895,1.129,0.5795944,-0.39246082,0.03358221,-1.0743041,-0.8875513,"Sepsis"
"GSM7574098",1.3056009,0.92897105,1.5010545,0.5611733,-1.0754075,5.0765505,-0.3481841,-1.1785123,-0.7795615,1.4622054,1.9961658,-0.48013043,-0.8365514,0.044082403,-2.2003224,2.1910427,-0.90940404,0.9365306,-0.6246314,-0.21792746,-0.22877383,1.6798172,1.170351,1.6210396,0.22208929,-0.08860159,1.0520005,1.4736142,1.0314343,-1.5693622,-0.38114643,1.2607446,-1.2677054,0.67318153,0.88626385,-2.448104,-0.91964364,1.5069447,0.003480911,-1.2300758,0.5094776,-0.93357515,-1.4763288,0.38445044,4.645109,1.5389831,0.24597979,0.3592081,-2.04171,1.1727724,-0.3374195,0.70318055,0.8082366,-0.50000334,1.105176,-1.9763088,0.06960487,0.3255601,0.6100602,-0.90286255,-0.8920901,-1.7059249,-0.53142166,1.6145363,1.6267004,1.143374,-0.58231115,1.1666028,0.2509904,1.1464646,1.8601162,1.05456,1.1713977,0.1523838,-0.06826973,2.1770256,"Sepsis"
"GSM7574106",-1.0529494,-0.98241687,3.8426259,1.2755355,0.034321785,-1.6788051,0.33210564,-1.2727585,3.1959305,-0.93592167,-1.414536,-0.7410617,0.51009345,0.41048074,0.0763638,2.7135751,0.55455947,-0.018127441,-0.90269184,0.43281937,0.104127645,4.5123024,-1.0145159,3.5892198,2.9900513,-1.2171712,0.3967533,-0.7861161,0.84280276,0.4105711,0.000855,1.8277397,-1.8523569,-0.20124817,1.720881,0.5130098,0.7613485,-0.71109724,0.66002846,0.10122061,-1.3536625,-0.087986946,-2.1392217,0.031514168,3.041593,-0.66686106,1.343595,-1.9458351,-0.9077792,-0.65694,0.044920444,2.6643274,-0.40342808,0.065039635,-1.1159062,0.038763523,-0.16286898,0.49200535,2.3887365,1.6285982,-1.5434902,-1.9153031,-1.3817053,0.4975257,-0.61377954,-1.1354713,0.26831675,2.0603573,-2.0313368,2.3571136,0.5890372,-0.40466905,0.013035774,-2.099872,0.98593664,-0.018546104,"Sepsis"
"GSM7574119",-0.5007274,-1.5407946,0.44182134,0.46093166,-0.11336136,-1.4218647,0.14945507,-0.1819644,-0.08339262,-0.12822914,-1.8499346,-2.2637343,-0.044956446,0.4318335,0.052185297,1.2164228,-0.59469056,-0.8983412,0.7078934,0.14863777,-0.37774682,1.5265744,0.79218245,0.35061622,-1.4970269,0.94773626,-0.8937912,-0.8297639,0.025087118,0.004542351,0.9476032,-0.41338062,-0.7567196,-0.51869583,0.11095905,-0.4788506,-0.20816588,-0.7205572,-0.07796097,-1.5989003,-1.2337399,-0.54681396,0.42347097,0.5470896,1.6607451,-0.6870551,0.004198551,-0.50644445,0.96841955,0.20852423,-0.65490866,-1.047477,-0.331748,0.040808678,-1.1358671,-0.24698782,-0.37013292,-0.2805524,-0.59506917,0.92827797,0.59263253,0.44567406,0.25891685,0.5705228,-0.61848354,-1.1876483,-0.22792101,-1.5091636,-1.2535357,-1.1309083,0.24699426,-0.051222086,-0.49167347,-1.06952,0.18444109,-0.6787033,"Sepsis"
"GSM7574126",0.82913375,-2.0831397,5.485568,1.8564023,-0.33456612,-0.8334048,0.34139633,-1.2145305,0.68305254,0.5600462,-1.7763481,0.5771036,-0.7882998,-1.0699794,-0.9657867,2.4613445,-1.1799166,-0.7459135,-0.8695631,-0.95944214,-0.47589898,5.223032,-0.82975626,3.6657884,0.2771659,-0.88832426,0.67211914,-0.73104143,1.0450132,-0.15633678,0.5236187,0.53011703,-0.1979084,-1.0959091,0.014939785,-0.33187413,0.5033572,-0.8998852,-1.1177835,-0.8328519,-1.0588455,-1.2932816,-1.0168986,0.068081856,3.5410342,-0.8456607,0.10649061,-2.041109,0.09798384,-0.58522224,-0.794538,-0.18875623,-0.46350288,-1.3903589,-1.2990999,-0.52022314,-0.4460206,-0.32129478,1.6099899,-1.0326362,0.08546662,-0.9543885,-1.2181034,-0.7683425,-0.7782955,-0.28416443,-0.9598675,0.5942242,-1.036253,1.4389217,0.99278665,0.76413894,-0.5323725,-0.3362794,-0.7533765,-0.82078123,"Sepsis"
"GSM7574130",0.43626046,1.2494586,3.1709359,-0.50338805,-0.053337097,-0.605108,0.39390087,-0.07285452,-1.0551801,-0.25791264,0.005738258,0.44652033,0.38055873,0.56433225,0.029107332,1.0474546,0.48046947,-0.41793728,0.1418724,-0.17773342,-0.31011987,2.185496,-0.11163044,2.4781044,-1.0465279,0.0739274,-2.255478,-0.9764333,-0.8429692,0.31745148,0.8546667,1.101635,0.30997086,-0.16103077,-0.56148815,0.3996055,-1.5351136,-0.9357543,0.3379488,-0.32235575,-1.6407151,-0.2579651,0.36685038,-0.47094727,1.273274,-0.79276276,1.3881211,-2.0058804,0.79427147,0.60363054,-0.108539104,1.0718114,0.44593906,-0.14282894,-1.3479848,-0.41404104,-0.047194004,1.0187244,2.238454,1.6464548,0.5091984,0.4640628,-0.49535465,-0.80866814,-0.81536007,-1.2944875,0.5851407,0.9767277,-0.6241884,1.1783063,-0.64319825,-0.36609626,0.58433056,-0.43902636,0.3962903,-0.8692093,"Sepsis"
"GSM7574133",0.23058057,3.407478,-1.4168212,-0.60391057,0.11396456,-1.1079252,-0.2735715,-1.3046288,-0.7831135,1.303618,0.07052851,1.3882351,-0.46034408,0.3959701,-0.34206414,0.15376878,0.3247645,-2.4721951,-0.5542054,-0.67699194,-0.88536334,-1.5614822,0.85578585,-1.8836296,0.2788682,-0.42125845,-1.8290315,-0.5552573,-0.089740515,-0.07984209,-1.6538405,-0.7068753,0.34262514,-1.0398636,-0.2634921,0.7297461,-1.6674788,-0.52534485,-1.3300166,-0.58558846,-1.354372,0.7318797,-0.6106224,0.21189833,0.7413397,-0.4623685,0.7465534,0.007015705,0.67622757,-0.026375294,-0.49846268,2.7322085,0.5599408,-0.3461337,-0.34634972,-0.38872433,-0.055820465,0.32097387,-1.2172854,1.9873271,0.17696834,-0.34335458,-1.571176,-0.36445713,-0.41340542,-0.7753606,2.08315,0.89795184,0.76823664,0.87811875,-0.31528068,-0.18823028,0.14393854,-1.8379555,-1.2233458,-0.4624505,"Sepsis"
"GSM7574137",-0.30440688,2.2410939,-3.4683383,-0.50148785,-0.6314993,-0.45985103,-0.86660576,-1.0889244,-0.76509905,1.2680473,-0.7081766,1.1263113,-0.30364442,-0.6158149,-1.1503656,-0.10643029,-0.08201051,-1.8461542,-0.54854774,-0.50378036,-0.5787995,-0.41964793,0.5158582,-3.746216,1.0263324,0.1785388,-0.34582138,0.34892225,0.3244064,-0.87643147,-1.562252,-1.9443836,-0.7021742,-0.7391367,-0.72246313,0.38535666,-0.9864857,0.30718994,-0.90760136,-1.9552817,-1.6625328,0.22016335,-1.0011783,0.35855293,-0.14049673,-0.6029835,0.17688704,-1.4533281,0.52998734,-0.9023342,-0.9782052,0.815686,-0.10542202,-0.73300934,-0.36266136,-0.7239852,-0.460402,-0.1292305,-3.151663,3.2917404,0.24230981,-0.36449993,-0.97827244,-0.93959665,-0.94840765,-0.24007368,1.6786485,-1.1781042,-0.5907836,-0.99867654,1.4823124,0.038899183,0.3842163,0.06940222,-0.82114553,-0.9963293,"Sepsis"
"GSM7574144",-0.12911677,2.1207545,-0.74088836,0.7675389,0.38292503,-1.2295997,0.33728027,-0.11617994,0.6374526,-0.7267771,-2.2871432,1.9672484,0.5209844,0.33058953,0.34340882,-1.57919,-0.090961695,-1.3257275,0.2113285,0.59326744,0.79170585,-2.3109238,-1.4829631,-1.2816193,-0.9702501,0.27301645,-4.047002,-0.35544634,-0.03939557,0.73263264,-0.06182766,-1.1130695,-0.31726074,-0.53580284,-1.7616897,0.66505885,-1.8808186,0.18200016,0.20024109,-0.69480085,-2.0173426,0.6828184,0.103931904,-0.14995384,-0.30459642,0.003175736,0.89228773,1.9273529,1.131743,-0.44579983,-0.44120073,2.1603973,0.43675613,0.67528343,0.5360317,-0.26005888,0.21209478,-0.21066952,-3.1502445,2.8379784,0.66816545,0.47570813,-0.36731148,-1.0521684,-1.1025162,-1.5825973,1.1599793,-0.74338984,2.1100044,-0.6889689,0.06618619,-0.5562184,0.09889984,-0.3303089,0.5445647,-0.36232948,"Sepsis"
"GSM7574146",-0.39666057,0.18929887,2.2660868,-0.04559672,0.04568672,-1.4020312,0.048644066,-1.1397004,-1.1052151,0.2348051,-1.7557716,-0.20327187,0.41200805,-0.43864894,0.013046503,0.6378486,-0.15578961,-0.63087845,0.74177265,-0.26132965,0.7285001,-0.27956557,-1.2524114,1.9645603,-2.0572786,0.9058795,-0.7472048,-0.84780407,-0.5308535,0.036068916,-0.27199364,-0.31836128,0.4479847,-0.46349525,0.17131948,-0.043622255,-0.004326582,-1.0178795,-0.031074524,-1.3033652,-1.1357832,-0.19159508,0.27916384,-0.14564037,0.5757489,-0.99533653,0.5604625,0.28814554,1.8474841,-1.3962922,-0.55853224,0.5440309,-0.9609585,-0.14136314,-0.38046074,0.3696065,-0.3128419,0.17418289,0.66259265,1.3625231,1.6749203,0.44161236,0.01484108,-0.9581127,-0.9128833,-0.34150267,-0.41613245,-0.6088712,1.1893678,-0.4479983,0.12352967,-0.115546465,-0.21918392,-0.0827589,0.21453142,-0.9394312,"Sepsis"
"GSM7574147",-0.293432,-0.86297774,-2.4932969,-0.39943087,-0.355062,1.4932687,-1.6453023,-0.5939827,-0.35909653,-0.30177736,0.8252044,-0.82017326,-1.2639596,-0.9627278,-1.0013449,1.2936337,-0.5056598,0.0865283,0.07830191,0.36985207,-0.62827754,-2.457494,-1.0063953,-3.05698,0.8322501,1.1248407,1.2767882,-0.6949873,0.4316876,-1.5265107,-0.2892089,-2.481422,-0.8162856,-0.07710457,-1.417347,-1.1129491,0.99934983,-0.6870389,-0.056585312,-1.3013906,0.3229773,-1.4534059,-0.8373804,0.90355253,-3.0207705,-0.6514592,-0.20413208,-1.9194293,0.93397284,-1.0471497,-0.7443695,-4.691656,-0.39625597,-1.4867263,-1.0646372,-0.15289211,-0.018551826,0.15468359,-2.6045039,-0.15202236,0.11949611,-0.30802,-0.2815838,-0.55871344,-0.5995269,-1.0673375,-0.80204725,-4.531374,-0.2357173,-4.655267,1.6671598,0.80664754,-0.5723109,0.6193862,0.010575295,0.33131075,"Sepsis"
"GSM7574151",0.03178096,-3.8247564,2.9563735,0.5120028,-0.36530495,-0.98418975,0.18732738,0.5165839,-0.78123903,0.053477287,-1.6913061,1.7625432,-1.2092803,-0.15320086,-0.919605,1.0309837,-1.678973,-1.1387987,0.30699635,0.027217865,0.15281653,2.9435275,-0.94902563,2.2710836,0.030168533,0.45558214,-0.89313126,-0.5925193,0.5955579,-0.20638275,-0.22525978,0.4194355,-0.68033695,-0.2750454,-0.6696329,-0.2698586,0.17700648,-0.58665895,0.02822876,-2.1996303,-1.6151104,-0.6192303,-1.0694261,0.13721752,3.1288428,-0.61060524,1.006372,-1.8267217,0.5544505,-0.888783,-0.79584074,2.853895,1.1624126,-0.15697193,-0.98682785,-2.0972228,-0.20529032,-0.1668787,1.924103,-4.7990365,-0.0297935,-1.1284894,-0.5625801,-0.50548697,-0.5301924,-0.9059129,-0.858871,1.5163825,-1.8008552,1.767451,0.7707274,0.6180227,-0.5055237,-1.8955426,0.31710958,-0.46010303,"Sepsis"
"GSM7574154",-0.38237882,-1.0101912,-2.3447344,-0.49522364,0.50510263,1.0618017,0.20007563,1.5102448,-0.02944088,-1.9639673,0.7508812,-0.71133614,-0.53754115,0.95924544,0.8602874,-0.7241175,0.8155844,-2.5869904,1.1910634,0.59900284,1.4862959,-1.8908341,-0.50019884,-2.7839606,-0.21464539,1.5059547,-2.9616342,-0.2696061,-1.7846801,0.27534723,-0.05014944,-2.7441888,0.075568676,0.026462555,-1.2784657,-0.66372275,-2.4793522,-0.069517136,0.29629135,-1.5393505,-1.2617059,-0.001253605,0.07411289,0.34700537,-2.1410646,-0.085292816,0.49967098,0.018288612,1.8375516,-0.67478466,-0.62127686,1.3225567,0.18409777,0.5093484,-0.4799385,1.062396,0.54936695,-0.4377365,-1.9762099,-4.6046605,1.0188367,0.38191092,0.077856064,-0.02346468,-0.022364616,1.7628331,1.107172,-1.210787,0.46870327,-1.28458,-1.4432428,-1.0275815,-0.54964304,-0.06600046,0.36509323,-0.09530449,"Sepsis"
"GSM7574159",0.2487104,-1.312041,-1.3356049,0.19973218,0.6400027,-1.2315543,0.044832706,1.0251698,-1.6572318,-0.24824,-1.8573995,0.6091275,-0.8450506,0.61382556,0.41135,0.3168528,0.1652739,-1.8647313,1.1881576,0.8888588,0.3191712,0.14707875,-1.1757264,-1.3975656,-0.31761408,1.377471,-0.8698964,-0.8866768,-0.28214717,0.4468856,-0.15524435,-1.8049664,0.5188508,-0.2770157,-1.7547932,0.058785677,-0.9756129,-0.7875881,0.31549454,-0.86569405,-1.8459039,-0.0734601,-0.37451267,0.39201498,1.229578,-0.7751522,1.0873365,-2.008565,1.1922431,-1.1975875,-0.5138807,0.9353888,0.017457485,0.08290243,-1.2217789,0.38157558,0.5974407,-0.6021948,-1.8267214,-1.3065171,0.5089147,-0.14560735,-0.000355,-0.7220249,-0.6823759,-1.152503,0.35879135,-1.6003792,-1.2709804,-1.6092145,-0.08084798,0.5992806,-0.30652666,-2.1325793,0.7052779,-0.73949766,"Sepsis"
"GSM7574164",-0.5903113,0.7753222,1.5877936,0.7349471,-0.57290936,-1.5805371,0.39717388,-1.210825,0.38897085,1.2831821,0.1545763,0.2799797,-0.013200045,0.20385575,-0.84477305,1.8730762,-0.7317126,-2.555087,-0.20987701,0.16371822,-0.78877187,3.73256,1.020988,1.3133552,-0.7205682,-0.12859488,-0.1447897,-0.6983738,0.20804858,0.005760193,-0.015557289,0.6418781,-1.5130215,-0.6232557,0.63494825,0.3895824,-0.60024095,0.46969604,-0.44056988,-2.2589517,-1.0276852,-0.27449703,-0.8226886,0.19018745,3.3690667,0.31673622,0.65605116,-1.8651676,-0.34537792,0.6642947,-0.5704608,2.155463,-0.101955414,-0.48778057,-1.0466166,-1.462934,-0.59372663,-0.11337948,0.5382011,-0.45563555,-0.36191916,-0.40240943,-0.8624525,-0.5080471,-0.54122925,-0.36356974,0.23164415,0.06884122,-1.2567377,0.14565063,0.33623338,0.094362974,0.13088608,-0.017245293,-0.16661596,-0.23087788,"Sepsis"
"GSM7574176",-0.001043558,-1.110656,6.442752,0.74384296,0.49063778,-1.4683373,1.7974901,2.1981626,2.1556273,0.20961666,-1.8943849,-0.27681494,0.13285613,1.3333867,-0.02740264,5.303274,0.70830417,1.64153,-1.2050714,1.0068054,0.6400993,7.2059584,-1.2136083,6.3300695,-0.9956455,-1.3173761,-1.1542854,-0.9528041,-0.19615006,0.4690466,-0.000855,3.7182198,-1.8348131,-0.14773178,1.2852483,0.35053897,0.6952541,-0.8753934,1.7648964,-0.6655326,0.038000584,0.4079609,-0.8801675,0.04002571,5.051953,-0.4979267,1.871469,-2.0211744,-0.58673334,-1.2800169,0.76093054,3.9093626,0.8356724,2.0125875,-1.2884297,-1.3133492,0.35073996,0.800745,4.2690983,-1.627429,-1.559778,-0.28243625,-0.5592499,-0.49782038,-0.74668217,-1.3400803,-0.21216917,2.4379685,-0.94515944,3.0297534,-0.13241267,-1.0947406,-0.41711044,-1.2093611,2.5032897,-0.8419647,"Sepsis"
"GSM7574177",0.4601438,-1.139847,-2.5228436,0.67405975,1.1632786,-0.80802655,0.4397192,1.1438527,-0.48391914,-0.95343256,-1.8559299,-1.2562456,0.11947417,1.2785828,0.6940205,-1.0984151,0.7630346,-0.7133045,1.5965137,1.1628284,1.494045,-2.636996,-1.1577554,-2.3875706,-0.94264984,1.5519652,-1.2816057,-0.8953886,-1.0032103,0.6081848,-0.2724905,-2.1634645,-0.20006943,-0.19734383,-1.751215,0.42870116,-2.735872,-0.8301811,0.9866333,-0.5251212,-1.4509153,0.38554573,0.15656996,0.22210121,-2.748187,-0.77772427,0.95200396,-0.53844166,1.7840533,-1.2385807,-0.11405039,1.3953769,-0.39600658,0.80156803,-1.2358651,0.02200365,0.9122567,-0.37175655,-1.2699077,-1.2956529,1.3199522,0.4811517,0.64780045,-0.7077193,-0.10324192,-1.2515888,0.16934824,-2.279988,0.8273821,-1.7952034,-1.0872166,-0.5598352,-0.000845,-0.71264935,1.3860736,-0.7796149,"Sepsis"
"GSM7574180",-0.5812061,2.2143424,1.8692372,-0.34738553,0.104444504,-0.6054776,-0.22477913,-0.35107422,1.1935167,-0.6755085,-1.838942,-0.43984652,0.04368472,0.8031151,0.39215398,0.64102244,0.3802259,0.5740948,-0.03982258,1.2502966,-0.38031602,1.6261194,-0.50119543,1.3411815,1.5040202,0.61965704,-0.049861908,-0.80327797,0.094661474,0.030625343,0.6900501,-1.6368084,0.0613575,-0.18762493,-0.030328274,-0.30274415,-0.777308,-0.6517415,0.21052074,0.69163847,-0.73210716,-0.75661373,0.30550623,0.31997776,3.0378318,-0.619894,0.7100978,-1.9772687,1.2897258,-0.6265445,-0.13785982,-1.8905108,0.1422329,-0.35389423,1.0864439,-0.3852439,-0.03287649,0.66215897,0.23628879,2.7064466,0.75603414,0.5382377,0.020646095,-0.5757375,-0.5562639,0.25316477,1.0545335,-1.4369934,-2.0352964,-1.2726948,0.6825001,0.139364,-0.32415295,-2.1318417,0.45665884,-0.6479316,"Sepsis"
"GSM7574185",0.45899177,-0.52044225,3.6626604,1.5286983,1.1300445,-0.29945683,1.0193276,-0.17341709,-0.2817502,0.008550167,-0.44424534,-0.19353104,0.14239621,-0.9984162,0.3455398,-0.067453146,0.89449906,1.7648864,1.1175513,0.5416908,0.4618218,2.3030493,-0.5211315,3.0456727,1.0957155,0.033947468,-0.08710337,-0.260489,0.35981488,0.6435342,1.0042949,3.4526749,0.9259591,0.33226204,-0.033985615,1.3283074,1.8148425,0.5640712,1.0397301,1.4431486,-1.0106821,1.1144042,1.6570339,-0.6094651,3.1679182,-0.15049505,-0.60406685,1.321177,-0.3611679,-0.020058155,0.45196438,0.7717364,0.095014095,1.4366822,-0.6185112,0.50008297,-0.22710514,-0.5677223,1.611582,-0.95539093,-0.051304102,1.727017,0.7601814,-0.077310085,2.9228077,-0.34259176,0.46540737,2.53256,-1.4704709,2.775389,-0.8825505,-0.656935,-0.7472329,-1.4851079,1.0524611,-0.14143085,"Sepsis"
"GSM7574188",-1.8284671,-0.08521199,1.1194389,1.852364,-0.03865862,1.3039939,-0.24171972,-1.5997849,0.4857955,1.1546617,0.5643854,3.1832604,-0.5473192,-3.357721,0.09716678,0.7842972,-0.9661987,0.76621103,-0.12010622,-1.1119838,0.5191891,2.8509762,-0.77382374,-0.7677057,-0.8809309,-0.74622774,0.7282891,1.7863364,0.45687604,-0.84141016,0.6899543,0.60320234,1.791645,-0.16191483,0.005045891,-0.24213004,2.179724,-0.41971874,-0.3593483,-0.34257698,0.5908642,-0.89538336,0.18903828,-0.95019484,2.139677,-0.3832035,-2.2205205,3.0131612,0.19777727,-0.7841077,0.43805885,-3.501918,-2.4719424,-0.027516842,3.1334095,0.10805607,-1.576232,0.33432245,-1.0365288,3.0194678,-0.10553861,0.06897223,-0.40764427,-0.32706928,-0.29793215,-0.75217533,-0.81015205,0.03486228,1.4660034,0.26933217,-0.33990312,0.8714783,-1.1865072,-1.2965574,-0.49237347,-0.35314798,"Sepsis"
"GSM7574193",1.0433276,-0.09826112,4.2900515,1.1242188,2.2448883,1.2850773,2.0165749,0.24014568,2.1192904,-0.6764121,-0.84426975,0.52683973,1.3028495,0.61337876,1.0776837,1.2304723,0.9077194,1.2949324,1.3354435,1.9151459,-0.01077199,2.521971,0.86164045,4.423418,1.1847467,0.52034235,0.19649887,0.15900564,0.4650314,1.3361235,0.38113308,2.3287716,0.85414505,-0.14066696,-0.7803426,0.8255632,-1.0799506,0.41357422,1.0776367,2.4073434,0.30553246,1.3325071,1.7389979,0.87929535,2.81603,0.36830664,0.26172972,2.1642923,0.16073132,-0.28694296,1.5505252,-0.24360299,-0.07560539,1.9867821,1.1312845,0.07151747,1.282866,-0.043125153,1.2274005,1.0325546,0.6632807,0.9468061,1.345562,0.42702532,0.45401955,0.21207666,1.0324273,0.86191106,1.5990157,1.4401147,-0.80863786,0.23068976,-0.30675125,-1.1002817,1.5800109,0.36471558,"Sepsis"
"GSM7574198",-0.28040576,-0.74504066,4.9898977,2.0745955,-0.62552834,-1.3098834,1.2246714,0.44154835,5.540226,-2.065794,-0.6584768,-2.6884427,0.21334338,0.31080556,0.013723612,4.1154814,-0.4574654,-0.4998808,-0.83102036,1.1009388,-0.085586786,5.147382,-0.001043797,4.591879,-0.34354877,-0.833694,-0.10910797,-1.2738504,0.105588675,0.45745277,-0.08642483,0.67380714,-0.84403324,-0.43634605,0.78309345,-0.055839777,1.1132662,-1.3106022,0.729929,-0.9732394,2.4110422,0.11083698,-0.63462114,0.4892435,6.574242,-1.3162646,0.96666,-2.5024824,-0.42298126,0.22117758,0.4388938,2.483301,-0.22367096,-0.104457855,0.6921549,-1.6799664,-1.126205,0.24844074,2.9897168,3.1764994,-0.45956683,-0.58406246,-0.5485058,-1.2206445,-1.2366037,0.15583467,-0.054599285,1.837704,-2.477879,2.2017906,0.51829267,-2.198211,-0.50051117,0.088260174,1.213306,-1.142416,"Sepsis"
"GSM7574204",0.34304166,1.4132373,-2.441244,0.2606095,-0.100114346,0.3004129,-0.26458597,-0.115398884,-1.1232972,0.67956686,2.3438702,0.85407686,-0.2688167,-2.3938935,0.40455222,-1.0083892,-0.1788423,1.0072665,0.72814894,-1.3620257,0.6684525,2.4182856,0.1862402,-2.414962,-1.2498603,0.09987545,1.1366515,2.0515194,0.798156,-0.60133886,-0.7758546,0.72458315,1.2894921,0.15840149,1.2086189,-0.14946485,0.8667786,-0.0850296,-0.7960887,-0.43890476,0.16268826,-0.20147085,1.3782482,-0.9037671,0.32910156,-0.07879305,-1.7062421,0.015383244,0.5783396,0.1686387,0.8605175,-2.8402956,-1.9020925,0.089309216,-0.47638464,0.26672268,-0.7177839,0.21012735,-0.06943226,-0.004646778,-0.4511664,1.2593018,0.16832161,0.008747101,0.03522253,1.875386,0.120678425,0.3366611,-0.21952534,-0.10239673,-0.6847346,0.7135985,-0.30208635,-0.4258051,-1.1388798,0.008473396,"Sepsis"
"GSM7574209",0.702647,-1.2663186,2.1041076,1.4428061,-1.8548293,0.8789923,-0.52588034,0.039865494,0.6046319,0.3357048,1.539362,-0.01293993,-1.2147572,-2.5193589,-1.750664,0.66077685,-1.9013598,0.16574717,-1.1031375,-0.75426817,-1.1842296,2.4130838,2.5155616,2.3691418,1.9058118,-3.2704792,1.3720002,0.5877757,-0.023755789,-2.2811913,0.29272985,3.1124077,-0.9533305,1.1133442,0.97974515,-2.5473354,2.3721206,2.2876518,0.65307045,-2.1246972,1.5255044,-1.4150386,-0.42487812,-1.0964227,2.047143,1.8945296,-2.309031,2.067195,-2.9056654,2.8862534,-0.4341259,-1.1968029,-2.261331,-1.1726394,0.26080084,-1.520463,-1.9395208,-1.2522087,0.981128,-0.6321745,-1.705776,-0.3671702,-0.5947094,0.74372864,2.0948944,1.8451431,-2.0523481,1.6169326,-0.7462721,1.1696894,-0.5301678,-0.8512118,0.9530206,2.9812927,0.0916214,0.67297363,"Sepsis"
"GSM7574211",-1.2267373,1.7433536,-0.91374326,1.679974,-0.64432573,-0.91332173,-0.12694502,-0.63098955,-0.27506685,0.6432071,0.4526391,-1.0368652,-1.0266111,-2.5318944,-0.06502938,0.99214196,-0.4405372,-0.68627405,0.81049776,-1.2798944,0.08771539,3.4805663,0.22846365,-0.38341022,-0.12454319,0.29683685,1.0440488,-0.20483494,0.9261906,-0.98848295,-0.5403285,0.9132066,-0.2202611,-0.24074364,0.93917394,-1.3797791,1.2074254,-0.19940853,-0.53084373,-1.5493164,0.6744876,-0.21571016,0.8928194,-0.1459012,4.0910425,-0.20469761,-1.9140754,0.8636639,0.56592846,1.3060088,-0.3388071,-1.2725246,-1.7440124,0.57121325,-0.59194803,-0.27915287,-1.2719145,-0.004257202,-0.20189214,-1.2987208,-0.04693818,1.0190283,0.07819748,-0.111884594,-0.0976572,1.0822229,-0.5714011,2.2406652,-1.5340204,2.3247645,-0.7055795,0.27895474,-0.60851,2.1355472,-0.7888861,-0.12606525,"Sepsis"
"GSM7574218",-0.34295344,0.6781075,-4.320078,1.106192,0.042934895,-0.4759853,-0.9707904,-0.9384818,0.733305,1.4507794,-1.1600113,2.2345133,-0.12849689,-2.1022112,0.04915881,1.2913496,-0.9994743,0.7582326,0.56655455,-1.2801175,0.22807908,2.5432417,-0.9758601,-3.6633136,0.29269505,-0.24353981,0.55218077,0.486835,1.0154908,-0.858521,1.5122552,0.36144495,0.3843856,-0.09787369,0.5133078,0.12290406,0.031560183,-0.07803917,-0.40149117,-0.7495127,0.8022866,-0.4460559,0.3954878,-0.5432935,4.263298,-0.61151505,-1.2345982,0.48055696,0.56816196,1.2333789,-0.7957392,-2.020252,-1.1663203,-0.15666437,2.5676775,0.35487556,-0.86617184,-0.46530724,-2.7365263,3.4436488,0.54421306,1.2423397,0.01671791,6.4322195,-0.49635935,1.6949701,-0.17746496,-0.4942906,-1.5881538,-0.25621295,0.8722408,1.29299,-0.39930105,1.1090407,-0.61801815,-0.543345,"Sepsis"
"GSM7574230",-1.2052004,2.4843295,1.2767575,1.0430268,-0.118709564,-1.0558016,0.27717686,-1.0166264,-1.1230359,1.0459929,-1.9272461,1.7968163,0.122558355,-2.2523363,0.021085978,0.1947763,-0.33988023,1.1586342,0.835062,-1.1171618,0.44217277,2.2848046,-1.2183948,1.467303,-0.5605984,0.18281507,1.8514032,-0.8515606,1.7385108,-0.40749073,0.07026863,1.0237904,0.8599987,-0.8599911,-1.1790438,0.5309322,1.1692002,-0.83848524,-0.3242817,-0.29042578,-0.5464401,-0.10570145,0.7873845,-0.64837074,2.2783113,0.87422943,-0.78359175,-1.4492111,0.88035727,-1.1807742,0.34042692,-1.0933859,-1.4782429,0.65968513,1.5339465,-1.1559949,-1.0791173,0.004257202,0.7463014,3.263814,0.39225793,1.0708171,-0.040124893,-0.7626958,-0.73019886,-1.0244055,0.40195227,1.3121817,-2.0982313,1.6234062,0.2377274,1.5482891,-0.92355824,-0.77581596,-0.2444663,-0.30525494,"Sepsis"
"GSM7574234",-1.1493857,-1.7371838,-1.020313,1.1039237,-0.24733353,-1.2235434,-0.45599365,-0.14346552,-1.4362783,0.5755348,-0.9715872,2.3481245,-0.75568223,-2.8263357,-0.3201778,0.7475555,-2.998306,-1.5089407,1.2472429,-1.3742094,0.8135545,2.8970606,-1.1876273,-0.9953339,-1.6647997,0.6012082,1.2564077,0.669611,1.2598169,-0.5153818,0.2420969,-0.35885048,-0.24737167,-0.92198944,1.4515023,-0.88254476,1.8932569,-0.7386069,-1.7832851,-3.191671,-1.7326813,-0.39945698,-0.22524214,-0.003295898,0.9244847,-0.79836416,-1.9441428,1.943088,0.8017583,-1.1735492,-0.04599619,0.7614019,-3.1370096,-0.3604498,-1.199573,0.2970214,-1.4345737,-0.7534027,-0.8250401,-1.6230764,0.39098763,-0.27120006,-0.27389336,-0.7370186,-0.6631832,-1.0831304,-2.2582731,0.33487535,0.12335491,0.6905582,0.6348765,1.3192775,-1.5880599,-2.0954595,-1.7784638,-0.669343,"Sepsis"
"GSM7574236",-2.628709,-2.5001652,-3.0916288,0.6018213,0.32906055,-0.4384644,-0.21750546,0.42485714,-0.055615902,1.722949,-0.9153557,2.2464814,-0.4468615,-2.8200586,0.09758973,-0.004666567,0.49935126,-0.6374407,0.91976357,-0.73891354,0.6262605,-2.4364774,-1.0214219,-3.1108243,-0.2667389,-0.6024575,2.4028234,-0.38390398,2.336188,-0.8574238,-0.42725277,-1.4414959,1.912406,-0.3552742,0.18174887,-1.0934536,0.516773,-0.6550684,0.17704964,0.070598125,-0.9120035,-0.30648804,0.36228514,-1.0636663,-1.7818737,-0.66826487,-1.9840422,-0.37613535,-0.037364006,-0.19240046,1.1284585,-3.8320878,-2.2502851,0.17595959,-1.0819883,-0.23348284,-1.0753493,-0.51609325,-2.7130425,-4.9055004,0.51971173,-0.28654468,0.32216263,-0.57934904,-0.5781412,-0.91650105,-0.6042447,-2.0394094,-1.8733377,-2.0200627,-0.5105984,2.1553915,-1.8470955,-1.2658005,0.2625575,-0.5645728,"Sepsis"
"GSM7574239",2.3148363,1.3888314,2.9474614,-0.34110415,1.387435,1.6747692,1.0092831,0.04252863,0.27722454,-1.0011029,0.70896435,-2.2572021,0.82760787,2.0336916,0.0520041,0.44348788,0.41158938,0.15210533,-0.21693039,2.469902,0.008918524,-0.9399502,-1.3417115,2.7638242,-0.2998495,0.3186202,-2.0423965,-0.08888292,-1.8085244,1.792243,-1.0319338,0.4934969,-2.3694677,0.72813225,1.5161028,1.6316001,-1.7231076,0.15342474,0.96484566,1.6460252,-1.4430075,2.4876375,-0.45529604,0.52985096,1.2317433,-1.0001287,2.190867,0.5998616,0.6205349,-1.2503629,-0.68807364,5.20033,2.6612282,0.3045187,-0.09474182,-1.6722026,1.1595168,-0.14434576,1.2115796,-0.13439083,0.35939717,-1.1505908,0.20586586,-0.9041023,-0.8698144,-1.3514981,0.71381044,0.5578854,2.343947,0.606673,-0.6967137,-1.9469922,1.695898,-2.1438308,1.1905589,0.91298676,"Sepsis"
"GSM7574241",0.23615146,0.9146235,0.20944238,-0.4369918,0.74675846,0.8596847,-0.764184,-0.4688754,1.7089186,2.31215,0.8001857,1.7754431,-0.05585122,0.07693219,-0.6929958,1.072953,-0.8490069,-1.0327253,-0.69540024,0.96279144,-1.5098832,1.2262142,-1.2825379,-0.20928311,0.6728687,0.05256033,0.38054562,-0.13161421,0.019122839,-0.09304428,-0.22545338,-1.6862478,0.2014904,-0.815382,0.28456545,0.37545848,-0.85765624,-0.34735966,-0.60331917,-0.18753576,-1.6007671,-0.6146622,-0.98015547,0.56264687,2.505897,0.08009529,0.69092226,-2.0001903,0.91202736,-0.5310421,-0.82828474,0.60215926,0.5523815,-1.132515,-1.3365631,-0.7665639,0.07337046,-0.44820213,-0.48830247,0.9284229,0.91095567,-1.4933852,-0.75671387,-0.84021235,-0.83051205,-0.35059547,0.25168848,-1.1510713,-0.27029562,-1.2978671,0.9972346,1.4739053,0.51213264,-0.7555208,-0.17296934,-0.8805475,"Sepsis"
"GSM7574244",1.021899,-0.6481526,-0.16346812,-0.08230889,-0.077035904,0.10617852,-0.70177364,-0.3115983,0.7678623,-1.1655111,1.0319433,-2.7095795,-0.3256352,0.043486834,-0.36956573,1.4143531,-1.3822043,-1.6731339,-0.55412865,-0.11024475,-0.91804147,1.6485384,0.6274018,-0.41351628,-0.59855366,1.1223054,0.27371502,-0.6787391,0.03700137,-0.38846684,0.27511024,-1.0246468,0.2396717,-0.6442852,-0.14284945,-0.7197645,0.36131406,-0.665185,-0.7267771,-0.44994307,-1.5876436,-0.97656536,-0.54009295,0.52689457,3.0601182,-0.6138673,0.4416318,-1.8290572,-0.46368933,0.2219119,-0.5415988,-1.7263615,-0.052502632,-1.1513872,-1.0786862,-1.2456784,0.24402857,0.06840944,-0.27877164,-0.018203259,0.006012201,-1.0006884,-0.53014755,-0.5387001,-0.5446758,-0.52457,-0.4049573,-0.49517035,-1.9364052,-0.5634577,1.301512,-0.18898702,0.31070137,-0.57616806,-0.73974276,-0.58764124,"Sepsis"
"GSM7574250",1.1536486,2.1489165,-0.85743594,0.38666046,-0.002075195,-0.29745126,0.5107231,-0.17630386,1.731389,0.978693,0.015551567,-1.0878382,0.51130176,1.0716202,0.4390118,1.9303901,0.13754821,-0.1144886,-0.2062912,0.4555397,-0.90829873,2.322861,-0.3617201,-0.68550324,-1.9504642,0.6238818,-1.0061979,-0.8591685,-0.28571343,0.6886635,-0.29520798,-0.563797,-0.395154,-0.25481224,-0.5720458,0.48046088,-0.76638484,-0.85399866,-0.75691605,0.337214,-1.1200953,0.43472195,-0.2054429,0.13434124,3.6934924,0.5873318,1.0847316,-2.0390205,-0.6086955,-0.8086262,-0.17016172,1.9297922,0.67644787,-0.16295242,1.6598005,-0.5237117,0.46115446,0.17456055,-2.2343524,4.229948,-0.0637691,-0.14689147,-0.2745571,-0.7461767,-0.7476382,-0.28487062,0.9044833,0.66693425,-2.1432695,1.4382446,0.49648786,-0.24217772,0.96075153,-0.15318966,-0.6288724,-0.77872944,"Sepsis"
"GSM7574253",0.31497598,-0.6515882,-0.61477923,-1.2486831,-0.07051134,0.78278565,-0.15616179,-0.68306875,-1.721117,-0.22254324,0.55973244,-1.0420866,-0.03608966,0.7850807,0.5678394,-0.7707765,-1.0573461,-1.5885472,-0.45464087,0.28969574,-0.19657016,-0.6306102,-0.9001055,-0.47729182,-0.35430908,0.12833548,0.27271414,-0.11287069,0.28341222,0.7994914,0.7979121,-1.5943828,0.76444006,-0.56497955,1.7546682,-0.053354025,1.2448962,-0.48704863,-1.0053382,-0.25957584,-0.2760086,-0.706552,-0.9380045,0.3448863,1.459753,-0.4943862,0.013793945,-1.8599825,-0.23117638,-1.0626988,-0.20662308,0.1773932,-0.31799746,-1.017962,-0.89901686,0.35002613,0.002415657,-0.09726,-0.9246018,1.5359044,-0.24422479,-1.3661507,-0.36004066,-0.4305215,-0.43322182,0.44574308,0.59475994,-1.0580876,0.24339867,-0.07147765,0.8996494,0.24710059,0.4495902,-1.1526504,-0.8161411,0.32073689,"Sepsis"
"GSM7574267",0.069158316,-1.1340744,0.12687993,1.1641048,0.2505927,2.464121,0.03052473,0.06572294,0.042622566,-0.2426486,2.675425,-0.050261974,-1.2649982,0.57767653,-0.16409421,1.9379961,0.26453328,-1.252686,0.36535788,0.17224503,-0.18877101,3.5641525,-0.33621168,0.25777173,-0.56206894,1.2881985,0.49558306,1.0703769,-0.12507415,-0.32072687,-0.69240904,0.40356398,-0.15332174,0.2722149,-0.56492853,-0.35590148,-0.5424416,-0.04120636,0.4268074,-1.515873,-0.93778515,-1.0310998,-0.53805447,-0.10989237,3.034504,0.035277367,0.4445896,-1.2363462,0.38215446,1.0032623,-0.7834091,-1.0574882,-0.66324663,-0.6179004,-0.41956615,-1.1024008,0.7560015,-0.1115222,0.71037793,-0.879529,-0.001737833,-0.9595388,0.1450119,2.1935353,0.06204462,0.47887754,-0.33067083,-0.2446444,-1.305295,0.1335547,0.8722303,-0.071041346,-0.08903456,1.90586,0.30886555,1.2362614,"Sepsis"
"GSM7574270",-0.8804486,-2.128914,-5.654663,-0.8280703,0.053966522,-0.9871595,-0.524415,0.11656237,-0.52633524,1.320838,0.78047323,1.621026,-0.98067594,-0.18959022,0.122232676,0.63416076,0.7053659,-2.103116,0.022270203,0.10334587,0.3575008,-1.9591377,-0.5386987,-6.320962,-0.3633361,0.7764611,-1.0011644,-0.23746967,0.63624644,-0.26713753,-0.051166534,-3.108612,0.59003735,-0.24195099,-1.1611619,-1.1583288,-1.0218937,-0.21895075,0.059370995,-1.5321593,-0.96412945,-1.1009407,-0.96153116,0.27023983,-1.1197505,0.1406045,-0.002999783,-0.14271545,0.6145253,-0.5981269,-0.8777766,-2.4133837,-0.54768753,-0.4873743,-0.60954714,0.41139364,0.38324022,-0.242702,-2.3162177,-2.78787,0.11458135,-0.6491412,0.014879227,-0.09395504,-0.11845207,0.28790092,-0.24788141,-4.499879,1.0202837,-4.629221,1.0312121,1.0482347,-1.0916224,0.18287945,0.032783985,-0.118904114,"Sepsis"
"GSM7574274",0.8779447,1.1711571,1.2093651,-0.7485219,0.9154625,0.75631356,0.5590544,0.8608031,0.7211008,-1.0169053,0.96793175,-1.9099283,-0.5252421,0.77057576,0.25283742,0.5294931,0.469939,-0.67362595,0.46187687,0.58565426,0.33937144,1.8707068,-0.48527813,1.1458881,-0.60477495,0.7252183,-1.0041485,-0.22667646,-0.9445822,0.9535341,-0.27573013,-0.15138435,-1.7369747,0.07833767,-0.88435507,0.55971503,-1.5017393,-0.09705305,-0.5234175,0.160501,-0.9146013,0.35945702,-0.56929255,-0.1026392,1.9232364,-0.046365738,1.7653918,-0.5467615,0.12281084,0.607635,-0.5314908,3.1309516,1.0266428,0.72073174,-0.54239273,-0.8693347,1.2040467,-0.6314082,0.8024986,-2.1344166,-0.1297195,-0.5077685,-0.26858616,-0.028636456,2.5187745,-0.23364067,0.44555426,1.0131228,-1.4144964,1.3018844,-0.30504584,-1.1682575,-0.080859184,0.44691038,-0.7370906,-0.06908274,"Sepsis"
"GSM7574277",0.2170794,-0.071950674,-0.710161,-1.4055449,-0.18509245,-0.50552535,-0.926147,-0.7303772,-0.44439316,0.25545073,1.4356894,1.3396521,-0.6703098,0.7223613,-0.41705346,0.876405,0.7054541,-1.3441529,-0.73486185,0.1000576,-0.27916694,-0.59608006,-0.35405493,-0.8352945,0.74489164,0.48014355,0.45149088,0.6322508,0.2236731,-1.0702825,-0.1966157,-1.5061011,-1.3604817,0.06765556,-1.4320712,-0.27610612,0.8901117,-0.4594741,0.21417427,-0.541275,-1.4917727,-0.78580904,-1.3179684,0.4818244,-0.98281384,-0.4191389,0.77582073,-1.6705322,-0.25972557,0.10444021,-0.28654766,-0.6420295,0.35078478,-0.9773898,-0.86033773,-1.1371613,0.672698,1.1837192,-0.7310064,0.6848979,-0.19431329,-0.81896245,-0.06737137,-0.2024765,-0.35103416,0.43692923,0.6949711,-1.6042159,-0.82099247,-1.190356,1.5314806,0.60186696,0.23630476,0.7274952,0.07478905,-0.369339,"Sepsis"
"GSM7574280",-0.16837144,-1.3853729,-6.264883,-0.7479011,-0.04509592,-0.72437406,-1.2750955,-0.66792583,-0.6574259,0.29410696,0.4865129,0.1712327,-0.33039927,0.25199485,0.29869246,-0.95996356,-0.41634822,-1.5119519,-0.051558018,-0.10764837,-0.25636172,-2.6522696,-1.1872444,-5.52886,-0.3779192,0.7131014,1.0325751,-0.8327985,0.6438153,-0.13499022,-0.786798,-4.451916,0.82032824,-0.404871,-1.3428516,-0.8552816,-0.7809181,-0.88560915,-1.0563426,-0.7053499,1.8640523,-1.1692576,-0.78612804,0.59264994,-1.1353226,-0.8513255,-0.5466051,-0.25709915,-0.25071526,-1.1500344,-0.65363693,-3.0051677,-0.670568,-0.8244624,-1.2700629,0.46339226,0.27432537,-0.5855899,-2.959905,-0.58975315,0.06005454,-0.48484457,-0.06365013,-0.749763,-0.77964115,-0.5276933,0.17333412,-5.050105,0.13887596,-4.7639856,1.570009,1.4594862,0.12602949,-0.49393559,-0.99919033,-0.7412219,"Control"
"GSM7574283",-0.6193869,-1.8525703,-0.8467448,-0.46850026,-0.5048609,-2.2134016,-1.3741455,0.047964096,0.4511919,0.26947308,0.023763657,-1.9254422,-0.65371156,0.73553586,-0.4424169,0.5470617,0.05181861,-1.1862049,0.47035027,0.35532188,0.10411811,1.7679679,-1.6264215,-0.52082753,0.11410427,1.4356389,-0.5481529,-1.2667146,-1.4467747,-0.45010853,-0.88570786,-2.7337484,-1.3784857,-0.19936371,1.8175178,-1.5996468,1.3156798,-1.3335047,0.23238182,-2.7419324,-0.59897614,-1.0888672,-1.4906249,1.5530453,1.5136113,-1.2853327,-0.2749629,-2.535715,-0.20772552,-1.5052466,-0.5973649,0.008641958,-0.5584545,-0.8607111,-1.7004037,-1.4912887,-0.06812906,-0.44210815,-0.42134595,-1.3031459,-0.21950316,-1.2201508,0.19291115,-0.3767171,-1.2262139,-1.7163482,-0.6126199,-2.2036664,-1.5085402,-1.9651587,0.13143468,-0.57308316,-0.75895023,-1.1340928,0.3168149,-0.5016804,"Sepsis"
"GSM7574285",-0.2614138,1.0805118,-6.3447475,-0.9247643,0.17384481,-1.4434574,-1.6815677,-2.1151242,-1.6739779,0.2885537,-0.90739155,-0.5050006,-0.63310885,0.09076381,-0.16318154,-2.617284,0.23908162,-1.7761168,-0.23892736,-0.9461036,-2.6803548,-2.69008,0.014144897,-7.14165,-0.4197812,-0.3303237,1.5239205,-0.5120053,1.0788023,-0.365108,-0.38693666,-3.1648393,0.19917822,-0.89656067,-0.53576136,-0.14630723,0.44908023,-0.8981123,-1.7632852,0.63479424,2.649908,-1.3142991,-0.54391,-0.091766834,-4.670656,-0.8681979,-0.5742359,-0.5798273,-0.33308172,-1.257647,-0.26824665,-1.8733652,-0.6627507,-0.41591406,1.466639,1.46453,0.23696709,-0.5936003,-3.0035784,3.5050664,-0.59179425,-0.9350971,-0.9038663,-0.7719693,-0.7991953,-1.3199325,1.0945635,-4.0096693,-0.24597931,-4.0033274,0.72647643,1.9286072,-0.3947358,-0.12098026,-1.6836567,-0.81534004,"Control"
"GSM7574288",-0.7280047,2.3969963,0.31864047,0.28866756,0.8846526,-1.7234914,0.93006754,-1.0940466,-0.38983583,-0.38418865,-1.1874447,-0.46208525,1.838958,0.08240676,-0.57587075,1.4612095,0.561208,-0.08569479,0.32366037,1.1055984,0.32811856,2.3319366,-0.8246112,0.2572987,-1.7839904,-0.6455579,0.41429853,-0.57622623,1.3550284,0.13678312,0.651629,0.76475096,0.3839631,-0.7438717,0.79251313,-0.15092206,1.246424,-0.43145466,-1.0377469,0.43693256,2.348249,1.113153,0.5183115,0.8504853,2.6502047,-0.415843,-0.15027618,1.5522614,-0.6809907,-0.96875906,1.6541443,0.7203028,0.42471743,0.45583105,3.2153625,0.306365,0.515892,1.1282706,-1.2257969,5.4447484,0.94279075,0.6175648,0.6688099,-0.37002516,-0.31876945,0.24600077,2.221654,0.27160144,0.92761326,1.7010252,1.1317375,0.57676816,-0.63138247,-1.8373857,-0.400362,-0.42002487,"Sepsis"
"GSM7574292",0.62117887,0.07441783,-0.8008268,-0.56182635,0.33126116,0.8605869,0.025130749,-0.30396223,0.3293066,0.36179972,1.0341792,-0.5944047,0.022260904,1.0544412,0.14876246,-0.9994581,-0.60932326,-1.4857373,0.6813731,0.5542278,-0.05918002,-1.2979543,-1.0338273,-0.26488853,-0.8435583,0.8925533,-0.7535939,-0.7337909,-0.5778158,0.47601366,-0.9671197,-2.2389817,-0.90565825,-0.2637024,0.09201956,0.12056661,-0.6368058,-0.6319742,-0.2068615,0.6183567,-1.7086353,0.8965583,-0.3044958,0.29560614,-0.3226223,-0.62403107,0.70797825,0.44133043,0.12665701,-0.16187191,-0.09685993,2.3181708,0.9764533,0.6875558,0.3101411,0.22471905,0.6547518,-0.6947355,-2.7364614,0.17761946,-0.0606215,-0.52196443,0.091300964,-0.57274055,-0.548707,-0.48743105,0.5180235,-0.6386111,0.7533765,-0.15665984,-0.3699243,0.21315312,-0.14212942,0.28124833,-0.12104225,-0.55595493,"Sepsis"
"GSM7574301",-1.6351802,0.89816403,0.6358831,2.710946,0.42360115,-0.17850041,0.52795696,0.8184438,2.6489525,-0.8506546,-0.45179892,-1.2733717,0.5506494,1.4065182,1.0006726,2.065233,1.348211,0.64876556,0.7201252,1.8750849,1.5635555,1.9398086,-0.39413023,1.0835912,0.0769496,1.9707446,-1.5101604,-0.11057854,-0.8875153,0.55239105,4.1729813,-1.693224,0.6347122,0.14858341,-0.533031,-0.4587314,0.8379152,2.0306103,1.2025366,2.458796,1.6880736,0.17440033,0.7574725,0.7582016,4.38119,0.01087141,0.05625677,0.6019914,1.4774861,-0.5504837,0.46742773,0.40202308,0.20197678,0.05449581,5.0260797,0.8016639,0.7150254,0.17762423,-1.5821846,6.404766,1.1989586,0.7643672,1.3299227,0.07118845,0.08516264,0.82682467,1.0978732,-2.139053,1.1869779,-1.661627,0.6108496,-0.21874404,-0.39435434,-1.5349259,1.2704072,-0.000617,"Sepsis"
"GSM7574310",0.09338069,-0.079544306,3.8494508,1.2242407,0.18823767,-0.2658918,0.2990756,-0.6199031,1.3492904,2.204331,0.48851204,-0.09875536,0.11413884,1.6862733,0.23796248,2.6619866,0.9268153,-1.3033986,0.09573126,0.6894493,0.17000031,3.1707013,-0.60244274,2.4553473,-1.5838037,0.53238344,-1.6886296,-0.3512807,-1.3056905,0.6714883,-0.4414792,1.6600571,-1.5834022,0.004228592,-0.099327564,0.7796395,-0.628849,0.24655771,0.5068836,-0.053175926,-1.2675681,0.3225379,-0.5883007,0.22761965,3.5983486,-0.15403128,1.3874149,-1.4114251,-0.3676901,0.024538994,-0.30259132,2.6710398,0.12918615,-0.017893314,-0.6673145,-1.5063562,0.6817751,-0.030218601,1.231489,-1.0783968,-0.6407349,-0.68099344,-0.6006031,-0.13745022,-0.12546492,-0.76030636,0.051115513,1.0592477,-1.602817,1.6028016,-0.6259067,-0.5757339,0.40798712,2.9200425,0.5913825,-0.20376539,"Sepsis"
"GSM7574321",-0.13426805,-0.090280294,-1.9491136,-0.19631255,0.0473876,0.11823249,-0.032980442,0.14509964,1.0265694,-1.4971566,1.313159,-0.45829296,-0.47587085,0.582196,0.024015188,1.6230881,0.96547055,-1.0144773,-0.06507349,0.8946228,-0.3511455,2.9513953,-0.47519255,-1.5378497,-0.56319904,0.9012518,0.47362375,-0.20878267,0.352422,0.017865658,0.32412863,-0.38548517,-0.73215914,-0.08402443,-0.10792446,-0.3046925,-0.20600915,-0.1743927,0.36284828,-0.6645613,-1.1457887,-0.8968282,-0.89904976,-0.013115406,4.42095,-0.13327026,0.40874195,-1.425684,-0.3707652,-0.58251333,0.27669334,0.026088953,-0.31744814,0.024158001,-0.54938936,-0.5748882,0.33308506,-0.01824379,-1.0622661,-0.493186,-0.41755605,-0.55725133,0.1759777,-0.02776575,-0.09125328,-0.47236204,0.15094185,0.11619735,-1.1842499,0.628608,0.9815614,0.5468323,-0.16620684,-1.0995297,0.44397545,-0.09002972,"Sepsis"
"GSM7574326",1.1236541,-0.12708688,2.571975,2.1705894,0.30449677,0.08971858,0.8936806,-0.028674603,2.3647747,0.31188107,-0.34896326,-0.7441673,0.067845106,0.9679835,0.57380223,2.8680856,-0.8072331,-1.1249876,-0.7771435,0.63029003,0.036366224,5.0025587,0.156878,2.806279,0.12169099,-0.22140312,-1.6070137,-0.118581295,-1.3610308,0.8732195,0.092022896,2.0974264,-1.2024031,-0.084404945,-1.0109563,1.066283,0.61604714,-0.46413088,-0.37681866,0.20625925,-1.496705,0.243886,-0.97037935,-0.92764854,4.120312,-0.43292713,1.262754,-1.7611046,-0.16389751,-0.8731713,-0.000556,1.9267585,-0.40321064,-0.5407791,-0.84506464,-0.5736308,0.7572684,0.06178093,0.4352553,1.7998581,-0.1852777,-0.8860749,-0.534873,-0.30394602,-0.40201998,-0.097185135,-0.82784176,1.6932547,-0.22214985,2.4894874,-0.29612136,-1.1381257,0.7343674,0.14075613,-0.21570635,-0.39985752,"Sepsis"
"GSM7574330",0.62999415,-1.519911,-2.8847425,0.23244035,0.945981,2.5988762,2.2571383,0.45780468,1.4037266,-0.35355377,-0.06627369,-0.94074297,-0.39993882,-0.619498,0.23557782,0.13723731,-0.7444556,-2.8042164,0.6980343,2.3214893,0.36521316,1.7726729,-0.4631238,-3.3012545,0.11830664,0.86485434,-1.6749573,-0.7876544,-0.80033326,1.4322863,-0.061745644,-1.4705076,-1.7022314,0.38716316,-1.692431,0.1388557,-0.9802549,-0.76341724,0.1237793,-0.73018026,-1.7025867,1.7583904,-1.2581143,-0.08368206,1.9130816,-0.70574236,0.87641096,-1.6849017,0.23368263,0.7293782,0.047399044,2.9882286,-0.22704124,-0.36725903,-1.1476026,0.30146742,-0.165524,-0.3023491,-2.8793724,-1.8554878,0.48213506,-0.5199326,0.5740833,-0.6082969,-0.66625977,-0.28673792,0.35606623,-0.012862921,-0.26667643,1.1454875,0.60635495,-0.31407952,0.055405617,-0.47410965,1.0448146,-0.6834278,"Sepsis"
"GSM7574332",0.005443335,-1.1487072,1.0014803,-1.6572806,-0.09161186,-0.24052644,0.03295517,-0.532948,-0.8304372,-0.2832241,-0.5759301,0.34185457,-0.7818234,-0.43161368,-0.78069663,0.6549108,-0.6118605,-1.3103733,-0.20522308,0.35733795,-0.009963274,0.35227132,-1.1298656,0.9778707,1.4460773,0.8717389,0.6327343,-0.86777353,0.28622508,-0.5211525,-0.7420683,-1.152813,-0.19215965,-0.8379135,-0.5645733,0.08879256,0.46514726,-0.82778263,-0.3917179,-1.0427699,-1.860692,-0.6214733,-0.9477773,-0.08895302,-3.9517512,-0.76094437,0.31191874,-2.0192804,-0.10816431,-1.2321978,-0.159801,-0.01010251,-0.28958893,-0.82712936,-1.2255669,-0.002724171,0.30813932,0.68062973,-0.66268325,-0.30559444,0.35792375,-0.4941529,-0.159729,-0.6825814,-0.7049122,-1.2361808,-0.489429,-1.2380998,-2.1189904,-0.31374574,0.7741425,0.44598174,-0.27847195,-0.23049212,-0.2005887,-0.7565813,"Sepsis"
"GSM7574338",-0.18233085,-0.3739264,-1.2591798,-0.41874468,0.18394613,-0.74932265,-0.22894907,-0.93839216,-0.33238363,-0.6396799,-0.1395359,-1.5718088,-0.074175596,0.1460979,0.12368846,-0.75720143,-0.14155746,-1.7071872,0.7070298,0.17846107,-0.3204906,0.12838769,-0.5486269,-1.5726678,-0.61637115,1.3068695,0.5566459,-0.66928387,0.31293988,0.08511114,-0.37338305,-1.5983024,-0.40933275,-0.7458668,-0.17382526,-0.12535167,-0.7356477,-0.5445843,-0.37640953,-0.32183647,-0.83356524,-0.44224977,0.121684074,-0.056628704,0.2601652,-0.51224136,-0.084415436,1.7293487,0.09959459,-1.0248713,0.19799137,0.441931,0.2968192,-0.10291624,-0.98158646,0.034296036,0.3491602,-0.16566324,-1.2727525,-1.9750619,0.009947538,-0.09480226,0.22810555,-0.4765377,-0.42515612,-0.9937849,-0.31601763,-1.543484,-0.7781277,-1.1544464,0.5049112,0.8665755,-0.31460428,-0.40643883,-0.40334606,-0.5127535,"Sepsis"
"GSM7574340",0.1033566,-0.056455374,-2.574733,-1.2648011,0.28584003,0.48268914,-0.27932358,-0.8576107,-0.4738965,1.1357155,-0.22791386,2.0576448,0.3139398,0.27317262,0.43398786,-0.27120948,-0.032700777,-1.2197409,-0.21242714,0.6639004,-0.392215,-1.8409798,-0.36226368,-2.7992733,0.36567307,0.3816762,0.36245537,-0.13349676,0.47947288,0.45119,-0.1691227,-2.5389938,1.5411987,-0.2425785,1.1906419,-0.37294602,-1.3831198,-0.03707695,0.3888073,-0.9624839,-0.90545607,-0.4571886,-0.256207,0.11104202,-5.6711326,0.03741741,-0.44285154,1.4117217,0.829226,0.8483825,0.75178957,-1.697653,-0.7517309,-0.3865738,-0.42420006,1.5345702,0.47659636,0.042998314,-2.1686518,2.439085,0.38001657,-0.2600459,0.10988331,0.10085201,0.06902933,0.7418065,-0.10880947,-3.143781,2.24617,-2.719877,1.1220591,0.66292834,-0.3104477,0.13931823,0.41769457,0.000617,"Sepsis"
"GSM7574344",0.21819949,-0.25487447,4.816103,1.5999621,1.2640734,1.4988568,1.3654299,0.623744,1.5405407,-0.2716112,0.94090366,-2.4443111,0.56858325,2.8035958,1.6061757,3.0998495,1.5642288,0.3817196,0.7270088,0.932353,1.4195707,3.7487648,-0.11974764,5.1752853,-1.3521552,1.2163634,-1.2334976,-1.0628552,-1.4144585,1.650423,-0.30841255,1.8740149,-1.0797415,-0.441226,-1.3084035,1.3397481,-0.11138177,-0.99586153,0.9660368,1.0219712,-0.007791996,1.0070229,0.07289362,0.07433605,3.5738816,-0.17628288,1.4497924,-2.1981144,0.5759773,-1.0084519,1.0912261,3.0594242,0.13061142,0.7393913,-1.4161243,-0.1262269,1.331492,0.78063583,2.6648242,-0.9168272,0.5792496,0.37312138,0.31146336,-0.90698195,-0.8805876,-1.4107747,0.9014859,1.7388661,-1.5846663,2.7482069,-0.60731006,-1.436477,0.8648405,0.46052313,1.5764871,-0.93487597,"Sepsis"
"GSM7574347",-0.01650834,0.73210454,-1.2373044,-0.9418136,-0.33238983,-0.68556523,-0.8168726,-2.2582636,0.8715224,0.69285774,-1.2915211,1.5496998,-0.11280084,0.077415705,-0.56744266,1.47842,-0.47671628,-0.82553864,-0.59497166,-0.34104347,-1.6722434,1.5168612,-1.1687808,-1.4239199,-0.27553082,0.3401246,0.27682018,-0.8828268,-0.088088274,-0.06348419,0.3517723,-1.2788296,0.55388165,-0.84809303,1.2566576,7.22e-05,-1.068198,-0.82352495,-1.6763859,-0.21963549,0.91137314,-0.9812145,-0.8287082,0.24029922,2.0525804,-0.7637243,-0.047029972,-1.9435315,-0.60826445,-1.2254996,0.012732029,-1.2697604,0.19421768,-0.72612,-1.2448039,0.4393363,0.16972113,-0.08795357,-1.0697854,2.0914173,-0.7303846,-0.41211975,-0.5271759,-0.7187848,-0.6725993,-0.57525396,0.003765583,-1.3442667,-0.13232136,-0.9749739,0.5321734,0.7533281,-0.11330128,-0.49133444,-1.57231,-0.7737665,"Sepsis"
"GSM7574351",0.037705183,-0.4548719,-2.5028422,0.35085714,0.0970335,-1.0110734,0.2803259,0.20874739,-0.26509,0.83187866,-0.73258257,1.7096419,-0.20714116,-0.50030684,0.044852495,2.287463,-0.020386934,-1.6548758,-0.3891554,0.47979164,-0.90390515,2.379214,-0.26125097,-2.7491095,0.42323136,0.12758875,0.3301525,0.00816679,0.7312114,0.4224434,0.29688168,-1.2326698,0.6415577,-0.79945946,0.02615118,0.11833835,0.43388867,0.0630188,-0.29691982,-0.144526,-0.43745995,-0.7126913,-0.96025896,0.46228218,1.5689263,0.08639097,0.34616613,1.4768353,0.1866622,0.028101921,-0.08093214,-1.1856368,-1.0544319,-0.8071871,0.15021038,0.6272254,-0.047306538,-0.21937847,-2.0364907,2.5400667,-0.26903605,-0.9515561,-0.19599533,0.18191957,0.14613152,-0.35114956,-0.053545,-1.9763687,2.1577525,-1.2715657,1.1530869,0.73982406,-0.5767555,-1.3250742,-0.001307964,0.13152075,"Sepsis"
"GSM7574357",-2.692362,2.4996603,-5.824419,-1.4044944,-0.42525244,-2.4604232,-1.5040145,-3.3563104,-2.5306168,0.9165578,-1.3924947,1.4372649,0.27671838,-0.5849354,-0.16260743,-0.69683814,-0.07841182,-1.5734878,-1.535049,-1.3236384,-1.6481006,-2.1284573,-0.58431864,-6.519271,-1.663805,-1.3266969,1.3524451,-0.33305025,1.0044634,-0.43529654,-0.3947444,-4.6510243,0.775784,-1.8026123,1.0192647,-0.095612764,0.07142854,-0.30694914,-2.1899915,-0.7759056,1.3748794,-1.864573,-0.58361626,-0.15936232,-4.395404,-0.2525487,-1.0415258,2.1008787,-0.22920752,-0.7815752,0.5649538,-3.6788843,-1.8326373,-1.1715989,0.3060155,0.9193039,-0.5596781,0.35015726,-2.421147,3.6322217,-0.49139142,-0.5283588,-0.9202657,-0.20257854,-0.15725708,-0.7781353,0.9216728,-5.2882757,2.1825547,-4.90362,1.0860584,1.7880671,-1.0030055,-1.7246113,-2.126975,-0.28672552,"Control"
"GSM7574358",-2.3140333,1.903888,-6.4245043,-0.9113766,-0.11717415,-1.0299408,-0.8848896,-2.9706826,-1.2705708,0.34597874,-1.5930414,-0.10440588,-0.14814019,-1.3450401,0.10550332,-1.0514491,-0.021499872,-1.7500782,-0.8477526,-0.6773014,-1.2754643,-1.9216902,-1.2996964,-6.3759394,-0.5869479,-0.82838964,1.4788799,-1.0009246,1.5798748,-0.047680855,-0.42026234,-4.4240484,0.3937664,-1.917099,-1.688941,-0.042358637,0.19638467,-0.07275772,-1.8348846,-0.8894086,2.174841,-1.4841022,-0.5980058,-0.29762363,-6.641379,-0.92831516,-1.6983991,0.8049736,-1.212182,-1.3460832,0.059000492,-3.3111846,-2.5920143,-1.1682291,1.3957205,2.0747676,-0.8336568,-0.49779558,-1.7185366,3.5959206,-1.5753162,-0.8058032,-0.5962696,-0.85473204,-0.19198942,0.61711264,0.56686735,-4.968395,1.3162174,-4.2197113,1.4239695,1.9357297,-1.2930574,-0.8244734,-1.562222,-0.89006805,"Control"
"GSM7574359",0.923846,1.748893,-5.54727,-1.5174752,-0.7680397,-1.3310778,-1.1377316,-3.2194476,-2.9219332,0.57423973,-1.1466026,-0.20736885,0.1433723,-1.7220933,-0.72092223,-0.95047784,-0.6156008,-1.4481153,-1.4953518,-1.3822727,-2.3451474,-1.7560132,-0.6532407,-4.657789,2.3708563,-1.4505239,2.098833,-0.3847971,1.5054176,-0.41704845,-0.27541542,-4.117545,0.21483898,-2.3196993,-1.1721501,0.1864984,1.7019613,-0.32996655,-2.4278584,0.6965785,1.6475396,-1.656188,-0.7486968,-0.37098694,-3.4523835,-0.29448795,-1.4700513,-1.0895939,-0.41951132,-0.7607627,0.23891306,-2.3875525,-2.0586662,-1.5336161,0.6530056,1.4851499,-1.2996755,-0.32996655,-2.439871,3.2208061,-0.8920295,-0.91149986,-0.8773794,-0.20356512,0.036357403,-0.7897706,1.2817645,-4.6757174,0.018931389,-3.9760659,1.346204,1.998843,-1.0827847,-1.775382,-2.1832566,-0.26830912,"Control"
"GSM7574360",-2.81758,2.4930446,-5.284546,-1.0202776,-0.38618517,-1.0936332,-0.92942667,-3.343635,-1.9531007,0.6416011,-0.28082466,-0.15753317,0.22167802,-0.4204266,0.024707556,-1.3046439,0.4791491,-1.817802,-1.3124328,-0.9849448,-2.7620199,-2.193035,0.3882079,-6.7856665,1.278492,-0.5073848,1.5741057,-0.422462,1.1986935,-0.17479277,-0.12524843,-3.6844687,0.32444906,-1.9860821,-0.6151166,0.05338025,1.0931294,-0.40579462,-2.4244103,0.2930317,2.000236,-1.515039,-0.39344978,-0.49645472,-3.6151953,-0.35998487,-0.8666067,-0.828423,0.2029109,0.039527416,0.57441807,-2.3511484,-1.8199172,-1.9730134,2.351265,1.4055862,-0.78376865,0.46674824,-2.005133,4.5044456,-0.48029923,-0.97952306,-0.647058,-0.2718978,-0.30459785,-0.84534407,1.3943901,-4.276144,0.35956168,-3.6270778,1.1521671,2.0124152,-0.734426,-1.8184643,-2.3046684,-0.31683826,"Control"
"GSM7574361",-2.556753,0.7178519,-5.6865377,-1.6952864,-0.55314827,-0.99324846,-1.638092,-3.1135368,-4.0296426,0.95075417,-1.2258053,-0.60484505,-0.9342053,-1.760042,-0.79253364,-1.5758541,-0.51513696,-3.098607,-1.6440601,-1.0677071,-2.1094258,-2.0035946,-0.5351553,-7.2247276,-0.72202253,-1.5162063,2.3671227,-0.27575588,1.4171388,-0.2458973,-0.84802437,-5.8288975,0.7087107,-2.2849894,-1.1188765,-0.6118853,0.8770335,-0.20214939,-2.7705345,-1.2975907,-0.8824949,-1.8430939,-1.5159612,-0.17303085,-3.8737998,0.45168018,-1.467484,0.16786385,0.4159255,-0.64283085,0.19057322,-3.3633668,-2.1297007,-1.9692745,0.99249744,1.2368531,-0.82490873,-0.24317169,-2.1724951,1.2442756,-1.0584266,-1.4587358,-1.3425341,-0.08223295,-0.07854223,0.49195147,-0.3005724,-5.7604485,0.7863455,-5.199667,1.4514649,2.1237266,-1.3369694,-1.2524242,-2.5696769,-0.14489508,"Control"
"GSM7574362",-2.1505606,-1.8135736,-5.2174244,-2.10284,-0.3526702,-0.89581203,-1.4282165,-2.8779244,-1.959476,0.8113179,-0.47880363,2.085464,-1.2209833,-2.0478084,-1.0779364,-1.0104449,-1.9650991,-3.8810802,-1.5846791,-1.3567071,-1.8353612,-1.1640575,-0.059676647,-6.760041,0.88638353,-1.4007015,1.9941659,1.6177428,1.0522444,-0.31150007,-0.71828985,-6.8785014,1.1892018,-2.690539,-0.7783227,-0.6143396,1.316376,0.25735378,-3.04135,-2.3921108,0.38709617,-2.500216,-1.4282398,-0.15256357,-5.3963795,0.29617023,-1.5066247,0.6106057,-0.9774523,-0.18337965,-0.11654568,-5.0897017,-2.4231029,-2.1670203,-0.13307095,1.1009388,-0.94117546,-1.204987,-1.4012063,-1.9522095,-1.0274622,-1.7447895,-1.3375125,0.39041376,0.337214,-0.16371584,-1.4158196,-8.8913965,1.3276873,-7.9038954,1.0047462,2.4332879,-1.5000153,-1.1831317,-2.6472712,0.32590008,"Control"
"GSM7574363",-2.2892487,1.6296442,-5.3923893,-1.4287249,-0.52525854,-0.48185325,-0.6178632,-3.0995412,-2.407583,0.77177286,-0.94441175,0.598238,0.3609593,-0.6420109,0.08483863,-0.943732,0.26398396,-1.4056296,-1.5827498,-0.48734045,-1.7418201,-1.7176149,-0.2358408,-6.6136923,-1.2358584,-1.8473835,0.8196912,0.020430565,0.9145129,0.13713884,-0.37020254,-3.8560576,0.983747,-2.0144444,0.18316126,-0.035090685,0.4094708,0.07499409,-2.2308125,-1.2719641,0.7593882,-1.4610152,-0.2837906,-0.18377161,-3.0916877,0.12316418,-1.339376,0.87833023,-1.5842533,-0.33790016,0.9960747,-1.828697,-1.7000012,-1.207705,1.4639542,1.637476,-1.194725,0.17872763,-0.21511102,2.8374715,-1.2129071,-0.37660158,-0.7965932,0.21146488,0.16891432,-0.032758713,0.8439102,-4.406562,0.5859666,-3.2991788,1.0084589,1.7283432,-1.0895724,-0.54130983,-1.9864349,0.14741755,"Control"
"GSM7574364",-1.7734191,-2.2003872,-6.8796167,-1.3680855,-0.3176012,-0.7814019,-1.3219404,-1.9061432,0.3882141,1.0795641,-0.81942654,1.4089541,-0.97431684,-1.2843788,-0.075511694,-1.2800767,-0.09806657,-2.732689,-0.8446684,-0.99085236,-1.838979,-3.0606272,-1.116138,-6.831296,-0.69494724,-0.47429323,0.7380657,-1.5094624,0.4224403,-0.2876606,0.009801865,-4.878525,-0.27744675,-1.7765207,0.18641376,-0.2811644,0.9976094,-0.52429724,-1.9721994,-1.9648843,1.2682805,-1.7474203,-1.3590007,-0.31246567,-3.2593904,0.23032475,-0.92468405,0.11118698,0.60391235,0.18923473,-0.6782918,-3.7500274,-1.7646933,-1.0482693,-1.6572771,1.7054734,-0.4241767,-0.25334644,-2.6582162,-2.0781603,-0.31912303,-0.015693545,-1.1735125,-1.1935658,-1.1295166,0.03402376,0.030995846,-5.531246,0.8325639,-4.490387,1.0007346,1.4990432,-0.70581627,-0.22904396,-1.6846642,-1.2369561,"Control"
"GSM7574365",-1.2639339,-2.6413076,-5.0532503,-0.9607407,0.26971722,-1.6853616,-1.1369228,-1.128489,-1.6549559,0.64660454,-2.049879,2.405057,-0.70663,-1.7085731,-0.30719638,-1.2454708,-0.6117022,-2.805213,-0.15393257,-1.3594551,-0.9791405,-2.9983394,-1.5120878,-4.400572,-0.8603325,-0.07041788,1.1142101,-0.963634,1.0648668,-0.1062212,0.28712463,-5.3062296,0.29117107,-1.953083,-0.50355244,-0.5957873,1.4063604,-0.90015984,-2.112421,-1.713119,4.061201,-1.6021681,-0.93736696,-0.27188683,-4.751037,-0.7373414,-1.2702556,1.3058949,0.56383324,-0.6498513,-0.6186147,-4.742298,-2.669158,-1.029933,-1.5858569,1.3432689,-0.16153955,-0.9346342,-1.9867218,-1.1001382,-0.009033918,-0.38827503,-0.84176826,-1.0633531,0.013018608,-0.9053898,-0.73428774,-7.708103,1.5585861,-6.6340647,1.2593844,2.296604,-1.3255119,-0.96802044,-1.8393149,-1.1391306,"Control"
"GSM7574366",-0.8842342,-2.3917997,-6.5031357,-0.69092476,0.07124901,-0.92429996,-0.59830475,-1.8456469,-2.250843,-0.07879162,-2.3076181,0.85456324,-0.64520955,-1.0990922,0.12184262,-0.938854,0.044924498,-2.4986057,0.17615604,-0.97983074,-1.1524441,-2.340337,0.014394283,-5.8556376,-0.4125514,0.46117067,1.145051,-1.0790353,1.0972164,-0.14184761,-0.31498432,-5.211685,0.5153389,-1.8754158,-0.96000147,-0.5156338,0.6965978,-0.6239753,-1.8642559,-1.2898765,1.555573,-1.2019367,-0.47454214,-0.18736935,-2.7727299,-1.0021257,-0.8733821,0.7634015,-0.12773275,-0.8905082,-0.24069834,-4.2686853,-1.7071753,-0.528327,-1.4156952,2.3982396,-0.2420497,-0.60441256,-3.1663368,-2.7494893,-0.22946429,0.037057996,-0.56539536,-0.8923664,-0.978858,-0.87764406,-0.17690992,-6.8984337,0.86956835,-6.314584,1.2354758,1.3801448,-1.3686647,-0.043649197,-1.5330348,-0.9700527,"Control"
"GSM7574367",-0.8759792,-1.4684794,-6.6349535,-0.54329216,0.59484386,-1.2826917,-0.59799385,-1.1386385,-0.65963984,0.62726593,-1.3731241,1.6681437,-0.6132128,-1.2167442,0.3986628,-1.4046171,0.2570541,-2.5273104,-0.055937767,-0.45696068,-1.3722813,-2.089248,-0.9254098,-6.726676,-0.17378426,0.000636,0.666502,-1.2281241,1.1226432,0.47380257,0.038596153,-6.1981554,1.1413088,-1.6760712,-1.5722828,-0.49868226,-0.017427683,-1.1651983,-1.5595341,-0.49045134,4.1792393,-0.9003811,-0.32429934,-0.33748245,-6.8399844,-1.1400633,-1.2269979,1.7787523,0.87342644,-1.2342935,-0.011176586,-4.087842,-2.5191908,-0.61594677,-1.5603523,2.2024474,0.18475485,-0.9978671,-1.9677327,0.084441185,0.13970971,-0.2883929,-0.5860939,-1.0547128,-1.0901041,-1.2781081,-0.20434046,-6.7200384,2.5733552,-5.9746885,1.0539849,1.602845,-1.4562068,-1.3665376,-1.2647605,-1.0875139,"Control"
"GSM7574368",-1.6096103,-1.3230579,-5.7359905,-1.7032796,-0.42599106,-0.41622663,-1.0457582,-1.6883862,-2.9382944,0.6684761,-0.23310566,2.6418695,-1.0172274,-1.8801334,-0.1616199,-1.061918,-0.8875725,-3.1529255,-0.5421305,-1.0386419,-1.4475148,-1.8375547,-0.53836536,-6.1796274,-0.2836771,-0.11515188,1.5013247,-0.41444826,1.069288,-0.22101212,-0.08539581,-6.017254,1.350708,-1.916213,-1.3274179,-0.6762736,0.32923293,0.030134678,-2.253502,-1.2470956,2.289277,-1.8411884,-1.2556329,-0.4255333,-4.0695715,-0.003175736,-0.69967127,0.17384005,0.25103664,0.9570992,-0.059942722,-6.1972075,-3.2491684,-1.3959074,-0.42809677,2.0146728,-0.74706984,-0.9457774,-2.1733625,-3.3219051,-0.40148616,-0.94087875,-1.5476379,-0.019906044,0.04764557,-0.92041063,-1.0713487,-6.871542,0.93214226,-7.1593027,1.2142193,1.8066261,-1.225822,-0.52106667,-2.0716405,-0.14251804,"Control"
"GSM7574369",-0.18317437,-2.5796144,-0.6406734,-1.4823676,-0.1658454,-1.1698818,-1.025969,-1.4052758,-2.9243655,1.2922959,-1.6105537,0.69011974,-0.8803899,-1.3624384,-0.5170853,-0.09038043,-1.0508964,-2.119966,-0.41454458,-0.86813307,-1.2415731,-1.4892008,2.761354,-1.8885071,-0.12211704,0.076262,1.3963094,-0.4714656,0.77836156,-0.4362359,-0.24699831,-3.3414702,0.019804478,-1.6584606,1.2933455,-0.33043933,0.5877688,-0.54948425,-2.2709365,-0.9025078,1.6847663,-1.6380334,-1.4859314,-0.13692999,-2.750824,-0.48321915,-0.88233566,0.6666589,-0.23010206,-0.83953667,-0.1868639,-2.6106117,-1.5121636,-1.0886359,-0.8834219,1.9515266,-0.064279556,-0.26344252,-2.4522474,-1.2080736,-0.7639744,-0.8353723,-0.87991476,-0.33685637,-0.46600056,-0.920835,-0.42974615,-4.9878283,0.5544472,-4.220086,1.1367977,1.2110636,-0.90543747,-1.2242713,-2.0377674,-0.4039955,"Control"
"GSM7574370",-2.0721204,-0.045061827,-5.726557,-1.0392553,-0.07353783,-1.6639903,-0.9537792,-1.3244905,-1.9283967,0.8883505,-1.6996336,2.024809,-0.879719,-1.5909669,0.012268305,-0.46781468,-0.0894053,-2.155548,-0.2642088,-1.0796833,-1.2471097,-1.3505852,-1.2188501,-4.480587,-1.8075314,0.013112545,1.3114777,0.05809164,1.2326467,0.10449886,-0.056521416,-4.8262463,1.1844807,-1.9485207,-0.57790184,-0.5455134,0.9029243,-0.9421911,-1.9967155,-0.96831274,1.2486639,-1.7194548,-1.231935,-0.3425436,-1.6691065,-0.8734422,-1.0451026,0.9285784,0.17010117,-0.7390542,-0.13968515,-4.5903416,-2.7608318,-1.0613146,-1.2897329,1.800839,-0.50318766,-1.1046958,-2.5853312,-1.1310916,-0.33835578,-0.4592055,-0.92868614,-0.76907253,-0.8584223,-1.3747597,-0.6787019,-5.575823,1.0559072,-4.8984823,1.0533545,1.6851594,-1.4809332,-1.2604885,-1.7443748,-0.8166237,"Control"
"GSM7574371",-1.9092538,-0.392277,-6.6969404,-0.68299305,0.17111969,-0.37246633,-0.8081827,-2.7365823,-2.0972285,0.22805882,-2.3722339,0.49789715,-0.607815,-1.131809,0.14550233,-0.77593064,0.041380644,-2.2019567,-0.48538017,-1.1001806,-1.0855553,-3.0101297,-1.5340228,-6.3481245,-2.5934348,-0.38002253,0.92313766,-1.2847166,0.9856937,-0.20724392,-1.2314024,-4.9726944,0.32576275,-1.7623386,-0.28677702,0.0355947,1.1136382,-0.9068394,-2.0265417,-1.3074851,1.7855482,-1.4618998,-1.2648597,-0.49508,-4.2248344,0.037333965,-1.2235427,2.1183114,0.73045635,0.4990425,-0.123692036,-3.1201746,-2.558937,-1.1990547,-1.6023011,1.5827594,-0.1557622,-0.08026409,-2.094045,-1.0730639,-0.045247793,-0.14227378,-0.9715271,-1.0793114,-1.127275,-0.62448597,0.05330038,-8.220794,2.1859593,-7.4381046,1.2686093,1.4217689,-0.87875366,-1.0564513,-1.5933852,-0.5786724,"Control"
"GSM7574372",-2.4851,-0.59265924,-5.7179003,-1.8416125,-1.0618606,-0.9274521,-2.1216197,-3.1287465,-1.6902704,0.40192938,-0.33184528,-0.7503867,-1.2359817,-0.72690034,-0.85813355,-1.5326445,0.11001611,-2.0802712,-1.8723769,-1.4004741,-1.5743301,-2.020724,-0.49188948,-4.947054,1.3389091,-0.5106616,1.2926621,-0.2727418,0.07296014,-2.0661607,-1.2887492,-3.068828,-1.3635602,-1.2475662,-0.48446512,-0.481776,-1.0440595,-0.16854286,-1.9265018,-1.8251095,1.2751393,-2.0674005,-1.2572689,0.5364051,-5.8106956,-0.08706474,-0.65540695,-1.3179455,-0.4718256,0.25470686,-0.9598789,-2.2552497,-0.19527292,-2.134996,-0.61361074,0.3160162,-0.2246418,0.46222162,-1.9610717,-0.856143,-0.9760039,-0.6508802,-0.9213309,-0.0412035,0.012864113,0.61588717,0.12574911,-4.7403526,0.17469239,-4.622978,1.9631135,0.79793286,0.2062993,1.3665533,-1.939043,-0.19021988,"Control"
"GSM7574373",-1.7877052,0.015736341,-6.4949007,-1.5233084,-0.4550495,-2.8784764,-1.4032555,-3.1855736,-2.5236382,0.96769714,-2.0709805,0.630106,-0.8654444,-1.5448825,-0.18754268,-1.8179572,-0.58288217,-3.0098782,-0.94648075,-1.5452261,-1.3886893,-2.751241,-0.95194864,-6.330928,-0.88898754,-0.74594975,1.387351,-0.8724942,1.4547117,-0.23980427,-0.63066673,-5.1303244,0.72242737,-2.241559,-0.000346,-0.46884227,0.022940874,-0.660017,-2.2230082,-1.6689677,2.2390022,-2.1088371,-1.148129,-0.49286842,-5.703852,-0.8622823,-1.1565566,0.89329624,0.26461315,-0.28341436,0.041351795,-3.783744,-2.355257,-1.4020433,-1.3367491,0.7766309,-0.95354795,-0.852787,-2.1794388,0.8409047,-0.6292255,-0.9811505,-1.103569,0.4303465,-0.7964196,-0.679584,-0.18810034,-6.6513815,1.9213004,-5.425599,1.2183106,1.9748552,-1.085206,-0.9087982,-2.083406,-0.93752,"Control"
"GSM7574374",-1.4891393,0.1728909,-6.405403,-0.8858839,-0.23469639,-1.6374314,-0.6902199,-2.65421,-2.0264077,0.66440964,-0.7733154,0.6459174,-0.1977694,-0.84823775,0.13718057,-0.94620156,-0.42522836,-2.6475592,-0.961895,-1.3520012,-2.178426,-1.7669423,-0.5982814,-5.425357,0.39244223,-0.870379,0.9247217,-1.1308799,0.94561934,0.16263008,-0.21522617,-4.7383957,0.60537815,-2.0932255,-0.009830475,-0.23903775,0.2129314,-1.0756626,-2.280138,-0.84607744,1.8670526,-1.2085485,-0.5974736,-0.41820621,-3.2313318,-0.9957967,-1.1574483,1.4192991,0.6315036,-0.891026,0.062471867,-3.266536,-2.231245,-0.7639532,-1.4801826,1.8293948,-0.6797967,-0.5365362,-1.2503345,-0.047869205,0.16940904,-0.1245507,-0.7228737,-0.91002226,-0.9320097,-0.014314175,-0.16833735,-5.037636,1.762404,-4.0018244,1.0298655,1.9306743,-1.0210323,-1.6328478,-2.034039,0.4821353,"Control"
"GSM7574375",-1.7778523,0.11949277,-6.651224,-1.1229621,-0.7146578,-1.5770252,-0.9812851,-2.6399312,-1.9600987,-0.11025047,-1.6489773,-0.019615173,-0.70736814,-1.348048,-1.096606,-0.5080178,-0.7593577,-2.7774935,-1.3804111,-1.5742941,-2.085869,-2.9765813,-0.7769799,-5.778734,-0.4547577,-1.3998117,1.7445555,-1.2252288,1.6474988,-0.245018,-0.64586926,-4.7403297,0.2725153,-2.3143644,-0.93867636,-0.34163022,0.13958526,-0.0834198,-2.4016285,-1.3059087,1.5923748,-2.030424,-1.253942,-0.54539967,-4.3921037,-1.0723801,-1.6988673,0.35078096,-0.44410133,0.42254925,0.1919961,-3.2373135,-2.641203,-1.3777227,-1.2464437,1.4177403,-0.8540988,-0.5706177,-2.1559203,2.3285627,-0.94622016,-1.0502537,-1.3258944,-1.0016837,-1.0300651,-0.996202,0.28759146,-5.9636354,0.836596,-4.6560802,1.4991772,2.004011,-1.1788349,-1.3032742,-2.1795259,-1.1200471,"Control"
"GSM7574376",-1.1598918,-0.29325652,-4.5439844,-1.5436112,0.84540844,-1.0811875,-0.6751919,-2.2025065,-4.448174,1.2229042,-1.7479949,2.216865,0.35302806,-0.9469745,0.007344484,-1.3612955,-0.3762734,-1.3262367,-0.3411398,0.084929466,-0.23192334,-2.5452673,-0.9733491,-4.047695,-0.3644886,-0.3169346,0.5285425,-0.78669596,0.16182399,0.25645828,-0.4438572,-4.7985954,1.0580597,-1.2931013,0.8679848,-0.1002934,0.3610847,-0.7129955,-1.1296225,0.11841154,1.7793064,-1.2297134,-0.9350505,-0.36777592,-4.3882604,-0.58093643,-0.99550104,4.14083,1.3139081,-0.26012135,0.6278558,-3.2766297,-2.4482002,-0.9699125,-0.8381882,2.0967832,0.54086447,-0.14945507,-2.84073,-0.86442184,0.74884343,-0.43856037,-0.68030643,-0.52298117,-0.5390053,-0.62846994,-1.0034752,-6.183858,4.454545,-5.1076555,0.14412999,1.2497842,-1.0417757,-0.5843134,-0.5152631,-0.6988478,"Control"
"GSM7574377",-0.91253066,-1.8297274,-6.0542603,-1.0250174,-0.3453207,-1.4820492,-0.97164917,-2.900867,-2.7021675,0.8866463,-1.7140169,1.9017377,-1.1757739,-1.7886188,-0.3613813,-1.9344499,-0.8445399,-3.4577608,-0.88286686,-1.5846863,-1.5813305,-2.350155,-0.059330463,-6.629302,-0.39685345,-1.0656409,1.2762232,-0.617949,1.609555,-0.45959663,-0.9136429,-3.9970722,0.6632652,-2.2428026,-0.62374353,-0.59023595,-0.63823104,-0.5147476,-2.7744846,-1.5509505,1.1269126,-1.9253445,-1.5392928,-0.55545616,-2.0365615,-0.43955898,-1.3710799,0.69038486,0.03202963,-0.99282885,0.2664323,-2.7391207,-2.4480553,-1.3870707,-0.9317627,1.4445271,-0.71042967,-0.7179818,-1.8794029,-0.14576817,-0.78869224,-0.8988904,-1.2233477,-0.36886454,-0.37886858,-1.0567183,-0.56575155,-5.526083,1.1035714,-4.5237875,1.358041,1.7782571,-1.1094561,-0.70935726,-2.4357429,-0.51960707,"Control"
"GSM7574378",-1.4176214,-2.287552,-5.8011026,-0.11172736,0.12828207,-0.8575833,-0.73595953,-2.3429823,-1.9074802,0.18750525,-0.20008755,0.14130783,-0.65761065,-1.2274163,0.44091868,-1.4703696,0.01699853,-2.6153321,-0.25516653,-0.39004374,-1.6415031,-2.2424862,-0.76068544,-4.5345335,-0.75133324,0.10282564,1.2315583,-0.5236707,1.0550616,-0.08703661,-0.7694001,-6.228407,0.35581923,-1.6016922,0.009346485,-0.5073273,0.17181468,-0.42876005,-1.6986575,-1.0400047,2.0726671,-1.5539021,-0.4582405,-0.42166948,-5.6330085,-0.3495102,-0.9384165,1.4010992,0.5151272,-0.83164644,0.34537888,-4.7246513,-2.473105,-0.60312223,-0.84583616,1.7321138,-0.19049358,-0.4680791,-1.9758694,-4.011222,-0.4256556,-0.16836298,-0.4096279,-0.3066888,-0.29310608,-0.37023878,-0.47437954,-6.992676,1.5203176,-7.48318,1.1855056,1.5256913,-1.3761072,-0.023326874,-1.4045267,-0.39449406,"Control"
"GSM7574379",-0.69187427,-2.2253277,-6.024357,-0.09715569,-0.21766186,-1.3414307,-0.91960335,-2.0048852,-1.4530015,1.0631332,-0.06549168,0.9069352,-0.7881806,-1.3723047,0.37833238,-1.0882523,0.14885211,-2.7896948,-0.62521076,-0.7539444,-1.2996924,-1.2315409,-0.34613132,-5.583239,-0.88607025,-0.30687714,0.96412563,-0.5762415,1.1795461,-0.32636547,-0.6754503,-4.082285,0.063560486,-1.420578,-0.06203413,-0.6926186,0.27868962,-0.24923372,-1.3388824,-0.56354666,2.3024802,-1.5993834,-0.75843096,-0.67873096,-4.6833496,-0.421,-1.2487254,1.2651243,-0.05548525,0.067738056,0.31072378,-4.087161,-1.9226198,-0.73392296,-0.9249573,1.8059182,-0.16493464,0.023329735,-2.265609,-3.651619,-0.6904676,-0.30799758,-0.72095203,-0.34415388,-0.37547684,0.2811098,-0.16830587,-9.066715,1.2361226,-7.287184,1.4077704,2.2053115,-1.4726133,-0.4444952,-0.95966005,-0.09885883,"Control"
"GSM7574384",-2.7298563,1.7651541,-6.079318,-1.2181679,-0.9618139,-1.0890627,-2.0580454,-3.4759297,-3.421114,1.4996967,-1.5413642,2.0119152,-0.79435754,-1.2702844,-0.9509208,-1.5360415,-0.63721585,-1.9371357,-1.0764751,-2.7209797,-2.106105,-2.390426,-0.910871,-7.5904617,-0.44552135,-1.1585126,1.3988647,-0.63537025,1.1181352,-0.49102497,1.3190861,-3.9999104,0.2544756,-2.2201557,-1.0471969,-0.13359046,1.3253405,-0.57868576,-3.5977335,0.31501913,2.6217618,-1.7010155,-1.2607608,-0.45201206,-1.860322,-0.5580158,-1.2605329,0.5834465,0.30875683,-0.96926737,-0.276999,-2.4717095,-1.6921654,-1.5932741,2.406598,0.8744378,-0.908196,-0.7542548,-0.9464247,4.1272793,-0.9664695,-0.79994476,-1.8915491,-0.46957636,-0.46668816,0.60887384,0.5067048,-4.761608,0.91358376,-4.3897696,1.3025706,2.2345626,-0.886817,-0.30983448,-3.699306,-0.18811035,"Control"
"GSM7574385",-2.6013143,1.7846,-5.9434853,-1.0673429,-0.5914588,-1.1106131,-1.0646329,-3.0587878,-1.2347617,0.70199156,-0.1327939,0.6855097,0.10199952,0.12732482,-0.023358583,-1.4705598,0.616173,-0.82722616,-1.300076,-0.81929827,-1.7276113,-2.2444117,-0.8257718,-5.5302134,-1.8095856,-1.2276506,0.88520956,-0.4001298,0.9403136,-0.5200286,-0.34648943,-4.3580403,0.64339876,-1.0754509,-0.3471322,-0.069791555,0.33380723,-0.45083332,-1.0460343,-0.830143,0.2372675,-1.7332292,-0.3091154,-0.09136438,-2.7928414,-0.42745304,-1.7231131,0.112166405,0.123407364,-0.9637861,0.96581364,-3.2356017,-1.9198985,-0.7781682,-0.009591103,1.0474043,-0.4954443,0.05696678,-1.451834,1.7117839,-0.048216105,-0.1350292,-0.45370102,-0.36020994,-0.37431812,-0.7074709,0.5596094,-5.204813,0.51524067,-4.895631,1.0560167,1.7776701,-0.5936103,-1.1369352,-1.1303911,-0.3956499,"Control"
"GSM7574386",-0.41630673,-2.817962,-5.839884,-0.94035304,-0.08655262,-0.5361874,-1.104558,-2.2270179,-1.0832577,0.8369818,-0.82297516,1.3750639,-0.6054356,-0.9608705,-0.18645835,-0.94583344,-1.0685208,-3.018219,-0.28971577,-0.9661379,-1.2772791,-2.143193,-0.70221424,-7.353059,-1.6827297,-0.18005133,1.2081842,0.39564466,1.2485454,-0.2542734,-0.30570507,-6.3173313,1.1850157,-1.4772472,-0.8609195,-0.89969563,0.75289464,-0.35284615,-1.2561197,-0.6080613,1.428627,-1.3609972,-0.4556594,-0.065154076,-4.1270676,-0.31697416,-1.4806972,1.7736406,0.503726,-0.8064685,0.4619279,-5.4090443,-1.9053411,-0.76885605,-0.76469374,1.7762666,0.1622796,-1.3992977,-2.2597482,-4.680093,0.5648806,-0.51151836,-0.6553812,-0.24987984,-0.26222897,-0.5688491,-1.4328351,-7.310938,1.8661833,-6.7426443,1.1275256,2.0704935,-1.4480863,-1.1846676,-1.2740798,-0.29031754,"Control"
"GSM7574387",-1.4956939,-0.871835,-5.610241,-0.9933287,0.09084368,-0.460778,-1.5718999,-2.4609966,0.2781706,1.0009799,-1.2512789,0.83992434,-0.8479068,-0.5746081,-0.0404799,-0.6470673,-0.5437639,-2.3524022,-0.46192598,-0.779984,-1.5562389,-1.9735105,-0.48484468,-7.161461,0.22639298,-0.3235674,1.4123673,-0.1741972,1.4299519,-0.13689852,0.075482845,-4.7547174,0.76595163,-1.3253307,-0.45791483,-0.90746856,-0.0254457,-0.18974066,-1.349175,-0.35708714,2.6070256,-1.8020959,-0.8573599,0.059704304,-1.0863261,-0.12891865,-1.3011589,1.5154357,-0.32394457,-0.49503708,0.5835686,-3.181568,-1.3389878,-0.932034,-0.5788517,1.6482868,0.18647766,-1.4117651,-2.2783196,0.18164158,-0.29599023,-0.70540273,-0.6292167,-0.04354143,-0.06855726,-0.10245228,-0.45456457,-6.4057093,1.0781698,-7.3492823,1.2992609,2.7058833,-0.99482775,-1.4912643,-1.4592018,0.1653862,"Control"
"GSM7574388",-0.28677773,-2.4930723,-5.702919,-0.5358845,-0.11833811,-0.27332473,-1.4415584,-2.1315713,-1.7542791,0.8760896,-0.106889725,1.2157989,-0.83009315,-0.76249814,-0.4706118,-0.5734384,-0.68397593,-2.872491,0.30018854,-0.8383651,-0.8507736,-2.0773165,-0.5347128,-6.941393,0.1290605,0.7022028,1.3098884,0.9077115,1.2154438,-0.42217302,0.05748701,-5.1118627,0.8098407,-0.92364883,0.14813566,-0.89267707,-0.56416774,-0.28617525,-1.6208901,-0.495965,2.15131,-1.1803575,-0.5325222,-0.064002514,-4.349757,-0.17418861,-1.5871811,1.6670513,0.19865179,-0.5877423,0.40899754,-4.357336,-1.7031016,-0.757339,-0.6530838,1.678319,0.3005619,-1.1728783,-1.8484633,-2.2989888,0.5510404,-0.42584455,-0.6357646,-0.089879036,-0.14363289,0.5842228,-1.9806743,-7.4064546,0.4923973,-5.8383512,0.978091,1.9569476,-1.1696491,-0.096241,-1.6709766,-0.18279171,"Control"
"GSM7574394",0.6817496,-0.5373647,-0.42816043,1.3766102,0.86336756,-1.3085122,1.0033498,1.2548628,0.21107244,-0.39097452,-1.5393591,-0.5805197,0.23574471,0.64477134,1.0295751,-0.1299789,-0.0847404,-0.7185359,1.2671971,0.9804077,0.71819425,0.7471101,-0.7234106,-0.57683444,-1.4176855,1.3194399,-1.9252906,0.123728275,-0.9764936,1.025415,0.74162817,-0.6681371,-0.58215666,-0.34711838,-0.8450117,0.6281893,0.10979104,-0.39490128,0.411417,0.47921944,-1.3234344,0.57478666,0.04194832,-0.76582,-3.6812873,-0.32403994,0.824276,0.90028524,1.0633574,-0.9179826,0.23231125,2.6983283,0.20111609,0.65015554,-0.80133057,0.7376089,0.90287876,-0.2199378,-0.391644,0.24134684,0.47502685,0.46099436,0.41958237,-0.26422453,-0.26047897,-0.68386936,-0.07730675,-0.7787192,1.2666593,-0.23305011,-0.58844256,-1.1240108,-0.048004627,-1.8820691,0.5995517,-0.3616724,"Sepsis"
