"Sample","OLFM4","NLRP3","CCR7","CRP","MAPK14","CX3CR1","ELANE","GATA3","HIF1A","HLA.DRA","HMGB1","ICAM1","IFNA2","IFNB1","IFNG","IL1B","IL6","CXCL8","IL10","CXCL10","ITGAM","ARG1","LBP","LCN2","MMP8","MMP9","MYD88","NOTCH1","P2RX7","PDCD1","PLAUR","TREM1","CD177","PTX3","BCL2","S100A8","S100A9","S100A12","CCL2","CCL19","CCL25","TLR2","TLR4","TNF","C3AR1","C5AR1","CCR2","VCAM1","IL1R2","CALCA","TNFSF10","SOCS3","CD14","Label"
"GSM1691721",4.97802577,7.4961517,10.47465051,3.520121977,9.596684299,7.88736864,4.194087371,6.914886006,10.25373025,11.72691662,7.723987209,7.671991191,3.025622855,2.241742692,4.334634881,8.567734721,3.142154981,5.116746216,4.185733782,4.566108425,9.746764886,6.007931338,3.459095073,5.987299498,5.686269675,9.003141993,9.984611579,8.951091046,6.787246042,4.428042566,8.447898873,9.858626992,4.9324447,3.943322434,8.288500158,11.56644668,11.13455413,10.61587221,3.482253338,5.018848491,3.442267996,9.881879106,9.091054047,6.78174044,7.151390705,9.571160651,9.336116015,3.826545747,8.27028418,2.96670915,11.55222183,6.240025185,10.07867362,"Healthy"
"GSM1691722",5.08324866,7.80455804,10.47422922,3.973452953,9.874971448,8.186773571,5.002792628,6.212806468,10.16638897,11.32519118,7.077144771,8.154410134,2.589914421,2.363535214,4.28730617,9.023601141,3.001124419,5.099179267,3.768052261,4.728097487,9.64055578,6.81822246,2.802783032,8.150785847,7.272914484,8.727257189,10.22759681,9.150254288,7.075757009,4.436442896,8.66894582,10.37611426,7.812727328,4.242768832,8.490438261,11.51842038,11.12473926,10.66393688,3.158688663,4.894225893,3.316950244,9.746711601,9.796316998,6.425636732,7.225918945,9.91001581,8.481035381,3.732865199,8.605431499,3.443596914,11.45409511,6.95509553,10.23830055,"Healthy"
"GSM1691723",4.4533604,7.554951908,10.29524772,3.435072576,9.856538826,7.836467595,4.335918535,7.188162644,10.75603732,11.07939009,6.674672237,7.9892437,3.288971166,2.502975807,3.828979025,9.391429414,3.287004274,4.851307059,3.856091116,4.134258084,9.689175677,6.495876346,3.35862103,6.597329111,4.711333004,8.867724592,10.16654585,9.120086838,6.692123101,3.528312986,9.236267738,10.30994326,7.371648462,4.35413679,8.809257181,10.08476715,10.04325642,9.672306605,2.941453909,4.961438481,3.217146669,9.908790233,10.18185655,6.454356336,7.548077298,10.14353082,8.944464218,3.351892376,8.80606214,3.579869716,11.4609102,6.855282896,10.3218188,"Healthy"
"GSM1691724",4.593992785,7.811337692,9.610669275,3.90840501,9.540594,8.54823938,5.742372271,7.030423077,10.37381738,11.40338932,7.37058952,8.073415984,2.563190872,2.385444568,3.9944632,9.372969911,3.156921179,4.528726561,3.75884876,3.907393172,9.970853597,5.488359299,3.323388489,6.903925238,6.617681155,9.146376987,10.29067935,9.155690032,7.044297357,4.470698319,8.944001067,10.69682183,4.43213274,4.154063189,8.577256193,10.47936406,10.52866895,10.05120873,4.537336975,5.034825004,3.297740054,10.12119444,9.317165247,6.617500377,7.983547211,10.08871728,8.594545132,3.413335595,8.574550651,3.673649044,11.54693718,7.074081807,10.32620891,"Healthy"
"GSM1691725",4.923188387,7.851869592,10.70340834,3.8105905,9.115223203,8.30927729,5.795656761,6.86696641,10.56474643,11.26635285,6.879886855,8.167340847,2.204739397,3.374520584,3.976875951,8.718957789,3.571618523,5.623095606,3.305989913,5.186758294,9.57492884,5.383920447,3.057394867,7.424622339,6.58667164,8.989080044,10.47307999,9.591040137,6.536179107,5.326689861,8.867792672,10.49318241,5.046894978,4.52671476,9.145517853,10.57995798,10.28187172,9.511193582,6.119451334,4.812825761,3.863057884,9.671366302,9.94883566,7.164085508,7.956449155,9.986973552,8.499618118,3.235400916,8.641983256,4.082451047,11.84544844,6.78396686,10.33661092,"Healthy"
"GSM1691726",5.901548338,7.7929776,9.530535046,3.818521865,9.487665315,8.38781253,4.753322285,6.6262864,10.53541752,11.71050311,6.780106332,8.180983461,2.967461745,2.566924296,5.178332223,8.871353438,3.944071286,4.811999627,4.126246056,4.583661504,9.800520007,5.812121101,3.410800114,6.659704879,5.492458164,8.104093141,9.880185942,9.105750267,6.896203708,3.851514359,8.812125842,9.78867875,4.905893784,4.396908494,8.182038035,9.974907297,10.47669426,9.341568795,3.969460529,4.905700409,3.5215995,10.14224246,9.69439038,6.533616849,8.02923572,9.507202909,9.069437305,3.412496031,8.597807665,4.335745779,11.38266866,6.067868055,10.01270381,"Healthy"
"GSM1691727",6.963823445,7.868494222,9.277329348,3.901694784,9.259576519,7.780118805,6.916816106,6.506782477,10.75177255,11.68313074,7.085617799,7.75789203,3.376165143,2.201169693,3.603312935,8.85601936,2.913542692,7.084877459,4.504834269,4.399074712,9.996824839,7.040821562,2.919785913,9.018615658,8.680722874,9.097481273,10.32315641,9.214910202,6.985674056,4.925152938,9.010699908,10.66556316,4.619219703,5.757390078,7.931917851,11.793709,11.27426973,10.9904449,4.634703212,4.771921966,3.371267767,10.60317195,10.47274451,6.743815025,7.60490877,10.13170065,9.42641324,3.182564393,9.314761557,3.095004031,11.76810891,5.711642922,10.79502479,"Healthy"
"GSM1691728",3.888979389,7.702888553,10.4891722,4.474157182,9.521903086,8.247971447,4.900836438,7.134961505,10.11135172,11.43360067,5.667656197,7.9713439,1.959455518,2.246525289,4.376343613,8.985689843,3.198059825,4.152810336,4.370679654,3.670246044,9.510395888,5.433839813,3.293576667,6.285024267,4.787292905,9.204811379,10.592027,9.199035343,7.413729366,5.192967326,8.9956436,10.11645799,5.079833635,3.85002618,8.598964177,10.03093215,10.07866253,9.038964285,4.192262426,4.510247489,3.658007962,10.00601594,9.759665729,7.090796795,7.210416924,10.08732992,8.43062548,3.632094396,8.7511131,4.057980112,11.10659917,6.597597468,10.3531134,"Healthy"
"GSM1691729",4.537719619,7.541370796,10.69245354,3.909447781,9.210434153,7.35338342,4.403025651,6.726236276,10.34022591,11.52476377,7.804080076,7.836404705,2.921796617,3.16722692,4.049713282,9.093816527,3.802080173,5.310542869,3.543599513,3.801673219,9.65743828,4.831417903,3.383239318,6.258625142,6.790740615,9.134243522,10.13379562,8.802987938,6.597505984,4.919488672,8.741817741,10.38885596,4.889217277,4.106009943,8.909787751,10.70118919,10.65963571,10.02580305,3.565312082,4.948440547,3.443628745,9.081392727,10.25716404,6.595847932,7.294030602,9.792384114,8.18677726,3.488609459,8.831812054,3.161055397,11.44523604,6.181268416,10.03882274,"Healthy"
"GSM1691730",3.825685729,7.183300119,11.3269319,3.305357831,9.406965084,7.283926657,5.077461424,6.704276965,9.959366142,11.20678523,7.508288327,7.121429062,2.400366602,3.352476477,3.69953123,8.693166904,3.667687135,4.274528711,3.388050767,3.903693544,8.979150056,5.001316805,3.533996625,5.590025447,5.055677571,8.217219254,10.19675944,8.961044989,6.773900094,4.914924502,8.53880142,9.775363024,5.254135168,4.324744665,8.65443772,9.736165446,10.0787754,9.131828919,3.850128792,5.11688617,3.233602872,10.03651685,9.320949533,6.720874812,6.370171443,9.794441973,8.15850388,2.896619394,8.520270355,3.045720148,11.4507308,5.234457509,9.800785387,"Healthy"
"GSM1691731",11.71098547,8.415781702,9.006293996,3.548990438,11.37872403,6.34437022,6.421763688,5.264989174,10.82079856,9.461043215,6.486444891,7.506735477,2.709850349,2.432165577,3.799354317,8.419700953,3.411824163,3.773519709,5.867067915,4.325346785,10.25913095,10.75917431,3.7735128,12.15539082,12.92429913,11.80806009,11.32512696,8.115348967,5.715295797,4.541776728,8.967113544,8.906628785,11.67754763,4.779100392,6.294089214,11.93068049,11.35990205,12.69865919,3.80949902,4.879279936,3.592666589,10.77439447,10.96173411,7.29485997,9.270025666,10.11111712,8.267843323,3.882972299,11.62187708,4.455653916,11.45713695,9.735419931,9.312231923,"Sepsis"
"GSM1691736",10.56762652,8.661519548,9.977390941,3.448254448,11.55081701,7.128132767,5.864212299,5.181366424,11.01659532,10.57816327,6.597769328,8.294393632,2.290101961,2.739047568,4.284968885,9.295216911,3.475227224,5.736225432,5.125497046,5.665274524,10.36337774,9.222865684,3.293576667,9.550987222,12.73322692,11.30136842,11.16373945,9.043268578,7.006594351,4.143007697,9.942876046,9.523259268,11.97542982,4.912774227,8.041923407,11.99603958,11.59140598,12.67709387,4.125445937,4.802211674,3.527980706,11.20805163,11.1127934,6.716268227,8.317995473,9.82981383,9.237035507,3.324541889,11.60258351,3.828198744,11.63274454,9.890766368,10.08088615,"Sepsis"
"GSM1691739",6.234071748,8.146078141,9.860208413,3.69380216,10.0228434,7.447794448,5.608124866,6.632460164,10.45222954,11.47932218,7.140892669,7.873420758,2.861115694,2.228051382,3.853780199,8.240565783,3.995073421,5.825539487,3.807678836,4.712251556,9.368112569,5.839967637,3.058617608,6.25800117,6.406633366,8.276409387,10.65403123,9.696348835,7.249696194,3.933062641,9.884994398,10.10123485,5.210980695,4.146468985,8.596590345,10.07626412,10.03748931,10.67219893,4.581135126,4.588782812,3.187799839,9.947542799,9.72161985,6.739473636,8.886624333,10.01198888,8.827896371,3.096102806,9.051031287,2.803198803,11.19436336,6.667510871,9.473382015,"Healthy"
"GSM1691740",7.954680217,7.995411966,9.638646024,3.73822923,9.967194508,7.158644314,7.386590442,6.425689573,10.50468032,11.47560541,7.107552341,7.907823708,2.26816029,2.314040322,4.033236078,8.597124087,3.274460176,6.821082224,3.996094566,4.35025573,9.292346829,6.294477711,3.293576667,8.548525083,9.639723202,9.11686148,10.71643529,9.832541652,7.366296236,4.221224729,9.931154349,10.44939891,4.705954745,4.768111437,8.182635711,11.22643341,10.45401634,11.5803857,4.423533718,4.681900806,3.145022138,10.07970667,10.3017608,6.897651824,7.917341369,10.25467121,8.714788544,3.36991172,8.961097208,3.326502608,11.54947144,6.735099087,10.13607568,"Healthy"
"GSM1691741",3.856695835,7.9464673,10.55105377,3.722527143,10.07430231,7.64360806,5.637483586,6.670876261,10.09804286,11.18558535,6.845138496,7.674874092,2.596077129,2.300864762,4.219749277,8.266095466,3.785363372,5.358342636,3.584759196,4.411654605,9.20559378,5.289661718,3.079052352,5.869957163,5.375835203,8.642611035,10.95908443,9.299402438,7.566364182,4.6034701,9.933613343,10.00664911,6.055560775,4.516983035,8.658658041,10.14050225,9.786529646,10.52882627,4.66902723,4.297341381,3.431754708,10.0598889,9.882129205,7.230040624,8.017826997,9.536230356,8.701074166,3.442982123,8.516220512,3.73731648,11.32315842,6.226254328,9.906734751,"Healthy"
"GSM1691742",4.482059023,8.205998409,10.55125478,3.479828124,10.08688648,7.110936946,4.78179978,6.9145447,10.2653496,11.34883937,6.876468549,7.357528688,2.475201962,2.670441081,3.867024207,8.003132704,3.773451664,5.276983138,3.647879166,4.870631368,9.049979418,5.688649032,3.163339404,6.304684973,5.976754325,8.338079131,10.77672614,9.555553348,7.127836143,4.563860308,9.849753437,10.0519503,4.880605573,3.3966185,8.663764617,10.0574087,9.687961962,10.48806295,3.928348725,4.191203258,3.191597083,9.660156832,9.978481942,6.500379963,8.475363247,9.892812496,8.6970603,3.364354929,8.176644835,2.988474593,11.19891412,6.543061136,9.773882567,"Healthy"
"GSM1691743",5.565238564,8.011255046,10.16046565,3.585211131,10.03352236,7.506965935,5.584206068,6.650158486,10.16462749,11.40213619,7.091514844,7.360930811,2.980671481,2.514290119,4.658423204,7.687035556,3.366631672,5.908077525,3.856724408,4.315092612,9.486752242,5.623115682,3.132380284,6.448960902,6.666105548,8.787366109,10.5106984,9.223541082,7.149438233,4.47812423,9.582697107,9.291176335,5.276644301,4.302408622,8.792255608,10.55840611,10.14283189,11.23993578,3.468969218,4.500538764,3.299644914,10.30619331,9.937286502,6.627345923,7.190687379,9.768612176,8.904328584,3.249712923,9.005879771,2.975517353,11.26225375,6.449819134,9.774275619,"Healthy"
"GSM1691744",4.420248718,8.237739877,10.20191687,3.586112032,10.33200101,7.0937888,4.965243504,6.440464769,10.54597387,11.30384059,6.797525395,7.786692625,2.270012319,2.278052035,3.648929187,9.154508491,3.182837833,5.516926572,3.47876935,4.21143026,9.671910292,5.570149682,3.025918922,6.160880175,6.217846788,9.329289605,10.85085395,9.83648715,7.238520367,4.514469536,10.16295638,10.48085664,6.855277654,4.480305937,8.45103756,10.53336857,10.31595466,10.86530624,4.011472646,4.319521564,3.282859861,10.03300422,10.3423733,6.639604621,8.199525549,10.27358652,8.559420083,3.463227448,9.278388402,3.234790154,11.40137803,7.25534193,9.74912016,"Healthy"
"GSM1691745",5.315130405,7.771784834,9.821646133,3.57410394,10.00471563,7.715426171,5.144795166,7.05012987,10.23816478,11.06166161,6.851504967,7.463476157,2.824849368,2.423125352,4.659534274,8.782792984,3.228659937,5.617056108,2.944625732,4.836003571,9.484109084,6.327774401,3.258022133,5.890124865,6.217063115,9.07904334,10.78140523,9.563703057,7.131716233,4.325688282,9.660956622,10.1585211,6.551837593,4.481795542,7.96341147,11.12928418,10.15676962,11.09675551,3.673981037,4.748307104,3.187625763,9.982162314,10.20141459,6.89240828,8.676962422,10.06147237,8.474940678,3.42235132,8.929697126,3.98375966,11.49063267,7.237157261,9.495400295,"Healthy"
"GSM1691746",3.874649379,7.753086433,10.07213542,3.546452787,10.48294149,7.07199971,4.717027738,6.324856755,10.4892605,11.0846151,7.263151853,7.66916204,2.276114137,2.475581877,4.253359612,8.103245221,3.470628777,6.423140899,3.515540227,4.316691795,9.474231369,5.343467698,3.047239838,5.447169099,5.8017117,9.073851257,10.90769696,9.874564851,6.950549262,4.80414046,10.10548676,10.24853326,4.842706177,4.641750883,8.683141373,10.03166895,9.794327775,9.715559835,4.348547442,4.639481416,3.02297447,10.36990165,10.31358648,6.698813594,8.761729133,10.21721215,8.831145634,3.174375075,8.971595991,3.404481964,11.59557292,6.823641138,9.837948331,"Healthy"
"GSM1691747",5.426153113,7.630286172,10.53592323,3.386686659,10.14045379,7.539752245,4.286176554,6.972350915,10.23146463,10.6502141,6.907627969,7.229343377,2.676026454,2.20242673,4.160131617,8.731708922,3.240673768,5.882244955,3.904312845,4.722454876,8.800573561,5.63593026,3.063739343,6.568288855,7.921427075,8.164841697,10.7322192,9.364789405,7.196436232,4.544301532,9.751318565,9.915027422,4.728181827,4.412570329,8.74687706,10.77706479,10.18096309,10.92599779,3.646615243,4.440469671,3.149480966,9.85767736,9.993633949,6.450187586,8.599719379,9.660498383,8.361590309,3.664682568,8.717961404,2.921088153,11.67202805,7.104384369,9.485699579,"Healthy"
"GSM1691748",6.101369626,7.779022222,9.834768298,3.861971067,9.950248003,7.599248663,4.89097613,7.316701986,10.23175414,11.17741386,6.948488379,7.709003196,2.696689446,2.522734404,4.124471828,8.325020035,3.295157709,5.867690886,3.797998861,4.362119472,9.575689191,4.68690977,3.193665797,6.789928369,6.747002646,8.677994813,10.74033448,9.857337984,7.310081304,4.177600904,9.627250897,10.03250202,5.048061856,4.042706811,8.846309134,10.97483058,10.40045143,11.03745191,4.459840549,4.450909987,3.468842095,10.01452248,9.869212463,7.302440154,8.713645457,9.968709516,8.809448491,3.320730118,8.902284019,2.982750977,11.16268211,6.807663742,10.04847045,"Healthy"
"GSM1691749",6.010096561,7.485691183,11.34309983,3.570360418,9.808758173,7.137717484,5.03104681,7.216361902,10.10954394,11.3175082,7.228609379,7.37581617,2.584009529,2.399790159,3.971121434,8.107849238,3.349971282,5.468751755,3.388924575,5.280032054,8.813852715,5.300367284,3.257806716,6.575082365,7.350555562,8.312393256,10.66874322,9.278674067,7.106370327,4.196436171,9.53213282,10.03247924,5.221584564,4.471458609,9.379526666,10.34100778,9.724217567,11.14040514,4.339632562,5.104327708,3.35313842,9.24969631,9.322020796,6.870681881,7.06432777,9.838836829,7.710820808,3.321941592,8.224708406,2.929103262,11.05544092,6.989879775,9.176031726,"Healthy"
"GSM1691750",6.73716903,7.408621766,10.96076009,3.483426069,10.22764829,6.037909774,6.39781383,6.030458734,10.6718946,10.49106033,7.496204839,8.050408888,2.291739654,2.849320163,3.686498494,7.55603183,3.185103822,6.178352264,3.642801923,4.31706363,9.355618673,10.01802815,3.149548734,8.49253135,9.070649105,10.59846113,10.91206489,9.322510903,6.163934325,4.243648178,10.58338037,10.44165317,5.927375873,3.741739604,8.808007679,11.81813182,10.6802679,11.73614501,3.638102953,4.653633903,3.558081117,10.4228181,10.74756373,6.401113189,7.929029338,10.23285357,7.636090362,3.275191387,10.7332046,2.678029983,11.54371624,7.086922535,9.965127615,"Sepsis"
"GSM1691753",11.34109366,8.910940905,7.087582266,3.836747134,11.63050955,5.826191067,7.66903376,4.63276105,11.29103879,9.575240912,6.179465407,9.96712744,2.661967964,3.063385328,3.340342106,10.59319255,3.46286061,4.812254787,6.022378944,9.618056761,10.58862137,9.0999739,3.692933379,11.05509143,12.71163327,11.6330601,11.03523257,8.935487515,6.072587297,4.328584296,9.093923354,9.853978545,11.81092727,4.600970173,4.996834476,11.75972121,11.25747581,12.41414386,3.54408839,5.1521547,3.77251238,11.13384011,11.21140583,7.389335975,10.42820546,9.596661835,7.516098309,3.396665159,11.76316827,4.348004565,11.84215675,10.85730953,9.523429913,"Sepsis"
"GSM1691755",9.616263749,6.690006589,7.183216635,4.081371606,11.62852875,6.561621908,5.140483262,4.496295671,10.51504262,10.36239737,6.750029323,8.748994669,3.207276644,2.59085613,5.017912808,9.317039114,3.664490127,3.957863493,4.952318911,9.710681549,10.29129936,8.871843373,3.446172635,9.047933827,11.85443332,8.429941015,10.99632942,8.699330289,7.300332799,5.42040485,10.42251014,8.103196005,11.87015347,4.648803701,5.679967872,12.24990228,11.32705315,12.46359773,3.707537998,4.761627047,3.777897425,11.04665744,10.81975726,6.353568975,9.796546772,9.194806677,8.142608977,3.900869428,11.41043852,4.496793587,12.19792625,9.802798798,8.145783634,"Sepsis"
"GSM1691758",11.76632955,8.718983712,10.3003339,3.514864911,10.43956487,6.977795201,7.911187912,6.255674241,10.90302783,10.44970381,7.121158955,9.957234431,3.015359361,2.643391074,6.407984585,11.87923846,8.098056202,11.40441581,8.623215488,4.279894611,9.680021947,8.716234822,3.481656484,11.44449389,12.99931999,9.505193499,10.85177344,8.900234464,6.644263972,4.572540444,11.00986683,10.3368686,11.50300677,7.070851938,7.281878133,12.18882013,11.85042925,12.67847826,11.30996106,4.905649541,3.56586941,10.27906256,10.38759245,9.955105144,11.24924377,8.935906412,6.269485356,3.379694596,11.02957874,3.89617775,9.580222288,10.27414798,9.585959637,"Sepsis"
"GSM1691761",5.850318732,7.230932509,9.919738645,3.682335609,11.420707,6.253621357,7.000370075,6.406860273,10.59126945,9.729124321,7.353173518,10.06227637,2.777119968,2.414053137,5.916099464,11.4636992,3.416438385,8.393805137,4.062572453,4.484583322,10.41248775,8.929292898,4.033138628,8.816532631,11.11318482,11.79112265,10.94204179,9.388517731,5.37043008,5.004063854,11.36624777,9.834861969,11.55220328,6.776028404,7.906899243,12.21540806,11.4824429,12.74223066,4.683494606,4.84170251,3.282471898,10.38278435,11.31928157,8.747544763,9.409563844,10.0997532,6.668387028,3.743192582,10.97639758,4.325960185,11.08805347,9.372230814,9.119790764,"Sepsis"
"GSM1691764",10.90943719,8.901898837,9.583653979,3.635497519,11.42645196,6.494967501,6.329309829,5.808592775,11.10418783,10.62102661,5.449968041,8.729731548,2.410995131,2.32196054,3.315871274,9.736025258,3.767611356,3.96091616,5.381626965,7.637099574,10.06238919,7.97985387,3.667705219,10.73044851,12.8354635,11.43423244,10.80153817,8.992212545,7.828435902,4.520533168,9.618714401,9.705478011,11.49886065,4.49255738,7.394727032,11.83131148,11.40960102,12.44781453,6.167887354,4.62825751,3.480817949,10.08587493,10.98009466,6.590579842,9.426613677,9.308727352,9.478426418,3.474313186,10.24424878,3.535751773,11.7302384,10.70380798,10.44845873,"Sepsis"
"GSM1691766",7.569801591,8.515940911,7.387677603,3.47161034,11.56056309,7.635309174,6.357699218,4.379538024,10.86590965,9.488156168,6.570545479,9.67159998,2.468545715,2.418977453,3.928948844,9.291344926,3.150362937,5.626213538,6.250538181,5.948404541,10.47660377,9.865246568,3.201486586,10.42369566,12.61098189,11.25968957,11.64487844,8.910365068,7.491139445,3.592421552,10.59656928,9.039069411,12.05715895,5.76206053,6.329418538,12.1523365,11.47249438,12.67816741,6.083254274,5.061951642,3.538600647,11.44667584,11.28111834,8.142756798,11.167901,10.18451072,8.673210661,3.629115014,12.14810786,3.703617892,11.61607029,9.967105913,10.50299901,"Sepsis"
"GSM1691769",7.914214805,8.726494874,8.952856642,4.179119469,11.52696309,7.340700027,4.841269437,4.914117816,10.92684373,10.57036403,6.479663746,7.752497016,2.531780298,3.040536306,3.840182322,9.473459737,3.770372051,3.91041766,5.296783617,6.145941479,9.973032054,7.865946528,3.572504209,6.388667953,10.12134297,10.20402781,11.15224098,8.761080587,7.216319962,4.674487954,9.978134254,9.649835105,12.18359574,4.451942836,7.33508048,11.97782127,11.41609501,12.47295645,5.653525641,4.812771344,4.241147662,10.62257051,11.30211954,7.277027538,9.454398671,9.736058613,9.411246671,3.565406115,10.06826622,4.422146296,12.16322765,10.27961523,10.77526606,"Sepsis"
"GSM1691772",8.423998697,8.105575377,8.299134375,4.151959736,11.55979698,6.696172836,5.517870089,5.359900331,10.80667878,10.60509548,6.464992468,8.53301564,2.957449257,2.479793633,3.973037307,9.974254185,3.168302655,3.844478145,4.245857216,5.777565207,10.48886488,9.741607047,3.601242961,7.876822895,9.588291934,11.52770768,10.89226642,9.638090269,7.025511706,4.576840019,9.342421824,10.37437318,11.27925434,4.62091722,6.797699203,11.9763642,11.56893491,12.67059702,4.047241426,5.321935432,3.413642274,11.13311194,11.35753628,6.408334229,8.875955503,9.735213599,8.329855104,3.740629188,11.19190564,3.673649044,11.78521295,10.37244593,9.98852386,"Sepsis"
"GSM1691775",4.997575107,7.783617485,9.587465028,3.63764462,10.3568592,7.297980217,5.987635372,6.398972721,10.07980435,11.00853794,7.437675433,7.058900605,2.471198513,2.308323638,4.542510705,8.214522806,3.384878017,4.323687317,3.425648903,3.728153781,9.92634073,7.190866728,3.211218189,7.75860624,9.679025089,9.843931721,10.70615114,9.755014388,7.221746695,4.333770886,10.05122594,10.29094164,7.518104683,5.269505692,7.391499977,11.82049947,10.99919574,11.91007383,3.780252333,4.888138204,3.615456971,10.328799,10.05807321,6.410856384,8.380404948,10.15717568,8.644269607,4.177183678,9.733865518,3.714926296,11.27497489,7.113552982,9.72675518,"Sepsis"
"GSM1691778",11.6942904,8.626770653,9.115088038,3.890693053,11.53114173,6.655615399,10.00639073,5.448193443,10.29034539,10.35919901,6.90697472,7.457700403,2.940518647,2.211554471,3.445913332,9.369534543,3.356507883,4.260754444,5.067087999,4.040455038,10.8287869,9.891866186,2.963779499,9.736812534,12.13517634,11.40973194,11.15344884,9.596156349,7.473404326,4.33473069,10.23778213,9.864143928,11.87827303,5.471581039,7.460100818,12.01262593,11.37136759,12.35867975,3.085382138,4.542887472,3.281289155,10.59030481,10.73632814,6.688887003,10.69245863,9.972118723,9.197302197,3.189669805,11.39030378,3.528334788,11.51377616,9.344176076,10.10447053,"Sepsis"
"GSM1691781",7.711977897,9.01375054,8.617342373,3.651567399,11.5517036,6.08931876,5.363399507,4.995359049,10.58351581,10.37677537,6.468707609,7.636386426,2.343944764,2.6995942,3.948345338,9.824562606,3.481048484,5.39895205,4.78722035,3.583613015,10.87255245,8.49094701,3.242161811,8.349596306,10.82430741,11.32544368,11.01967648,10.24816121,6.648002956,4.057653747,9.016479462,10.4368725,11.44036546,5.324443871,7.02938176,12.20270062,11.62103131,12.66687991,3.603066754,4.212504842,3.318788504,10.91198417,11.42562269,6.205345693,9.31344041,9.360259545,9.318095233,3.358004004,11.44544593,3.607156875,11.74642796,10.74987357,10.57716906,"Sepsis"
"GSM1691784",6.164010332,8.372573294,9.290992937,3.915448445,11.12383194,7.457018249,5.305302419,6.360424008,10.41704794,11.30733313,7.085677368,7.248855598,2.960494645,3.323614403,3.699279547,8.87172919,3.292848128,4.431032076,4.707490447,5.814351299,10.24226842,7.569723148,3.112200379,6.689753575,8.238978123,10.39558441,10.84866303,9.560674734,7.579740301,4.578983564,10.08875335,9.859364001,10.31184843,3.92804308,6.993147037,11.62883739,11.46725153,12.42129679,4.384633599,5.217977144,3.359296326,10.62524511,10.48155131,6.440817741,9.633286086,9.863779906,9.769855259,3.743119245,9.947117161,3.920270865,11.73583958,8.974042144,10.54733049,"Sepsis"
"GSM1691787",4.25208674,8.933440276,9.477384977,4.527039689,11.33603626,7.780374003,5.113123396,5.293091646,10.60627123,10.32114584,6.356043154,8.49411503,2.509327246,2.460008618,3.262443735,10.27460804,3.136003248,4.996519766,4.792077904,4.876124438,10.24809262,8.076483642,3.7518846,6.057648865,7.132809022,10.63760235,11.15708874,9.794680794,7.79113427,4.22417276,10.52937885,10.20337128,11.69126409,4.387921078,7.61508731,11.6446344,11.140258,12.23822106,4.083245443,4.51102441,3.76103558,10.56100166,10.82952461,7.541398049,10.02337918,10.33821845,9.360799427,3.678384054,10.21004056,4.534763203,11.48967811,9.704373756,10.83720337,"Sepsis"
"GSM1691790",5.474456367,9.022383375,7.798562459,3.53209655,11.19368566,7.274235513,5.719345148,4.91506019,10.63435381,11.0390999,6.660932458,7.227342345,2.890748904,2.339614119,3.791578588,9.376137882,3.157581554,4.677643431,5.128080436,4.381076013,10.52229393,8.980094399,3.511630776,7.142497982,9.2401409,11.330548,10.90416133,9.450743817,7.420651061,5.244406733,9.497846086,10.24882569,10.5209074,4.397183706,6.535608304,11.94198014,11.3457077,12.54568094,3.392903827,5.092253438,3.835235046,10.67199938,10.84267274,6.35636337,9.402523258,9.883000185,9.751401213,3.284114097,9.710555892,3.921934066,11.77983414,9.548887294,10.41722303,"Sepsis"
"GSM1691793",10.04202703,7.336487381,9.34974537,3.977172532,11.05504258,5.836675979,8.045891931,5.557874447,10.40977993,11.02665028,6.155934578,9.409009248,2.495906356,2.63541452,3.855451269,9.782640535,3.78844748,4.14501035,4.309883056,10.46277077,9.475253977,7.41308605,3.274436453,10.14892233,11.56549331,9.818119988,10.82952408,8.869673284,8.068165043,4.84215846,10.64000381,10.12407378,8.978009305,5.084892039,6.965084297,11.46728105,10.82873994,11.8774962,5.314846602,4.931736566,3.997776107,10.45195465,10.43236215,7.139651646,9.622770259,9.477506263,9.041320638,3.420255129,9.749459279,4.362515218,12.16083086,9.249038432,9.265205214,"Sepsis"
"GSM1691796",6.266029179,8.281253797,8.360581275,3.455496869,11.30604104,6.83127738,6.027175804,4.942545275,10.58035498,10.95513993,7.065408307,8.733374054,2.497420937,2.892483077,3.230894408,9.01049362,3.609769519,4.916896577,4.095580113,8.642776521,9.670045513,5.755237971,3.293576667,7.213231761,9.80995178,9.679500261,10.90327704,9.003464065,7.898166233,3.941575109,10.62460266,10.15633356,9.443460451,4.833938696,6.352703533,11.7869606,11.13397642,12.33663143,3.417646923,4.851593974,3.961112958,10.87925344,10.70853874,6.863750346,9.547314964,9.609031899,9.301328519,3.555944008,9.703441207,4.017373625,12.2074877,8.146969655,10.03714433,"Sepsis"
"GSM1691805",4.680554771,7.735630982,10.50623452,3.809800361,10.36153397,7.092590358,4.15093577,6.349598455,10.13629323,10.97786996,7.194017214,7.496768823,2.991247907,2.887250218,3.764869711,8.706981801,3.347887983,5.336978364,3.632482317,4.193752246,9.499506766,5.957840331,3.130445425,5.478527829,5.336832175,8.566009733,10.8766977,9.800444083,7.147422244,4.585377648,9.805068231,9.809045023,7.357859239,4.204637509,8.947478935,10.51406005,10.40176648,10.94428595,3.672851647,4.807091249,3.357378888,9.878769185,10.15245302,6.234042574,8.313269924,9.812966786,8.688382029,2.886431848,8.590559235,4.050414255,11.40311192,6.381341323,9.766198619,"Healthy"
"GSM1691806",6.475105206,7.968830319,10.98107298,3.869486198,10.00733759,7.51904808,5.629459618,7.443535379,10.04505461,11.42759123,7.024321496,7.030310096,2.667579715,2.353767491,3.767754086,8.145363926,3.600109455,5.187747549,4.019511168,4.182369721,9.117050569,4.689720144,3.052903743,6.971686508,8.126893895,8.857670562,10.77350443,9.075757308,6.207011514,4.366105842,9.839847436,9.950774352,6.101337031,4.332782658,8.802737201,10.79884794,10.2942519,11.61254692,4.961691328,4.772705027,3.650976175,9.598993802,9.742269356,7.099736446,7.892537283,10.1000601,9.066827763,3.395938554,8.487397445,3.68680364,11.09900932,6.479982739,10.32595528,"Healthy"
"GSM1691807",9.580995895,8.204129597,10.24029798,3.759976655,10.04420544,7.207863347,8.520395983,5.948033801,9.970264825,11.05784412,6.63425035,7.414081677,3.161220066,2.475382681,3.523518616,8.578804505,3.301884557,5.407448715,3.482017358,5.512162084,9.639623642,6.30144573,3.341849778,9.420305808,9.88933464,8.701511711,10.8423811,9.756651663,7.098396496,4.431272783,9.792931389,10.17398156,7.572204566,4.244964484,7.709129166,10.78601634,10.5873466,10.89081534,4.047976404,4.896699568,3.56733655,9.493286435,10.16963081,6.685226672,7.499410026,10.04512581,8.877603886,3.492158599,9.106263976,4.240777812,11.18792407,7.038702754,10.19100176,"Healthy"
"GSM1691808",6.448082774,7.225336557,10.68060867,3.765077224,10.0186443,6.708509615,5.4428848,6.502983326,10.21800606,10.60295204,6.861022501,6.89158428,2.702557138,2.438873066,3.337064577,8.100654869,3.80934978,4.189503471,3.944105922,3.937103898,8.687984331,6.212936402,3.316353959,6.636011796,7.543129524,8.295155075,10.64040198,9.416117668,5.910969351,4.704441073,9.741499009,10.23358457,6.136232677,3.862867874,7.804924267,9.797000957,10.02171118,10.5323443,3.470342008,5.276462285,3.804060812,9.723578782,10.15204952,6.414831368,7.916266671,9.998836922,8.084341479,3.492081204,9.120608722,4.060888466,11.09790829,6.442734208,9.474983684,"Healthy"
"GSM1691809",6.312570637,8.05407922,10.71323942,3.563664841,9.798217347,7.681723512,5.455964288,7.062017599,10.05342338,11.34341779,6.827659822,7.686171806,3.074992548,2.261141138,4.107643294,8.705842227,3.38976199,4.504860021,3.466904036,4.374491856,9.317707315,5.012684796,3.188403973,7.434399801,7.316520091,9.164234493,10.90900983,9.947821713,7.453536953,4.663265048,9.757748776,9.548910918,4.738007359,4.319773924,8.316278882,10.07480775,10.09566099,10.4962823,4.241804102,5.06234126,3.292236882,9.213993818,10.2529723,6.869913492,7.983381184,10.12572715,8.518258943,3.675992689,8.704208544,3.571506896,11.1816025,6.562433816,10.27198486,"Healthy"
"GSM1691810",4.018716462,7.898862702,10.67592173,3.501276831,9.965111134,7.276164528,5.025754449,6.997102707,9.980747177,11.19773444,6.510398558,7.725966676,2.440453301,2.328783319,4.33049409,8.42866161,3.717075778,5.367806958,3.75884876,4.684682545,9.330856206,5.277482276,3.160971217,6.023345958,5.128186178,8.985503413,10.71271225,9.678206541,7.666667051,4.749904288,9.769739365,10.10826393,4.607010629,4.216013775,8.339842462,10.21355352,9.882733111,10.42316299,4.875110327,4.744908542,3.407740019,9.732671988,10.02480756,7.175024503,7.625999714,10.03843666,8.594508542,3.392505516,8.553846889,4.102797845,11.14295319,6.029896304,9.996001757,"Healthy"
"GSM1691811",5.79818216,8.144422849,9.761641222,3.376315457,10.13352891,7.810763095,5.292494349,6.880196159,10.32815769,11.41515137,7.022702729,7.768466688,2.419867491,1.989474056,3.4087236,8.225088889,3.390845128,5.989391824,3.909827854,5.163087161,9.493448558,5.229650293,2.820814553,5.799475582,6.211262644,7.993189638,10.60560931,9.480788734,7.549416674,4.195936048,9.634547788,9.794974196,4.293930129,4.428567658,8.357402999,9.527567312,9.799637427,10.3957913,4.803992953,4.650532267,3.209260464,9.552239681,9.692705739,6.573666775,8.479673695,9.300220637,9.094376628,3.359340535,8.563148327,3.326502608,11.2223008,6.029128814,9.758851909,"Healthy"
"GSM1691812",5.269271326,7.431648313,11.56072991,3.737768847,9.775482631,6.896336437,4.800811413,6.789751314,9.838936704,11.12695756,7.155639176,6.837566863,2.388227356,2.614632361,3.854614767,7.572520787,3.325110268,4.196684541,3.855876802,4.735885591,8.84386896,5.291039742,3.605592819,4.77212853,6.205888089,8.412498439,10.61832447,9.48163631,6.958153704,4.445113734,9.649780397,9.44705493,5.096638201,4.240093226,8.856927336,9.430943374,9.653098703,10.15035914,4.358871614,4.785354572,3.670616044,9.453634787,9.336289688,6.752033261,6.78382204,9.696882702,8.179946619,3.535094542,8.220395726,3.289105048,10.98627705,6.327655313,9.19401441,"Healthy"
"GSM1691813",5.190422526,7.57506086,10.84439008,3.627362583,9.551081103,7.163073464,4.634596148,6.537391052,9.845457287,11.6830091,7.273546593,6.732902635,3.049774364,2.13610464,3.949078257,7.244127847,4.036762147,4.961785281,3.149976691,4.101115598,8.66823766,4.674202614,3.08410033,5.566172468,6.43326652,6.974844812,10.30944002,8.997853833,7.300343188,4.747703429,9.131395284,9.601202989,5.143948323,3.996284458,8.283171733,10.26651686,9.914654501,10.47867274,3.402209993,4.79715858,3.38800978,9.009773969,8.941733171,6.465004081,7.746726844,8.906789561,8.402693575,3.281619504,7.640082788,3.227369672,10.70704571,6.180991697,9.562982121,"Healthy"
"GSM1691814",3.758453033,7.539710653,11.37192766,3.336639457,9.723150885,7.697125063,5.513983003,7.028916285,10.1103082,11.31211976,7.016477364,7.461284605,3.228441506,2.367946952,3.819808069,7.726149928,3.186377732,4.959475868,4.155341854,5.060414249,8.784114151,5.162516761,2.983626214,6.391752844,5.835699505,8.211542433,10.48992232,9.369129993,7.361005517,4.424203159,9.134169922,9.339418577,4.146381969,4.479250118,8.933591084,9.979027227,9.877805087,10.57177526,3.46657316,4.919624738,3.462228825,9.523959606,9.400751524,6.685928753,8.275760068,9.498089107,8.310238648,3.488392607,8.225413877,3.530570983,11.06927685,5.92506172,9.412475061,"Healthy"
"GSM1691815",6.797636946,7.541730758,10.40895699,3.468121583,10.07230338,7.58528966,7.209259501,6.664792997,9.915675415,11.2735783,6.540157774,7.651667283,2.832656664,2.3754022,3.95754773,8.174894891,3.226244401,5.075864621,3.765145346,5.106900418,9.032183447,4.85462086,3.015405168,7.55648541,8.327979909,8.731472834,10.69296059,9.217887655,7.610318422,5.145367394,9.745144013,9.319993986,5.941310927,4.117221203,8.216969171,10.44499387,9.966881114,10.48539247,4.902446908,4.497559484,3.073567858,9.764136454,9.657535346,7.245407215,8.360353371,9.724590931,8.95297346,3.235822068,8.263817769,4.473795762,11.21819725,6.617781777,9.455083372,"Healthy"
"GSM1691816",4.32402524,7.633891289,11.07671908,3.38647112,10.04267524,7.068946901,5.154936246,6.609038617,10.30537534,11.17703962,6.932133921,7.80860574,2.674514486,2.365481505,3.813212541,8.324479688,3.116339297,5.94432148,3.465751691,5.184137804,9.197971508,5.337851183,3.204517027,7.11310692,6.674111191,9.35847554,10.47137872,9.258261796,7.151808101,4.713989293,9.622562462,9.870627713,5.248914606,4.220304335,8.58833428,10.33623553,10.27798979,10.9534957,4.431494798,5.233549386,3.358489214,9.071331409,10.08129718,6.513493882,7.626932278,9.914156031,8.236385156,3.173648378,8.750017889,3.851958499,11.02603992,6.009957832,9.891643965,"Healthy"
