"Sample","OLFM4","NLRP3","CCR7","MAPK14","CX3CR1","ELANE","FCGR1A","GATA3","HIF1A","HLA-DRA","HMGB1","ICAM1","IFNB1","IFNG","IL1B","IL6","CXCL8","IL10","CXCL10","ITGAM","ARG1","LBP","LCN2","MMP8","MMP9","MYD88","NOTCH1","P2RX7","PDCD1","PLAUR","TREM1","CD177","PTX3","BCL2","S100A8","S100A9","S100A12","CCL2","CCL19","CCL25","TLR2","TLR4","TNF","C3AR1","C5AR1","CCR2","VCAM1","IL1R2","CALCA","TNFSF10","SOCS3","CD14","Label"
"GSM4683512",6.17437505373336,9.88970745868969,12.5833656510466,12.5228587400564,12.22693477874,6.63514144166648,9.59106329368772,10.0613504811213,11.5027187267172,14.7272895227004,12.7872135802328,10.1440508001343,4.340109676233,5.961556999608,10.9638386545166,5.55513140826922,9.40448962513157,5.35240062667036,6.17437505373336,12.6027693882183,7.89618168920992,4.71630884351383,7.66252537544712,7.05514795917951,11.3384235061776,12.9790928005382,12.8248791572984,9.7585317687119,7.01614618730946,11.3268014119888,13.097922694602,9.05744158189515,6.62461320893694,11.5617488354947,13.518749473935,16.2922744470335,10.6436388965446,5.17212381458072,4.340109676233,4.80021183621344,12.9892037370871,12.7236441410656,8.60681113814868,9.79048793032989,13.8037700801392,11.9755339039289,4.340109676233,10.5752075247289,4.340109676233,12.6038932571384,11.0322275999321,12.9810712385538,"Healthy"
"GSM4683513",6.62009954574829,10.198258507528,11.8044710685581,12.5349774423856,12.7308742460983,6.69882237209808,9.79570501207322,10.0131024609864,11.4299693518093,14.2445422424544,12.796620320692,10.3869862684305,4.73319638435461,6.66565220343661,10.7014251282732,4.340109676233,9.08427010129396,4.82080453559304,5.65955048734993,12.8313258502078,7.59018531440805,4.340109676233,7.9115622822195,7.20370258263398,11.7949811185606,13.0151200066291,12.9129774694366,9.51292564011017,8.51640031894303,11.4674525725678,13.0552916423495,8.22206687258584,6.13379046002989,11.1438968056537,14.1871927123538,16.5649170305555,11.3611050389724,4.73319638435461,4.340109676233,4.340109676233,13.2272035815021,12.6934687701479,8.8173424425956,8.969039085966,14.1716050717793,11.7066394752923,4.89432528971386,11.1072603968252,5.0168424502674,12.4848331009757,10.4907673557088,12.7520698962597,"Healthy"
"GSM4683514",6.68079806703011,9.30249251010999,12.7464855364866,12.3718152835787,12.5665531581306,7.08119890679632,9.09102146335071,10.1114634228769,11.5102921198768,14.0343727888578,12.4058700511074,9.91001772821909,4.340109676233,5.580759206373,10.6953526021269,5.48891156591245,7.71794089183566,5.23046686384517,5.23046686384517,12.8365543725908,7.83419216364447,4.340109676233,8.72011304368775,7.69574032000088,12.0112657917547,12.9533991284683,13.323696189543,9.6687287925083,7.70688411924893,11.2241930137844,12.5357390897129,7.12391638238431,6.24211285699302,11.3221124719584,12.6642860982324,16.0996139444839,11.0114052650261,4.83315162592058,4.340109676233,4.340109676233,13.1301027598997,12.6961383696673,8.19916311505983,9.8601928448104,14.0973304642623,11.3153666326917,4.340109676233,10.4829954611523,4.90851654785933,12.3064202382707,10.7228037933065,12.8188576712526,"Healthy"
"GSM4683515",5.88301854725409,10.1519188464758,12.5778582673411,12.618662061839,12.6860630846997,6.29769300544773,8.83409578147941,9.73770539440336,11.8209172958387,14.5396642169852,12.2416075938126,10.1768200742788,4.340109676233,5.39479723716301,11.0339948073171,5.35168333083654,8.3314152900922,4.95795215212351,5.61854843035468,12.8534896431965,7.51196934758282,4.340109676233,7.19117397647886,6.81106110592706,11.7265215810632,12.9306130374597,13.5637884673417,9.67081255236353,7.28298595042331,11.4629793834504,13.4605317322674,7.42641517945254,6.18133745142615,11.2091320870255,12.8065995222439,15.9621033132715,10.4127074614562,5.47532581670547,4.340109676233,4.77864621354843,13.1485215960173,12.6786124424349,8.20284738066456,8.65289610109683,14.4657776326743,11.531677381473,4.77864621354843,10.8045027214076,4.65079634163271,12.4919078560261,10.5917689806143,12.7899844499743,"Healthy"
"GSM4683516",7.91272289130638,10.1965059404452,12.5211876984685,12.7929877896666,12.5487947954242,6.56964760110503,10.4460237960509,9.66609283416921,11.5032915566363,14.6080876219832,12.571499348023,10.5750502195538,4.340109676233,5.91366054266601,10.9106730032671,5.09273168177106,9.01273016196255,5.23546210661928,5.77515148026073,13.0124965706332,8.03815642410363,4.340109676233,8.8806752905268,7.90297657280853,12.0151810102738,13.2308015297804,13.165017427852,10.1275226800706,7.73168526946558,11.4602220521132,13.4033137841323,7.95577350242895,6.71515184168076,10.9893814552787,13.3402857703932,16.5619459923607,11.6705471470703,5.09273168177106,4.62733612740031,4.62733612740031,13.4157019105155,12.756676627302,8.6566139180738,9.17451637881152,14.1589185760904,12.0772709284754,4.340109676233,10.5450269399052,4.74564395958429,12.6471776914538,11.417102394875,13.0161481940294,"Healthy"
"GSM4683517",6.28207337811901,10.451857454471,12.6505118335597,12.4862298496314,12.6922193725497,6.06806233139938,8.45580445685111,10.2557882289547,11.2541689532046,14.4917902566768,12.1494090034388,10.1203783667011,4.340109676233,5.16736729707622,10.003360490158,4.61922010652459,7.55560119374237,5.01858488897063,5.29117010940255,13.0734142627121,6.49084087550651,4.340109676233,7.53778980242898,6.85869827322689,11.5256481995068,13.0980220732012,13.2162863683688,9.79923360893606,7.61339840399624,11.3379321628591,12.7398292743854,6.72561168456617,6.71480784204183,11.4033912510709,12.3016766728941,15.5561135169471,10.213898712389,5.16736729707622,4.340109676233,4.340109676233,13.0514841792641,12.29142704772,8.36855722535918,9.18296324447921,13.9626655631519,11.9369645067994,4.89576076582565,9.95220725878079,4.340109676233,11.9883622755893,10.0763318842729,13.3643860088633,"Healthy"
"GSM4683518",6.7154893106149,10.0107301092142,11.9011191765458,12.8956521108903,12.8446251045428,6.90730928054269,9.08211177256023,9.55647699566826,11.7364924480313,14.4312648325084,12.1226104042726,10.4807676684499,4.340109676233,5.39922064991523,10.758766394702,5.1214758189401,7.54456178549998,5.39922064991523,4.89595234768126,13.1763674558894,8.16951136364223,4.340109676233,8.56824893204119,7.32612350574678,13.4793600338174,13.5431052277862,13.4976994571842,9.55939211733497,7.86763371222461,12.1166896120974,13.4290845623413,6.86912266464742,6.77905741284149,11.0816229518476,12.7766299135454,16.2481646371262,10.4998513952388,4.340109676233,4.7343574163955,4.340109676233,13.2870462899241,12.6244715622604,8.83242857657036,10.6583970143805,14.8928967640211,11.7802241946545,4.340109676233,10.7770276980877,4.340109676233,12.4164965395473,9.8063426610494,13.3657011509704,"Healthy"
"GSM4683519",7.62918494550487,10.4291129684832,11.6767282608965,12.7588457440165,12.5207098842391,7.82050583711431,9.74927439573681,9.71595853876691,11.7098770356977,14.7380363218531,12.7549234586206,10.3169682471361,4.340109676233,5.94657632291693,10.7947501066149,4.98314960569829,7.93669270952986,5.36396321332876,5.53580055464225,13.1918071051839,8.42142574077285,4.340109676233,9.58213828482202,9.16914688269063,12.2608185510401,13.1653264886988,13.2418919182037,9.75611930091233,7.37933137872899,11.379039127918,13.2506381964947,7.25131426803236,6.84115150129373,10.9108933673848,14.8360494016764,17.2661559350115,12.3183424723831,4.83983763825106,4.62958644860693,4.91619981568341,13.0404541956209,13.1506041930026,8.22946061414113,9.79784710626907,14.2740372879138,12.2644218036675,5.32531435167921,11.0223556769997,4.62958644860693,12.6672723419527,10.4671410392585,13.3369007776374,"Healthy"
"GSM4683520",6.17913605158607,10.3592351797072,12.3632891206113,12.8060505567088,13.0010617333152,6.64074427949439,9.85828679515038,10.3484816588322,11.572741825507,14.6545259507958,12.1176929221202,10.5115978518427,4.340109676233,5.77046335663347,10.5925916757074,5.17450204267241,8.35595335793175,5.28765519000747,5.58432015621362,13.1654049598613,7.09184410268031,4.340109676233,8.1930739888044,7.11426001992836,11.7672090064393,13.2487114082827,13.4222451530391,9.87551461287929,8.38641712603754,11.6239505877519,12.8665094894661,5.4478214335739,6.20886383757178,11.3202744664229,12.6916134970608,15.9799695060778,10.3835176333368,5.17450204267241,4.340109676233,4.80155200903013,13.0608524037821,12.7207872595202,8.38339974760508,10.0363775414368,14.5045740778352,11.7718147512618,5.35525750025709,10.7537804043903,4.87219079581317,12.2334502126418,10.8494889539918,13.5406555894394,"Healthy"
"GSM4683521",6.54894128359011,9.97161774015777,12.5080108941615,12.6206481255373,12.6938484001697,6.40148189112277,9.27766431097017,9.90608651571762,11.5575482578904,14.5200808377681,12.4569088137084,10.5356284221212,4.340109676233,5.26566966461201,10.3541736630725,5.1000373487211,8.113530485524,4.88052827545623,4.88052827545623,13.0218618427781,7.82676642731623,5.00009113242061,8.22918443571213,7.41864130074344,11.3802043391591,13.282291493496,13.3339250136175,9.88758534950458,7.18500360028021,11.4090944296572,13.2426105491209,8.113530485524,6.30697205630615,11.2478626405801,13.6269562728453,16.3504766757514,10.5557520697222,4.94344847928139,4.340109676233,4.340109676233,13.3121679143181,13.0077025669201,8.54002793743805,9.5593426602495,14.1838505422311,11.7471797164652,5.1000373487211,10.6873784636631,4.340109676233,12.5829444595269,10.4966739612578,13.1748095147216,"Healthy"
"GSM4683522",7.36042107114031,9.59998596514979,12.679934559441,12.1260703061493,12.8771836548757,6.62542336663778,8.95139602657421,10.2047154138936,11.629290941253,14.528492988614,12.2724068254254,10.275418882405,4.340109676233,5.70408880840526,10.0740625666099,4.9681035366435,8.20007745204492,5.26312352594832,5.56858495619004,12.8078092699592,7.25955056133098,4.340109676233,8.64282464507884,7.79883012944517,10.9818284282122,12.9346363621405,13.0171478521405,9.60288411899015,8.04172187051641,11.141739186269,12.9663270496359,6.85442612129592,6.19184648155001,11.6809131398202,12.3366682224754,15.6710569491938,9.96457016916825,4.9681035366435,4.62272749511804,4.73915771304831,12.5759936416523,12.4880675269049,8.83776502447398,10.2367751788183,13.8733774118045,11.5627957094167,4.62272749511804,10.4464380008333,4.62272749511804,11.9875019529264,10.2534637411042,12.9563125241497,"Healthy"
"GSM4683523",5.85477520317696,9.63568761051565,12.4118943967246,12.3957317439116,12.9604703819779,6.07244413606062,8.78717390756483,10.0225445393434,11.5100037099967,14.8393488822091,12.014225883183,10.1339536271241,4.340109676233,5.61468518888167,10.0037024355914,5.29867290685524,7.9240312443567,4.99274702063363,5.5842936248366,12.5903543359149,6.59971786441706,4.340109676233,6.7366716779469,5.64419858123043,11.0903218261469,12.9421934348408,12.8189919566664,9.73900690550797,8.05868484531361,10.9149158356039,12.2510055763752,6.77171106675114,6.80586191435972,11.1600306609015,11.4753878702467,15.1959541592109,9.33754311990598,5.20996387562187,4.340109676233,5.20996387562187,12.8957010957608,12.3932464261223,8.32195150313512,9.78663783625888,13.7345032640749,11.8206473804562,4.92482617379046,9.78663783625888,4.340109676233,11.6490716142577,9.82068283759027,12.9485167137412,"Healthy"
"GSM4683524",6.40491146252575,10.217558433685,12.175735363025,12.2569751109126,12.4458756433597,6.24538719419837,9.35067211302021,10.0824045452557,11.3747229827716,14.6596402119444,12.1452836751588,10.2230379089302,4.340109676233,5.42826062463017,10.3182662920019,5.06925122418369,8.37912506734258,5.24880075860315,5.90940818729964,12.6895698039082,6.5221278888849,4.73280014606371,7.98894922580987,7.29623495321523,11.1245281472996,13.0445354734694,12.8883944863852,10.0354216510258,8.20103796115232,11.1058691775363,12.7659878516732,6.62970084729085,6.49697763828219,11.2134485238417,11.7183661200638,15.6344757591918,9.76186523747676,5.32512707600298,4.340109676233,4.340109676233,13.020356810405,11.8974791484672,8.88559776124326,9.9321422897507,13.7419002418241,11.8463367248521,4.82032145154633,10.3478253024772,4.82032145154633,11.9836419046169,10.4810775628157,12.956158087981,"Healthy"
"GSM4683525",6.55714844039119,10.6498663994435,11.9310331440851,12.6539305279209,13.0499941696535,6.00030483638811,9.47317440588015,10.2912552265863,11.6727757220601,14.4831511158433,12.0003461629048,10.5425816935442,4.340109676233,5.13744682947482,10.621087461096,4.77015529234871,7.73836446921933,5.80273767452322,5.95399874620508,13.214501757875,5.8808816060211,4.340109676233,8.12075042013361,6.90168482484721,11.8557530464225,13.4461106601109,13.5968522284186,9.88656737213849,7.82815977270583,11.4232486070944,13.1299304244588,7.71342640628238,7.00989194396261,11.2605879843909,12.5050701735336,15.8833559012207,10.2434953576519,5.45422904267025,4.340109676233,4.86584417855035,13.5081526021744,12.8635825646533,8.65136042192278,10.6285427851205,14.4834937086153,12.1182897243579,4.340109676233,10.5729537889729,4.77015529234871,12.3879519731614,10.6185937641728,13.7612823808089,"Healthy"
"GSM4683526",5.89092003314803,11.1653865595799,12.0919618050712,12.5387195321236,13.4254881006388,6.24390945400354,9.48706327307299,9.95395264720296,11.7953029941789,14.2157675266615,12.1314860740513,10.7238947408258,4.340109676233,5.77042947757702,10.5501699658601,4.84355096141838,8.53111812283261,4.75185771973972,5.7955932118831,12.8967348551004,6.09961914388963,4.340109676233,7.60385058619354,6.68597114987918,10.165976174057,12.9706910597909,13.3917732925468,10.0576865860017,7.8595013167597,10.9926754040185,12.3321012492636,5.91354854166543,6.35777743094875,11.3026356265625,11.9480640193934,15.2500000902442,9.20764216256359,4.92046657970634,4.340109676233,4.63175182320352,13.1843647063048,12.8712155991874,8.52133921922001,10.2441467921009,13.9485296301906,11.5902505438731,4.75185771973972,10.2162090039194,4.63175182320352,12.1405369619525,10.5833527423446,13.0696130816773,"Healthy"
"GSM4683527",7.13883051788226,10.6382078752152,12.2269361837704,12.5432618994434,13.2720656542536,7.83757517258177,9.71645676906595,9.78683395149885,11.631128838352,15.0646215834844,11.9952917914456,10.4808771583412,4.340109676233,5.72500494865191,10.0419095032202,5.22608106308039,7.8705892946893,5.43601636770116,5.85668853674601,13.0258968297676,6.93180898789824,4.340109676233,9.09484159920136,7.69725646745609,10.5338304006796,13.111325338943,12.9162540824634,10.4405279991012,7.38176849772768,11.0240668819536,12.4705540464553,6.481126198963,5.99678104575472,11.1611386069869,11.9759767558793,15.5559272885486,9.68301487381982,4.63955820968792,4.85693330584343,4.76284054972964,13.2727040904877,12.8157506588633,8.82315610491366,10.2060397216989,13.8638160642286,12.2906073466171,4.340109676233,9.93751302723995,4.340109676233,11.8004350838726,10.6158359049593,13.500499682988,"Healthy"
"GSM4683528",7.19460132369865,9.80748287508119,12.4706701677917,12.981076030368,12.5956464083132,6.71002277961421,9.06953477023467,9.98367271006905,12.2413151007718,14.1321487208801,11.9354072848492,10.9625021996406,4.340109676233,5.20876523130838,10.9597638439777,5.51488724263985,7.41385011991217,5.09515595048271,5.51488724263985,13.3901207434265,7.69274030654948,4.340109676233,8.52577067246628,7.70599733054014,12.9326768475824,13.4285020799743,13.9969596278956,9.24866887703426,7.33882414260284,12.0649507231747,13.8725571408956,8.544220362209,6.65472868038035,11.0963071790207,12.4668182739865,16.2090567248054,10.971366121558,4.87701831944434,4.340109676233,5.62043444554757,13.396335852471,13.1936524651032,8.25695004401829,10.4060807211317,14.8253095929765,11.4998488404986,4.65128247393536,11.0338877637746,4.77932978137596,12.1511834732364,10.8648888225052,13.2563588783625,"Healthy"
"GSM4683529",6.81596825617439,9.56535654982462,12.224483503999,12.3221970834379,13.5092719430383,6.45518672647657,10.3461507602374,10.0646029348175,11.6413706531491,14.5231668798919,12.0224374171027,10.4803762709501,4.340109676233,5.81482685332893,10.2950151201054,4.84158782840444,7.19445292582116,4.91821089526712,6.09343333263389,12.4832486211458,6.30347875998245,4.340109676233,7.91589420886674,6.440796603666,9.85843573387659,12.8360274882308,13.1624344058426,10.0545743421037,7.93068818203587,10.999626325324,12.8767416021435,7.06442615112735,6.03476076046661,11.0007871325193,11.4331625771806,14.9465341469611,9.05654022157485,5.24537112652616,4.340109676233,4.84158782840444,12.8150663421226,12.6984754971971,8.59060851976715,10.2360959068844,13.7258403063028,11.3545339689873,4.9853871905691,9.86992025466451,4.63060700908684,12.2006903824089,9.83258213376481,12.9028975887207,"Healthy"
"GSM4683530",5.90145968198256,10.0360504822717,12.6224443665021,12.2891844486938,12.8674991657045,5.80558701325198,9.31814377399731,10.4423014407202,11.5691751157805,14.5295078412541,11.9025225693099,10.5312866535967,4.75490234004372,5.64399358231451,10.2094237295852,5.29851776738125,7.89817781449181,5.33953837808706,5.83033247757129,12.8141269864415,6.66339656280193,4.340109676233,7.29222029360193,5.72782700636733,11.0724450197,12.9376875554546,13.111946964054,10.3870580652959,8.28284181493563,10.9326005294269,12.7518445874956,4.84726112097637,6.57291089615429,11.6283770513992,11.3486299031069,15.1245643162168,9.22153112432022,5.33953837808706,4.340109676233,4.340109676233,13.0461857580299,12.5533166829186,8.81946777604804,10.2479453033451,13.7020757004261,11.7544596127772,4.92472940530471,10.0091516701953,4.340109676233,11.7991653659061,10.5629882502222,12.9447998242946,"Healthy"
"GSM4683531",5.35922812757835,10.2932620732867,11.7879101627943,12.82466792895,12.8022569336181,5.64832186707283,9.78586592024467,9.85569546275854,12.0457707402451,14.4098562759272,12.0554158376294,10.4594312797662,4.340109676233,5.19331984067846,10.6742922466734,5.53034863213206,8.39169520958808,5.23807090836159,5.46561464300466,12.9803266306245,7.59968802345206,4.340109676233,7.08243235292977,6.09921670553737,12.2772286356859,13.2852328148573,13.6232799045541,9.89184539859272,7.69396305626562,11.7115358543962,13.4169773052031,6.42583677009671,6.67418809501958,10.9561130023404,12.3045236679593,15.8207067611902,10.5299278227126,5.04006421636858,4.340109676233,4.74685541896114,13.3660683323567,13.4688342194282,8.81251719036965,10.1758537492352,14.5041804444866,11.8193048540197,4.91346144381232,10.7784761891759,4.340109676233,12.5266253822392,9.94620452077235,12.9901302637579,"Healthy"
"GSM4683532",7.99175635918606,10.5562002620989,11.0463866330337,12.8776436631454,13.5675093980089,7.52259372887781,10.1241302035153,10.5539357610831,11.5949104988488,14.8212166932728,11.7591897360992,10.8220182391949,4.340109676233,6.00012067808751,10.8413342443968,4.90527377259148,7.73138794398959,5.26729353704739,5.45009843676964,13.4182614631059,7.51003617594391,4.74101015974873,9.74309009203163,8.57065827068584,11.8434855744888,13.3134141707749,13.399679962434,10.0403207664283,8.30849487456985,11.4583286184514,12.9064721406527,7.28476171840378,6.6223259302158,11.2628600912807,12.1618737849922,15.6666629258149,9.84789266826692,4.6240436301017,4.340109676233,4.74101015974873,13.1466417391243,12.6140151869177,8.79990748579297,9.71227181228571,14.3131692161829,12.3123335004266,5.87539839721472,10.3064865198605,4.6240436301017,12.1966377641766,11.3922726480084,13.9026688854068,"Healthy"
"GSM4683533",5.69328153074785,9.91460031571002,12.2174781694044,12.7945611218742,13.1120822972102,5.94805327424952,10.5246555848628,9.94169914237032,11.7112417837916,14.3192745217654,12.1460765294145,10.6386297957304,4.63876539339063,5.72158305883745,10.8073326875963,4.63876539339063,7.65990669890944,5.00326355428487,5.57172104060861,13.1442249273013,7.01876654788482,4.340109676233,7.1239130743631,6.54866965700373,12.0915465426868,13.1144931955555,13.6267372273372,10.2209127053035,8.38238620515983,11.6847641596139,13.167085106161,9.13100098640771,6.38375357718297,11.3741659401474,12.832442262702,16.1119029744517,10.3660795836378,5.22379802020262,4.340109676233,5.00326355428487,13.2690106315031,13.2366973814134,8.30072419222875,9.79798136054598,14.2349106868952,12.1047316461427,4.85557452340563,10.5970392625326,4.85557452340563,12.5806446087718,11.4734124420084,13.4243146675761,"Healthy"
"GSM4683534",6.2547572462613,10.0442733679553,12.6160522201102,12.8221119295503,12.9063342882456,5.76565323519286,9.46209927849302,10.0476502331776,11.6985186161873,14.3143006482744,12.1973432176446,10.7459397989059,4.63070340227809,5.50812296605571,10.7285161224867,5.28836824867696,7.80322932136092,5.36776785140136,5.73997045099541,13.1421002789285,6.69100597352965,4.340109676233,7.29109820666193,6.38216147095032,11.3940046085608,13.1164782868148,13.6411274493781,9.7817105872459,8.45533672863783,11.5619745208283,13.245542901889,5.68668971505288,6.2378876939845,11.6318615022652,12.5082908769961,15.7629661909952,10.0610791468309,5.54018045202024,4.91840083358083,4.340109676233,13.1976002521921,12.7078112390811,8.63111982031969,9.75716483239086,14.2025267946744,11.7694049014831,5.15264142702118,10.1125033737322,4.84175312979025,12.1381425215567,10.5287916415529,13.3673841507014,"Healthy"
"GSM4683535",7.13728721040654,9.92941470512946,11.99677868533,12.341788505284,13.6381812263181,8.62593498415228,8.86375909026847,10.3255028403265,11.5458751558274,14.1481494782696,12.4864967968681,10.3599018574915,4.340109676233,6.47707279531201,9.95272241187698,5.03300882442463,8.17549841114992,5.08735933309408,6.42168625661729,12.6514942701114,7.617441529575,4.340109676233,9.01331648880195,8.86375909026847,10.8754250026337,12.6227324278004,13.0682707824971,9.96079188245919,8.07235365934061,10.8923946101069,12.0068308287726,6.91221350641106,6.80008748082388,11.118352030377,12.5732333521075,15.6568104140964,10.5763927108677,5.03300882442463,4.340109676233,4.62524688367892,12.5059210403319,12.1078351061618,8.55748506472392,10.0553353673825,13.3961349045882,11.6500327642542,4.74270365587882,9.62583121353765,4.83239424954514,11.8922060355737,10.1977134872299,12.429720493877,"Healthy"
"GSM4683536",6.81554872046895,10.4727641735129,12.0809921447441,13.3296108535541,12.8125723976549,7.66528262356303,9.59762690740463,10.1317198733976,12.0168381847732,14.2987136729861,12.1635752171821,10.7650101770537,4.340109676233,5.23122681941611,10.1482969000026,4.65954658236724,9.71015643659274,4.340109676233,5.75014950298244,13.8679261633558,8.08905466524828,4.340109676233,8.18656919023838,7.1528976991167,14.3364709335908,13.3626235402797,13.8145162125111,9.98609500559371,8.02384611856934,12.1073107776277,13.3797282994148,9.10650353477875,6.61679744875177,11.1155515516882,13.3642613302686,16.5826552491039,11.8048452042867,4.97515013053161,4.340109676233,4.340109676233,14.0707026384987,13.5046567840711,8.60512032877845,10.1045323232089,14.9170326059149,11.8550219878575,5.58178882972092,11.3296509939111,4.340109676233,12.5573348259961,10.8225420009038,13.7545845597542,"Healthy"
"GSM4683537",14.8600076656926,10.6894456195694,10.0723892318053,15.792458295779,9.3821641879519,12.4893635458738,13.5098150048574,7.84340232528113,12.1989218858077,12.3573110102281,12.439312916501,10.7218514893154,4.340109676233,4.340109676233,11.2997463991934,4.92798329629278,6.2484757632223,7.41861220400056,4.340109676233,15.8904626161775,13.9523327078777,4.340109676233,15.7124916213484,16.6660179632021,18.3148641113321,14.2667394889817,12.2648784940653,8.0813825872509,6.68671716706202,13.2564360770909,11.9375237478824,18.1371741902525,9.20576358738275,8.99022261223172,18.4260978087647,20.7565509446981,17.5740981684378,4.340109676233,4.340109676233,5.34496067057793,14.7108758291405,14.4028613979352,9.70769435432825,13.3667278065481,15.475664676146,11.252133800016,5.16593150407289,17.6765319240729,4.340109676233,13.0619120557445,14.3152050653434,15.9042044951909,"Sepsis"
"GSM4683539",11.6969205067989,11.6694103833838,10.8162433130723,13.8987776892656,10.8152962613152,12.6557000882309,10.0561939995139,7.67334054185364,12.8204980263411,16.1521929536874,12.3831179822485,11.8710643136579,4.340109676233,5.11059898392104,10.2481116426002,4.68794947322734,6.71737266146688,6.41604618049776,4.83085244483935,14.9504088541297,11.9321789420694,5.86587005913271,13.5807607328458,12.4961570319015,15.6479340590656,13.8595851297723,12.9469302523611,8.85538428194345,6.9347073193089,11.8660431480438,14.0968575157835,10.8048374423431,8.44341503680498,9.14228710604312,16.2714776905588,18.9066842655697,13.9266670010251,4.83085244483935,4.340109676233,4.68794947322734,13.7315487624038,14.091196512283,8.4384868401738,11.8792432546234,15.1652401276418,13.2642615128345,4.340109676233,14.7875302687095,4.340109676233,12.5495197858984,12.9028140735276,14.4607538791935,"Sepsis"
"GSM4683541",15.4720160750723,10.5973592627514,9.74981480643276,15.4115473679227,8.342266983048,9.18941067097865,13.7333115361066,5.56072309409886,12.6352179902517,13.2819637490092,13.1594113253018,10.2215269480013,4.340109676233,4.340109676233,10.7702326544893,4.87320602172512,5.56072309409886,8.58299144750423,4.340109676233,14.9764491531656,15.0777655999004,4.340109676233,16.8133205238197,18.3399646635044,16.6609007051673,14.4204516473829,11.9205637787396,8.64999313875477,6.73586169169412,10.9162563238249,11.5034058854793,17.5097847539518,8.39134571287694,8.00608584244775,19.851713081725,21.7111659692663,18.8662554795541,4.340109676233,4.340109676233,4.340109676233,14.3924858708255,13.340712337023,8.19791752328266,12.3488345673109,14.1247141377118,12.6096198689537,4.99119812177206,17.980568719147,4.340109676233,13.1880154995448,15.4346920040291,13.389661427084,"Sepsis"
"GSM4683543",8.84061162115587,10.5960881669717,10.5344423293105,14.4620321939892,13.1115933749057,8.99218300608617,14.5565404106994,7.49331151231064,12.5167944839721,14.7535689434991,12.6899210329478,13.111211922029,4.340109676233,5.4117848945322,13.2447235447254,5.34070608307509,7.19877302127864,7.21430156986,7.43520275831125,14.391009246441,9.05709101822279,4.340109676233,10.0838330205012,10.4476530008645,13.9340608607281,14.676211036674,12.8157387892384,9.57403597178977,7.42195658322678,13.2868787816807,13.2829327786296,15.3665565734969,7.43520275831125,9.3069815455618,17.9638354991742,20.1680228132647,15.5695357453219,5.08098379356299,4.340109676233,4.82814243103156,14.8748880549408,13.7359403007233,10.4858261349399,14.5533615232292,15.0808974360024,11.8866538435586,4.340109676233,13.6038932335147,4.62276859543207,14.0550803127967,14.1583225330786,15.0688343996863,"Sepsis"
"GSM4683544",9.77111085363046,11.2398984385003,9.45112813715907,15.1831081031755,12.8458169885087,6.97193662474234,13.2356794791432,6.78945634296555,12.5610555237542,13.5041544960112,12.2005946292098,12.4934951376145,4.340109676233,4.340109676233,12.6311997490152,4.340109676233,7.0222405359689,8.96152783019488,4.340109676233,15.3488985702503,12.0918989435039,4.72464860948162,12.5093416187026,13.9940961196209,17.3209851352532,15.3474467371316,13.1078622648876,9.70505768192628,6.01231740709289,12.8593690648264,13.8640083996335,17.2718855251323,7.00567662283162,8.24121114029635,17.5098453454367,20.4353377979854,16.0585165225739,4.340109676233,4.340109676233,5.00229595152379,14.9878784039877,14.6227991497699,10.0066330003193,14.184901091975,15.8321152617511,12.3809386700119,4.340109676233,15.5268961388225,4.340109676233,13.4816938262511,14.8096389667712,15.5573997323894,"Sepsis"
"GSM4683545",10.5214074951472,10.1871783400754,11.6318467757024,14.3058135761627,11.3360985492782,13.6004841765221,13.6916609581311,8.02837174725518,12.2747592240244,12.8797919161709,13.0850201020246,12.1166006882285,4.340109676233,5.35107706742343,11.1498535483809,4.68322694788356,6.77172454922962,5.94151022430932,5.91079359186227,14.9392271424866,12.601433922272,4.68322694788356,15.2041616467051,15.4235711547023,15.4662340062917,14.0949111936845,12.4588731589873,8.07866488489938,6.83325256425904,12.595811541447,13.2452913481684,17.0323987047714,10.0575683195198,10.0403188640702,19.2973604130759,21.0831918278798,16.5437657326652,4.68322694788356,4.340109676233,5.02160869671005,14.197466905385,12.6885339240268,8.60498268322538,12.8418422585362,14.6827129084496,12.2253300516544,4.68322694788356,15.7983299678357,4.340109676233,13.3574481061552,13.2638124845288,15.2849532488689,"Sepsis"
"GSM4683546",14.8573966736849,10.4968495040533,11.2508951979561,14.1507082885347,11.6263113553141,13.1626262235516,12.5497360603556,7.9234357982609,11.787255383604,14.112241967669,12.824627579472,11.6510699317703,4.340109676233,4.89058501651283,11.318775293287,4.9744837303111,6.98654527155637,6.41702228196278,5.4643193288474,14.5154044241912,12.0480882516497,4.89058501651283,15.3701018413726,14.7533525935196,14.7054295027867,14.2717493544358,13.5415001302472,9.35253237221297,6.50308161756684,12.4359649270372,14.0878854413862,11.1426819680802,9.61499565949775,10.2933916457174,17.0567359819918,19.4663549130515,14.3165443353003,4.9744837303111,4.340109676233,4.65920736693461,14.6419478236686,13.4510898513763,7.95289722899636,11.2765813533653,14.798073157309,12.5602308997605,4.65920736693461,13.4222224087158,4.340109676233,13.49774780769,13.8043408680694,14.0956128613242,"Sepsis"
"GSM4683547",9.93485299812811,10.0473450873591,10.5611599059066,14.4316089583697,12.5048995819689,8.80927904601704,14.3859516826557,7.47483195115437,11.7805606715554,14.4474268564374,12.7527775255038,12.0283876550251,4.340109676233,5.75933387426271,12.1663093287089,4.340109676233,6.52230043350111,7.14503070170936,6.59404209581995,14.6181196496713,12.1046813063961,4.340109676233,11.8848532057954,12.6469065967767,15.3715640045927,14.4663531571133,12.1875483981932,9.67162840033195,8.26910375872997,12.5628040750549,13.0921585409722,16.5281545339272,7.09771513985214,8.61688859643008,18.5295538396689,20.8607309650277,17.0036592734461,4.340109676233,4.92309349602474,4.340109676233,14.8125169216077,13.6526563902841,9.3567252138096,14.4736704698711,14.8350319335995,12.2115419292378,4.340109676233,16.7667270802299,4.340109676233,13.8214097891164,14.1123998453993,15.4670928315383,"Sepsis"
"GSM4683549",11.8323247185807,10.2210504823729,10.4012744778246,15.9110505878108,9.46362015874722,10.7778818039952,13.6627451236848,6.77833741491955,12.5688289204469,12.1994466412331,12.5341810430469,10.8163581915885,4.340109676233,4.340109676233,11.2332279073367,4.77156487189618,5.88553341597395,8.53741659260832,5.53090991104634,15.4232064274498,14.1333823073558,4.340109676233,13.3188851719522,14.8453625511137,16.5414497636627,14.936932859949,12.3900535261816,8.18460611137725,6.30601621393832,13.3258253565537,13.3157898962476,18.0007600504724,8.48678147939075,8.86627577027944,18.5002729501109,21.1957576739319,17.8344846610942,5.19373279490495,4.340109676233,4.340109676233,15.3541682650784,14.8337783135733,8.76074976605903,14.5248911294578,15.8329132056974,10.9327386724685,4.340109676233,18.0515435472273,4.340109676233,13.7400191201248,14.4869818818594,15.5929970223472,"Sepsis"
"GSM4683552",14.4265678912905,11.4979978216344,12.4141775283633,14.3834404819184,10.280624018739,13.8907570105638,12.0947787124152,8.68645677129692,12.5483171660881,13.2989263785212,13.1131108407714,12.0325297241283,4.340109676233,4.79494781083415,11.9172479536515,5.1825425792363,7.8992261317906,6.70852801519585,4.79494781083415,14.4131404620175,12.5151831335826,4.66239190181702,13.428352580854,12.7338623045569,14.9042440014327,14.3628088835295,13.2625861272088,8.73203999984679,6.84664363603526,12.4771670697503,13.857997785315,15.5835469320261,8.17879977625818,10.8767781257665,18.3936918467739,20.2654264113293,15.2817684382467,4.340109676233,4.340109676233,4.340109676233,14.1962841420761,13.3462328766315,8.22378377821859,11.9412765036014,15.3099051723834,12.051281078639,4.89603443183539,13.6865786866559,4.340109676233,13.5221936444386,13.4414424309381,14.1904221789141,"Sepsis"
"GSM4683553",15.1907193524356,10.5122130254343,10.2284916965264,15.3908504979692,12.0123930749915,8.11756217101624,11.9898964083682,7.68867690255504,13.209266728439,13.1078004504732,12.5748129484209,10.8879759211557,4.340109676233,5.04931955865856,10.9083636855128,5.04931955865856,6.12033891497146,9.31089348596525,4.340109676233,15.2194807262165,13.5755854588901,4.65982658661176,16.1552350536636,17.9771888736775,17.2017668754386,14.2472178348533,12.5081082967659,8.72130844179135,6.50664982284453,11.4051650644944,11.5932019648303,18.4680197912789,7.64571843199303,9.66541614101228,17.8757639164698,20.3634198401236,16.7256221882967,4.340109676233,4.97570018975857,4.340109676233,14.6901494246477,13.9309379696086,8.09124186656115,11.9788721626363,14.9044243745879,11.7292927459511,4.340109676233,16.5673497750192,4.89164473329622,12.7698051901762,14.9751592652494,13.7685182797008,"Sepsis"
"GSM4683555",14.8117791673269,10.4100758021534,8.23183438301184,15.4289208174726,9.92897208730037,8.8104988535743,13.8641855572671,6.15875140670132,13.0395718955616,12.953744590917,13.5757261959648,10.3406720258877,4.83087426113253,4.68796501030207,10.2284477325876,4.340109676233,7.20718918785436,9.21897046980473,4.340109676233,15.3301953655306,15.074643285003,4.340109676233,15.7400417169506,18.5763927553231,16.7401005672887,14.4396080185077,12.190742772455,9.20166017409738,5.64561290514402,11.2278768894668,12.0553219619679,16.8889201829673,8.74023386786702,7.96272700789734,20.578732953242,21.8007478945335,18.7551530030354,4.340109676233,4.340109676233,5.03088919387933,15.0993613308571,13.9863815784182,8.12528816219089,12.1705190483782,14.6399031902457,13.8039948489275,4.340109676233,17.7457250079718,4.340109676233,13.4615785906479,14.9926152425366,13.7742106731175,"Sepsis"
"GSM4683557",9.36992038491283,10.1129526138701,12.2781335886095,13.9789575074794,12.4652795515388,10.201298991124,12.6545697696487,9.18483526799008,12.1858050687456,13.9734981429239,12.5437486155999,11.7805752059127,4.340109676233,6.23294933974792,11.7559665181805,4.88969940171794,7.08381071043513,6.41856068788013,6.24823615283829,13.800579974973,9.49871146328441,4.340109676233,10.3986553193411,10.3151930903514,13.1047745503209,14.1290894352704,12.850782001805,9.3972537038507,8.06230892950989,12.6721027194622,12.9053679398966,12.3982852084669,7.06753529119819,10.4355457077438,16.3281806873141,18.8866044434549,13.5359712713444,4.81678039500127,4.61614789598617,4.61614789598617,14.1465296727256,12.5708079010945,9.52372686710112,13.4764954392666,14.7685536782527,11.9754233177255,4.95365773740681,11.6397168991474,4.340109676233,13.3333076435031,12.2165662023078,14.5417684007284,"Sepsis"
"GSM4683558",14.6302268617453,11.9580829837545,11.7430835523288,14.8724636050157,10.0673897322332,13.3282791811108,12.1850239482951,8.0760551475045,12.98838748014,13.8033638928941,12.9512402779888,12.5337340907408,4.340109676233,4.71156806683587,11.3240239135579,4.86400021642497,7.08800302369972,8.13993313929035,4.98001472498996,14.7489442454735,14.0934162768112,4.340109676233,14.1945336338741,13.3382816279739,17.6033453130872,14.4642710248187,13.123078818186,8.05411077884181,8.34037086165219,12.1908684226528,13.766240369371,17.0270477269344,8.50544363519978,9.40909561234651,18.4662579367512,20.5095366691029,16.9188069562379,4.340109676233,4.340109676233,4.340109676233,14.8884786590928,14.0206290046242,7.67642816220265,13.2416439566163,15.1788142370099,9.94621271737758,4.340109676233,17.0318817099837,4.340109676233,13.6950327058655,14.0923015351292,14.3278095902673,"Sepsis"
"GSM4683560",14.7559281838111,9.72482343918896,9.4080737864278,15.5465229194435,11.6396048506994,9.42358691995138,12.1859045450635,6.56818851319778,12.973014921246,12.1477503159762,12.8593633636416,11.052824003906,4.340109676233,4.340109676233,9.61910188282387,4.340109676233,6.48191701911749,7.70298051071928,4.340109676233,15.3777572946293,14.3709783622608,4.90499469855182,14.0009983977425,15.0283828406527,18.1008296265267,14.5372535944485,12.3000708016981,8.33217621147617,6.81166040528178,12.5530485203081,12.4947577384286,17.7707381635963,8.33217621147617,8.59410106116832,19.014066582468,21.1960529622647,17.869180675206,4.340109676233,4.340109676233,5.0663482732682,14.7676330828504,14.5577171527764,9.1122922630536,13.9857901203146,15.6317727004923,10.7584406006328,4.340109676233,17.50678048808,4.340109676233,13.3337841725949,13.3850134187297,14.6312548090954,"Sepsis"
"GSM4683561",9.05693674333941,9.78380120227681,9.37697599267494,14.7772299334448,11.5546088919811,10.3449906887599,13.2623565388647,7.25324671984801,12.3099928131472,14.8545304553584,13.0373984487479,11.4854339463474,4.340109676233,5.74781222449727,11.8775108325469,5.00259312839786,6.29943408890649,6.83645990498341,5.46867646728462,14.3342716961587,12.2155887874373,4.340109676233,10.3236151435584,11.3147569261213,14.2683092935873,14.4348085621551,12.5514025574348,9.55937608186547,7.63215407257694,12.77953027477,13.1751529313965,14.79184938596,7.29446933939363,8.98934914278912,17.7213905031396,19.8224093081408,15.7662106335483,4.340109676233,4.340109676233,5.00259312839786,14.8113033869707,13.6043735141425,9.62123570348547,12.8435484076862,15.0615988526524,12.1012184426953,4.340109676233,15.7460205757959,4.340109676233,13.9373050273154,13.5300947874841,14.8850649849041,"Sepsis"
"GSM4683563",10.5994730268682,9.7864147564017,12.0202776483524,14.7468963082168,11.3209850515025,10.9261688598383,11.6176007671812,8.20825108004223,12.3964159021826,13.2915797943492,12.4288922913329,11.6951697588965,4.340109676233,4.340109676233,12.3257038522415,5.20157296728664,5.26838577484279,6.87779979816732,4.69614461903725,14.816611264671,12.7547358160256,4.340109676233,11.1862338073561,11.2060556409462,16.1824309988656,14.7108001247321,13.2694700752358,8.45335368537354,7.52808802426943,13.0323791274622,13.6046467073928,15.9658496816759,7.24664862866966,10.0772131287772,16.981322946431,20.2270854782349,15.7179972453875,4.340109676233,4.340109676233,4.340109676233,14.1482617919902,13.7492127030029,9.16524678569194,10.0232143091184,15.660141095639,10.5151943164145,4.340109676233,13.910762237993,4.340109676233,13.629134451493,13.2133255940076,14.2417058477935,"Sepsis"
"GSM4683564",8.37796640292506,11.1583636369643,9.27361733393516,15.1859015506005,12.5602606730263,8.54884375934641,13.4245731847567,7.68147587179684,12.7801663700761,14.0023456243467,12.8321115932325,12.2305777414779,4.340109676233,5.12703880411748,12.9817247223783,4.340109676233,6.95030519282386,7.24870159624949,5.61903187897595,14.7642788391184,13.422951309525,4.340109676233,9.93966457742247,11.2044109152458,15.2263887645527,15.0450663958125,13.1991443163396,9.21852584436686,6.79352574382439,12.5103476851998,14.1769210076462,14.3058238373786,7.05710316321145,8.75417524892748,17.9184201288601,20.6241279796929,16.9046333715032,4.340109676233,4.340109676233,4.340109676233,14.834358536483,14.3267910625038,9.86275555980027,12.9739922806886,15.5748364190466,11.6085415107232,4.340109676233,14.9693070837135,4.73721534448715,13.971888783972,14.1863921834278,14.6089024654489,"Sepsis"
"GSM4683565",7.30058160392373,10.8919821441051,10.6778627202561,14.9514905938281,12.4140008615812,9.2435653501665,13.4846159277911,8.334919325197,12.2964704174759,14.1286307625554,12.8411734602647,11.7483413959501,4.340109676233,5.37135232042569,12.1091675878585,4.88691847899451,7.77633337704365,7.90694235879446,6.23461319776784,14.6976088710677,12.625524044686,4.340109676233,11.0479406033981,12.6163071486033,15.1116835861835,14.5100117439811,12.7107952238082,9.53858005396537,7.13596343149504,12.1728089065434,13.2770374081212,14.941669819525,6.83873952957888,10.1353451270581,17.9169198673365,20.1093607832574,16.7952447864448,4.340109676233,4.78746005009112,4.340109676233,14.3904890418518,13.8029271481683,9.68863809537484,13.4814003724952,15.1392154492812,12.2325844524521,4.340109676233,14.197252597798,4.340109676233,13.4918862888425,14.1833150356056,14.8902789906929,"Sepsis"
"GSM4683566",6.31879906019186,9.34964173035985,12.8478035303411,12.0536654325997,12.3201223708002,6.59940296499784,9.10506574711086,10.0987472731745,11.4925803929521,14.8543174532022,12.45098278764,9.77640309585041,4.340109676233,6.02841186692484,9.72917689253065,5.29361722619851,7.41594438649471,4.340109676233,5.59195885890149,11.8305985001152,7.58119158456031,4.340109676233,7.48093004630408,6.359048759581,9.53960398011992,12.4858339406433,12.9021477481563,9.47807278906167,7.83631310191523,10.4483700441388,13.0035685448284,8.28348255577481,5.82119035307705,11.5971714681025,12.0594016800695,15.107122627501,9.47807278906167,4.99413036028634,4.340109676233,4.8756201648119,12.3919693068855,12.2742041657156,8.03307963861201,8.4823002608105,13.4398257434275,11.00147696811,5.25744343416682,9.67537550432706,4.340109676233,11.8325539083248,10.365116472146,12.1425907048248,"Healthy"
"GSM4683567",6.70080274766296,10.5002534555724,11.9957244746367,13.07683519575,13.128659155321,7.01046979179441,10.3026663220344,9.6332628898463,11.701176418668,14.9792245379086,12.1632286499476,10.1522920294396,4.340109676233,5.3646953780951,10.7692519402383,5.33127843722201,8.39894047527043,5.54291428826028,6.28254104826136,12.9928579944217,5.98011881747092,5.26023335555813,8.39589112601324,7.71212826447322,12.1180789694497,13.7599259282168,13.0010043032831,9.55501269984627,8.28814873528941,12.0759861242811,13.0049979593693,8.21037370959053,6.84619408812334,11.1372318472751,13.254238475933,16.5810571461923,10.0612220910583,6.25398681204077,4.340109676233,4.340109676233,13.4349472623817,12.9505161365163,8.6549060769519,10.6019913285459,14.2696246703552,11.671330939695,4.340109676233,10.347401132922,4.340109676233,13.1745918326209,11.2667922680287,14.0267713984842,"Healthy"
"GSM4683568",8.22114208791043,9.62788534507686,11.4099626039284,12.7778596488576,12.7885201883385,8.92958513348403,10.4657141808074,9.5329541543617,11.2172050371345,15.1188619063223,12.7948789035507,10.2377897763244,4.340109676233,6.57336246138862,10.5949786660368,5.4559555159772,8.17544407313876,5.50309467398929,6.60062753200065,13.3123809606346,10.2974069818673,4.58369369230246,9.32327674920742,8.90711177609476,13.486523580226,13.2093929372302,12.6973039431425,10.2315512823168,8.69537081090813,11.6208456041794,13.3946157581489,9.0700136917178,7.03490832652916,10.2460660021038,15.2500330745569,17.8816284619096,13.098864619351,5.32631158551933,4.340109676233,4.340109676233,13.6125279997275,13.1592542667905,9.17643453886881,9.23309644651388,14.1306852166236,12.1611478070819,4.68418278883867,10.8911781386542,4.340109676233,13.0787387855262,11.311882757041,13.5104038688416,"Healthy"
"GSM4683569",6.68997864280436,9.65934410388343,12.8767045049216,12.2905762982597,12.442153087897,7.52737994730835,9.56915437244868,10.1094739262421,11.5390624568395,14.810865908212,12.4813588272668,10.3458236427827,4.340109676233,5.78289014792246,10.3418833254684,5.04752671891683,9.0732954734214,4.340109676233,5.42768144350508,12.2821722373034,8.07493007139546,4.80585130260839,8.44023768344776,7.39801681669904,12.3785818428438,13.007795988737,12.8475495994099,9.63377806262302,7.52737994730835,11.5897752315364,12.7074585470881,7.11189683078003,6.06685211211638,11.2130541492634,13.9591240638046,16.6891276584671,11.3535109554807,5.33100879341164,4.340109676233,4.340109676233,12.9798033867794,12.2126854799395,8.52354738402759,9.50431983235737,14.049941257387,11.428242281724,5.45774192558833,10.6143220637762,4.340109676233,12.4617076273171,10.2665596811351,13.1561651779683,"Healthy"
"GSM4683570",5.75321837064142,10.7312326354148,12.5109665185285,13.0717819051784,12.7711094616321,6.40949930466187,10.0279305705812,9.92292088856095,11.647803876043,14.7293322372672,12.0651603363503,10.8635096688899,4.340109676233,5.70707312627822,11.4573686877225,5.00303167778511,7.40408768938703,5.2313866234443,7.04099758499728,12.8159177845144,6.89514543657526,4.340109676233,8.03538063157097,6.60315707856569,11.8740342038126,13.5605999330596,13.1684972919831,9.46313607537286,8.45334486735189,12.0758657928649,13.0906192854099,7.66637006730374,6.40949930466187,10.730616804007,13.1903811296773,16.3404893850624,10.3620648129912,6.46067743600022,4.340109676233,4.340109676233,13.290075563729,12.8922335749467,8.61733844958286,10.5636252892212,14.4559573134113,11.6578790731807,6.21226472695031,10.5257881296119,4.340109676233,13.1158308171554,10.8819291488722,14.0945879178734,"Healthy"
"GSM4683571",4.91159891894315,10.5601379171854,12.0312542506233,12.4922404753943,13.5059832758777,6.11621267553131,9.92851850497464,10.6776924383611,11.4751377487741,14.140689279456,11.5292656296111,10.8232617572889,4.340109676233,5.31763570269354,10.4706360533796,4.59702212549724,6.26756187830026,4.78393111719755,5.18134955774721,13.2693288249913,5.31763570269354,4.340109676233,6.96349209918197,4.91159891894315,10.2139945469428,13.1484761677185,12.9045862304666,10.0890170042313,8.76903828086858,11.540226097268,12.4587986189287,8.59932648364258,6.78396006161536,11.0544733019436,11.1285543197416,15.0896232649156,9.29861431480257,4.91159891894315,4.340109676233,5.10294807942604,12.6175739463236,12.0665554557559,8.63725319814689,10.2357382342011,13.6571092354752,12.0880545808623,5.77966556185739,9.78207130865037,4.340109676233,11.2131740632023,10.3526443591072,14.0581297759089,"Healthy"
"GSM4683572",7.2075257389316,11.1584618993861,12.0319334184354,12.5481068754679,13.3261939388173,7.91144526516709,10.1191088205034,10.1128851954741,11.241227552763,14.8893671218867,11.9435451293143,11.2228560815082,4.340109676233,5.15884984547368,10.7776325838767,4.340109676233,7.39437142658017,5.35897733041003,5.69260491610462,13.2056685975317,7.28168454169188,4.340109676233,8.51099607079473,5.72368237670947,11.387057337176,13.2923209916642,13.5308017740159,9.68968031276352,8.14530953861729,11.8403762122767,13.7776987308203,8.86576435121635,5.99419729341264,10.7963911103876,13.1510028345355,16.1864687504608,10.6723996517109,5.21376213356578,4.340109676233,4.96251978194722,13.6488143906564,12.7159505124876,8.52610359497611,10.122830140597,14.7174518248383,11.9180795381879,4.340109676233,11.1174045564482,4.340109676233,12.3118977088918,10.330171989569,14.0955847553041,"Healthy"
"GSM4683573",7.61384401456676,10.690420067765,12.3663655894222,12.7386140978837,13.2708091919327,7.6733162078504,10.4532261998739,10.0892942343108,11.4264848472975,14.6120740893604,11.8317245755018,10.9699714942046,4.340109676233,5.19618209782046,10.9944131935212,5.3240050126393,7.73597125194418,4.74825039060455,5.73316874958333,13.1496192828258,7.77985870438721,4.340109676233,9.84615003353698,8.46209661736439,12.7092093770636,13.5108632196596,13.2477592804375,9.80329602998022,8.52435410262532,11.7119177430915,13.4593313036413,6.83836399774,6.24598352430707,11.3204664474027,13.306800379093,16.2671254363748,11.1219058642904,5.3995846718956,4.340109676233,4.98227649233163,13.6963615594944,12.833106020202,8.48205051511487,10.7768324844778,14.420319167139,11.5774055026763,4.340109676233,11.033689494884,4.340109676233,12.0611403314246,11.3089128185706,14.0535799850378,"Healthy"
"GSM4683574",8.23721870284823,10.7532761998386,12.052243542855,12.969172797756,12.6438783390564,9.07487477349574,9.63119334479646,9.91994241542828,10.9093347702688,14.868312155102,11.7744236967918,10.4118694547619,4.340109676233,4.340109676233,10.6844894762775,5.79390642953285,6.43105175577434,4.84292525961069,6.27538180900608,13.3850376165366,7.61330356045787,5.51073788538196,10.3718330659275,7.69714107571448,13.5818964941731,13.1884578989882,13.2487602370774,9.39758116307209,8.59759782513916,12.1736253132242,13.1380411786639,7.99499087990646,6.74269512457215,10.7118290269887,13.3430985032617,16.7660160258916,11.6178111325684,4.340109676233,4.340109676233,4.340109676233,13.3416025644836,12.6069968555803,8.55680597979127,10.2086705416063,14.4869870300267,11.7682694500204,4.340109676233,10.943724453374,4.340109676233,11.9432629457577,10.5922647802258,14.5958717893258,"Healthy"
"GSM4683575",5.99019705590244,10.2109731737587,12.4278604817388,13.1346804547495,12.0635233107921,7.1072139888123,9.94755594215458,9.9417928197234,12.0320132328929,14.175513164827,11.725838611166,11.1311778954502,4.340109676233,4.7879654997262,10.7050742490754,4.88753389275593,7.4255207508308,5.37247917669963,4.97098116569935,13.5558163416744,7.44216552838999,4.340109676233,8.80686601650532,6.33405234469576,14.0206020915835,13.547898261483,13.9800726438576,9.41008359837773,8.01288000610127,12.2926737447741,13.6721535669726,10.1523019639281,6.58878063679528,10.9217814318012,12.9056468134218,16.3699602745375,10.8420598197799,4.340109676233,4.340109676233,5.74142268348004,13.7290753029569,13.2300852581949,8.27479500151221,10.1079636739222,14.9874691736793,11.2617718288622,4.340109676233,11.6850400990248,4.340109676233,12.3039448334016,10.4870170775304,13.8718605149514,"Healthy"
"GSM4683576",6.21233349235717,10.6297990396673,12.4463955909338,13.4930391343331,12.0301254131578,6.72375262525671,9.89071887126742,10.0281519853825,12.3485556880219,13.995530538326,11.4405426796836,11.3030923340866,4.79847733490872,4.90033082441305,11.0951424030715,4.66490316313205,8.01976896238222,5.34870205070954,5.18895135257921,14.2116885257375,8.0873289882001,4.340109676233,8.54461426353123,7.02384307266605,14.3853949535321,13.8602674385154,14.1980637933718,9.5048179516086,7.25019335065888,12.7406585432429,14.3837261538597,9.28621432668444,6.70906500787902,11.2201096735213,13.3376527474948,16.9721936393738,12.1449155797624,5.63789549978726,4.340109676233,4.340109676233,13.9032236749258,12.978145869658,7.79542249520537,10.2237183471596,15.4122367351895,11.6180568059522,4.79847733490872,11.8112898380858,4.340109676233,12.4572795947701,11.8141838506521,14.4921847736961,"Healthy"
"GSM4683577",9.1165646788689,10.0321646213146,12.7520022322006,12.5001080827716,12.1447869209506,7.23689417839161,9.07256311461821,10.2922971133945,11.5691428456229,14.5230402941931,12.4328697369581,10.2503423532019,4.340109676233,5.90586216472161,10.443441574641,5.22641713062584,8.2302855643928,5.31668898495947,5.27279370880427,12.6524152380207,7.24540402881372,4.340109676233,9.69328718548412,7.85512499932107,11.8968067698604,12.8259561804537,12.8894875743778,9.1028142794285,8.37879417784367,11.5515585414731,12.8467020720627,6.0822730525583,6.45166599340254,11.4285106300557,13.9640807171402,16.5575503161533,10.7565128112125,4.63967492736896,4.340109676233,4.340109676233,13.3209231067289,12.4537555219149,8.76425869134823,9.76918753865814,14.1291171669207,11.4132920858551,4.93607069817421,11.3100050551455,4.340109676233,12.1581272516179,10.8145381407729,13.3711906820828,"Healthy"
"GSM4683578",9.29296759080559,11.1586849862291,12.5501945697685,13.0996012661093,12.8117539480402,8.70622856287806,10.4964190466639,9.87203940747754,12.0053667786507,14.7175113380566,11.9467036165794,11.1758890373305,4.340109676233,5.4959836384904,11.3818794534664,4.72410123210327,7.39199955590094,5.22917503749576,6.01015897365839,13.3414665655815,8.49677384401389,4.340109676233,11.0611849274947,9.18787265096418,11.6573617551331,13.5569496388078,13.6777065617296,9.57566852538642,7.56349927458388,11.7157939682585,13.5440199506583,10.1382157995766,7.010970347,11.5506886690832,13.9672052018585,16.7756226528688,10.6694332879584,5.22917503749576,4.340109676233,4.80971485555963,13.8428383952531,12.9245221079354,8.82601956753221,10.0545077806395,14.7227189899975,11.7253578896269,4.340109676233,11.2241286945802,4.340109676233,12.3985951329405,11.7707598557976,14.0371825713844,"Healthy"
"GSM4683579",7.77195533740113,10.6479265117041,12.2873099959808,12.4937354189272,13.0243276276925,8.52166765785038,9.34767158979186,10.2323876497697,11.666478035288,14.5795286303452,11.4869667679475,10.9885021392924,4.340109676233,5.01666263578894,10.5296630456498,5.01666263578894,6.5234999127008,5.16504371103515,5.11900944103169,13.6577180696347,6.91933849575946,4.340109676233,9.50919412493235,7.82627181917035,13.0475744728093,13.2904254594547,13.7610327533197,9.6705781702336,7.50701602861579,11.8809260276732,13.5110830464997,7.84551908015003,6.43322236037508,10.9970671869007,12.4388030062641,15.8555177398578,10.0703345123041,5.01666263578894,4.340109676233,5.01666263578894,12.9290821035241,12.0071243179326,8.30689359732357,9.8480239799144,14.643105791266,11.4374829716942,4.95864182570603,11.2224236772392,4.340109676233,11.7419836603153,11.0303061921514,14.2447747749826,"Healthy"
"GSM4683580",12.8611794964633,11.3529325015624,10.9308832410826,14.8712839695943,10.7362124521828,12.8588807842664,13.5685707481941,7.84194530820277,12.6805948907654,13.6279587117171,12.6669945503555,12.3165421082772,4.340109676233,4.340109676233,12.7925014831911,5.1110724575341,6.97839140438768,7.7961727169385,4.68816723077055,14.6688074146299,12.9871293738302,4.94009305442301,13.1467714790916,12.7319919030201,15.5557669277699,14.5223936219457,13.2494929634265,9.08217369416381,6.92158108165858,12.1662523712603,14.5860371072624,15.2682590504191,8.68878740426164,9.45309276330614,17.5984971836165,20.0259940514263,15.7196627962576,4.83115820657873,4.340109676233,4.340109676233,15.2771953352858,14.2993252315687,8.75371987715136,12.6769458550523,15.1349248120366,12.7593631721569,4.340109676233,15.2478049561139,4.340109676233,13.7426138639734,14.8195031123262,14.7689808302603,"Sepsis"
"GSM4683581",10.7837856731303,11.1877710937083,12.1865043483624,15.1423891347397,11.450646448183,8.21507666138966,13.6807336113661,8.15928050821451,12.4255900608688,12.6952349953713,12.3760420310483,12.3191116224648,4.340109676233,4.340109676233,11.4824214643335,5.04878058245661,6.41910716170536,6.52589641930329,4.69710677625615,15.530532289501,13.608997742045,4.340109676233,12.4788583884199,12.8629769147896,17.3942334969499,14.9640955771315,13.1150499378731,8.66079248102998,7.74384185881301,12.6681369453987,13.5023863320397,16.2191825257691,7.6921174951951,9.69966388315799,17.8251675585879,20.5876880469411,16.578464432837,4.340109676233,4.69710677625615,5.20384546548228,15.4234226648426,14.5262506648957,8.69599374373279,13.2413166781888,15.6098110752874,11.5535507400173,4.340109676233,16.4286413439894,4.340109676233,13.3693612897538,14.6564644820581,15.4166957463459,"Sepsis"
"GSM4683582",8.72145204036664,10.3336928433062,12.4990801588922,13.7269946555615,11.7002119310605,7.60834201616148,13.6150490236139,9.65180594040501,11.340372028717,14.923026963466,12.0374689836669,11.7222826260899,4.340109676233,5.3662785373003,11.0326802566986,5.57150446480627,8.63078837287888,4.99718985031238,6.99744787079378,13.3146016888307,8.64114955079459,4.340109676233,11.3200121875472,11.0292415341336,11.7532802545479,13.4090928394503,12.4824729697066,10.2210628889364,8.5858992061142,12.6817778212297,12.7705036046327,10.296573545685,6.81215196536488,11.1376901505512,15.2785081149783,17.8665566109345,12.3465965982982,5.3662785373003,4.340109676233,4.340109676233,14.2368425769602,12.3729947511768,8.35345311679793,11.7812916040767,14.209976770403,12.4405611656357,4.340109676233,11.0988502586891,4.61029111813727,13.4818704533782,11.7103695990108,14.0683661260697,"Sepsis"
"GSM4683583",10.7972025570285,10.5648278444952,11.077827002708,14.3121070195761,13.1450341013407,9.60101417188442,14.4395742706613,9.1010493328631,11.143798734278,14.6732317078226,12.0264152940106,12.0072908478496,4.340109676233,4.69738873711128,12.8669429623896,4.340109676233,6.68204976012439,7.07519117336133,6.37518553358595,14.2218544312139,10.1001510817823,4.340109676233,11.7148416523783,10.0803163199235,14.4813587422979,14.3113984446584,12.8996036207953,9.08785112420657,8.21098006477895,13.1040930866932,13.8847501293252,16.6627614848807,7.4131309332777,9.99989110835875,17.1004308000441,19.8756179895802,15.2197120936134,4.340109676233,4.84410398840034,4.340109676233,14.0736631386967,12.769702178174,9.56339210612288,10.7602890935854,15.1064337666148,12.1381247157039,4.340109676233,12.5929369344609,4.340109676233,13.3258899290924,13.4828071172617,15.5094553158,"Sepsis"
"GSM4683587",4.340109676233,10.8718496159336,9.1242919921009,15.1346534859744,12.6567558105397,6.61403932517328,14.4820035481873,6.677172070509,12.3067666964618,14.4659294202436,11.6992453119962,12.6818854930958,4.340109676233,4.340109676233,12.2506426047891,4.340109676233,6.83227081069248,6.677172070509,6.37858307341505,15.0393286057738,10.0266376050738,4.340109676233,9.14588554866296,9.22578338403206,14.4896665166776,14.8711572191507,13.4602813732309,10.696600716522,4.340109676233,13.5886952343593,13.9862027116393,16.8448602266018,6.71765811018688,8.28701424769028,16.3777417143207,19.2178088700812,14.2435204677649,4.340109676233,4.340109676233,4.340109676233,15.3848419857637,14.0733074235329,8.86687963366024,13.3631242378975,15.5237450700233,12.3332475902585,4.340109676233,15.0253374979189,4.340109676233,13.650506698902,13.1654797996928,15.4777627269366,"Sepsis"
"GSM4683588",14.4926875489928,10.9038604073755,9.21854546672929,15.8112248225469,11.4318782838935,8.62577862133224,15.7564438766629,7.51487211901937,13.1460610702181,14.3865833989057,12.6720327353838,12.7237172211069,4.340109676233,5.707091831099,12.5241608809991,5.42712974927745,7.19154231253363,9.24388952436127,9.06447953167767,14.8321234401656,12.386022176887,4.340109676233,15.2663901598725,15.5192705872415,15.5550154129728,14.6592788101697,13.2449759239315,10.3867929896826,7.46590368644908,11.493485533454,12.9867616246068,16.8014601979091,6.49498795198346,8.6692481988545,18.9257271813701,20.7510147362486,16.8240601826837,4.340109676233,4.340109676233,4.340109676233,15.6686616731167,14.6467928811476,8.98508523802806,12.1201241352791,14.7543563296378,12.7729930022636,4.340109676233,14.6169146684778,4.340109676233,14.7123854918435,15.0807935312662,14.5146754795265,"Sepsis"
"GSM4683589",7.03971959586787,11.4724315713325,10.544946906143,14.521048509204,12.5772857937544,8.51233668294157,12.6037226325761,8.35956052573639,11.8015068360374,14.5098544665303,11.9936836590689,10.6016098105354,4.340109676233,5.27794324382405,11.2224214851223,4.92065368682505,6.22730889729094,6.8099020487595,5.82064133813065,14.345191960679,11.1630047380482,4.340109676233,7.87580476517002,9.05749202744071,15.1443758502238,13.9443072253443,12.8582806135909,10.7528816716373,8.21036801423279,12.1211606727802,13.8324888357896,15.1406634323611,7.07655603684547,9.9443452794026,15.9068207291621,18.5033339903087,14.2844041385061,4.340109676233,4.340109676233,4.67678842711233,14.9714547863158,13.835553857621,8.25310274619022,12.1027425334603,14.5874222440469,13.7366702648455,4.340109676233,13.8110718529936,4.340109676233,13.3406920866617,12.8992427372009,15.0689006022079,"Sepsis"
"GSM4683591",11.8682896660161,9.68694119565529,10.0811706429107,15.1665919700763,11.2739217602743,7.2216213466459,13.5062972742964,6.62517013429453,13.7851614199367,14.6868298166303,14.9225336492874,12.4681635106086,4.340109676233,7.12531119248318,14.2810116561583,4.77909484008896,10.9270699930411,9.18994823267625,5.30728782692276,14.0936473472238,15.1205740689378,4.340109676233,11.72664629905,13.8227133469923,14.213012964164,14.7506256445465,12.6013580578906,9.72611926435117,6.76205637226311,12.1651587828002,14.1851827056194,16.0258720576395,9.19926515859313,9.30228747429129,20.990920240956,22.4832072914494,18.385971893784,5.30728782692276,4.340109676233,4.340109676233,16.6843396420404,15.2753569227132,9.49234224445772,14.5536141514874,14.753589596241,13.2492203265661,4.340109676233,16.4208776712165,4.340109676233,15.1044126324391,15.5551199628526,14.2816962470766,"Sepsis"
"GSM4683593",10.1646713072294,11.277798912826,9.35467242546979,15.770770441704,12.1274809231453,7.35134947068798,15.2117471263981,8.21958947300673,12.4966619030999,14.2211311609556,12.1594457870625,12.0942405810056,4.340109676233,5.82417092994716,12.2498146852438,4.340109676233,7.94254061637835,7.27431041564092,7.29006206535164,15.2242056375481,13.2290864005702,4.340109676233,10.3771735245918,11.4954595825271,16.5387384987656,14.5579446673008,13.4049346549471,9.62288069199419,7.25837875950995,12.5887500862627,13.6004046117203,17.6379434314347,7.33627776260108,9.04321621956814,18.1454066834208,20.4990322414855,16.115010047644,4.340109676233,4.340109676233,4.340109676233,15.3085268632821,13.6559860816816,8.10108058919906,10.8839689461177,15.4446245776989,12.4941573401889,4.340109676233,15.9216382305393,4.340109676233,14.2041195777608,14.7896258110353,14.8173566519248,"Sepsis"
"GSM4683594",6.81744539957804,10.575869303663,9.97649582369578,14.8147005171503,12.3849968791401,9.1866511075064,15.3407754879503,6.73920266317279,11.374414223288,15.7798129714597,12.441281036818,12.8766063772134,4.340109676233,4.340109676233,12.8221935562158,4.82405685042956,7.31013723835796,7.02828420064368,7.83606135514696,14.5221155436761,10.4343067495359,4.340109676233,10.7793769712731,10.4052263934638,13.7862157733996,14.3739878112548,12.463781558162,10.4474417542259,6.11011193545484,13.6836326219367,12.9067403960267,16.4891285766906,7.5445088515936,8.01467353402041,18.0460294978615,20.2131302208642,15.8178296973074,4.340109676233,4.82405685042956,4.340109676233,15.0592461292534,13.6608788367103,9.79964576500693,13.4893859938136,14.9825369894714,13.3463040468616,4.340109676233,14.2248404954154,4.340109676233,14.1150301868006,13.0137462530309,15.9231737864386,"Sepsis"
"GSM4683597",6.60552455814117,10.6001964377377,11.8885585998006,13.9731015834021,12.6777912652711,7.56642981166235,12.6804346429813,8.98964835095755,12.1168042547347,14.5305105201603,12.4785581626419,11.6163665268816,4.340109676233,4.89235450994654,11.0789598556822,5.05022516002202,8.3515726234425,6.18853636789861,6.45799092836888,13.9277481581431,8.7850436631673,4.340109676233,8.43353826590522,7.8068914178082,12.9119366823859,13.9162068335553,13.0939669620495,10.2029955217508,9.12536224013579,11.9982134656899,13.1983263512388,12.2735396146454,6.6361799744008,10.2345240844136,15.3115674565573,17.8673061055686,12.7936189774053,4.340109676233,4.79192498150206,5.05022516002202,14.0586427784651,13.4375629276071,7.63416423631572,12.2160954351476,14.5908260498601,12.3332700327065,5.23311311163669,11.5691250301412,4.340109676233,13.532547985693,12.3876629006076,14.5163398251028,"Sepsis"
"GSM4683598",9.64705284117638,10.9814379769882,10.6996734924603,15.3201061455697,10.5073911941679,7.66530163478422,12.5417623143844,7.49595563751314,12.4936344438865,12.2780987736066,12.3070796141792,11.2125553950292,4.340109676233,4.340109676233,10.6958108474846,4.340109676233,5.27937501452974,8.33894115365782,5.11141424727415,15.530062889475,13.6072615323611,5.11141424727415,12.1564455965383,13.8847782077024,16.8672650788367,14.9137937553022,13.1465193951376,8.9589573563065,6.8707773700383,12.6902022401136,13.2047501242855,17.401535815368,6.66794547479247,9.20735536307839,18.0342566675695,20.4602317678572,16.7256875676157,4.340109676233,4.340109676233,4.340109676233,14.6535179547637,13.9094443457046,9.02210633184484,12.9389168389364,15.7904489348493,11.8760898323395,4.340109676233,16.6399947271829,4.340109676233,13.5234914489019,13.6178454218786,14.6582391963719,"Sepsis"
"GSM4683600",10.556022149554,10.1812380199127,9.91916315373319,13.9307206697867,12.092178571213,8.76196492817217,13.5529239518556,9.18568256038179,11.7638610137119,13.891843682042,12.0880243340237,11.2996117669424,4.340109676233,6.27333733658232,10.8788737988565,5.32754024921985,6.71070394481776,5.96937290343342,6.30874809393568,14.4982880689104,10.7939712234022,4.340109676233,10.8497229843761,11.5561440265626,14.0541919322311,13.9472774085203,13.327839451793,10.4846676795594,10.3040341447297,12.4157067852555,13.7937730257361,15.170096552015,6.86795208229539,9.64946362168026,16.6348676291439,19.1651043049079,14.8985039417968,5.1865343182689,4.340109676233,4.340109676233,13.7147635827902,13.0392153744205,7.98930177101398,11.5470931241222,14.4357402067897,12.564509515495,6.25525130802269,11.6448730731761,4.340109676233,13.0481019515488,13.3529107263589,15.040393971491,"Sepsis"
"GSM4683601",6.17457469377501,10.8752211315656,12.3107321376048,14.4907991246301,12.7049066638985,6.60253559292609,12.640523604248,9.40595620092834,12.1974635343354,13.6631965172784,11.8967112586545,10.4572807917191,4.93387905809454,5.43252207235439,11.5107037516599,5.53813440340505,7.57426143339091,6.62926510322471,5.69241777186949,14.3680975329346,9.19924033801352,4.340109676233,8.14716507271745,9.33381984390263,15.0338874479643,13.8930666835737,13.3437689929415,9.85422316493983,8.31885437858486,11.6786076515482,13.5190559742955,16.8024522338982,6.4296266155288,11.1648357605831,15.604368295751,18.1758844983367,13.1346036035679,4.340109676233,4.340109676233,5.12156015380798,13.9711755288618,13.3080831427086,7.98226178387514,12.0967700362852,14.710279984778,12.3862833412909,4.340109676233,10.9193100168703,4.340109676233,13.1803398552686,13.5284328146331,14.6373053631824,"Sepsis"
"GSM4683603",5.75475748246403,8.15000569473541,9.23384246431672,12.4536275223513,12.164834164209,5.88700885603303,12.125662092928,10.7507521907395,10.794231932339,13.9697467770281,13.9051209832489,10.336216531417,4.56701135255898,8.62350928487412,9.14825200086795,4.340109676233,5.96731276526312,8.17288672899269,6.82261412823597,12.0136425191884,9.353936108191,4.340109676233,7.70197431257597,7.53044168198331,10.6447972326092,12.8200679859822,12.1377669028714,9.79924555921485,11.5516173227695,10.4173874049022,10.1253898696392,8.58052323845937,5.50970494027862,7.88920899012294,14.7400527671027,16.6931199910281,11.8187000699699,4.340109676233,4.6606681062674,6.42519538244947,12.7351909559697,11.2190376107709,8.03531807833922,10.8762908145239,12.2049663260455,11.1758583184117,6.96673011395757,11.5421762674442,4.6606681062674,12.6227860342365,11.4006624775734,11.7925999792998,"Sepsis"
"GSM4683604",8.53570309890291,12.3792109004543,11.3119230454368,14.3820374376804,11.6591313075308,9.44406625808421,12.3460272293394,8.28554569482806,12.3899017768171,14.7246275951139,12.7248773484052,11.9089256819648,4.340109676233,5.7678949337252,12.2520524548687,5.92949164677735,7.76483522214243,6.83148320605546,5.69599864809766,14.3691285295366,12.9586784366431,4.340109676233,9.86620040170826,8.17066502349604,16.0236156617564,14.3083578844219,13.2692489325303,9.12776804749194,7.83142492466769,12.2439938694549,14.5242638177077,15.075098438639,6.78630876433871,9.67554229603043,17.4023532370642,19.8290585923911,15.3105397643086,4.92684053400512,4.340109676233,4.340109676233,14.8849572882021,14.4489995125689,8.51346029549757,11.7102351764913,15.1677323590015,12.2273998137256,5.61886654585156,14.680151944315,4.340109676233,13.6321235559152,14.4234340980309,14.8937295404582,"Sepsis"
"GSM4683607",10.8317238260227,10.2554730189766,10.6510643194437,13.886663203261,12.1413823237937,8.47041683422077,12.5556445587621,9.25084987606253,10.7623634347011,14.2745818915625,12.8611031944733,11.0173529932886,4.96263971209228,7.05721258544656,10.8286884374464,4.84970264262872,8.47561723784692,6.62815496541502,6.29833200166021,13.9282551349512,12.1740340179805,4.84970264262872,12.5562563080549,11.6769311712802,15.5598953837676,13.4992351566868,12.1348442704269,9.19845580512585,9.00021828385577,12.2867002079052,13.1737102709754,14.2048972823837,6.79252000478382,10.1163371820223,17.402199010389,19.1701094823461,15.8331458151793,4.340109676233,5.13976629228039,4.70137784251214,14.191571284536,13.1741088793446,9.26590382451304,12.480284627334,14.4622848479211,11.879698604781,4.84970264262872,15.2268355707641,4.340109676233,12.7780531718583,12.3324163203812,15.1146595554739,"Sepsis"
"GSM4683610",10.9278284956145,10.5367451284785,11.1114584077481,13.4935877867129,10.9565068393123,9.3840621237204,10.594217415806,9.44521522195013,12.1160747275088,14.1650015114029,12.2174248175074,10.3557272285192,4.340109676233,5.25919395960566,10.3844631137713,4.340109676233,7.84555970679362,5.05673895929523,6.1929343241647,14.5279187633977,10.8745945625906,5.05673895929523,12.6200159070896,12.628950843715,14.3221195599934,13.7696508627673,13.4889011357131,9.12508700009639,8.00790304744775,12.3546601544537,14.0673560894747,10.809101043946,7.97393889923626,10.4743023217095,14.8742842426275,17.7425624314206,12.6609312094857,5.05673895929523,4.340109676233,5.58913673641409,15.1496426100437,13.4626315415409,6.73286898341432,10.9912698101307,14.4427438159848,11.8955880497996,5.45679923345522,15.057476838645,4.340109676233,13.2234012811218,11.544913250022,12.9787051895306,"Sepsis"
"GSM4683611",10.4128785633725,10.8776422038201,10.8712196118059,14.299322284765,13.2645278748685,11.2352656755127,12.4700305918772,8.9956074092246,12.4200660350506,13.8428253345499,12.1554884960271,11.6303977604039,4.340109676233,5.99520921408888,13.1568851159749,4.64841664695136,6.35621673649116,6.42404942744346,7.36830094070959,13.8737618972853,9.62607539879235,5.02438546753751,10.8626114251976,10.5541287040901,13.1468771229199,14.4806987162206,12.9206032069637,10.2083813948963,8.4489258389105,12.713035679284,13.3624060763041,13.3941079003003,7.27469728416598,10.9965016184615,15.7644071350182,18.3675121234839,12.9311037008978,5.14681557083631,4.340109676233,4.340109676233,14.2909934151349,13.439909464158,9.0522991175327,13.2788851380563,14.6290083166217,12.3460971254801,4.340109676233,11.2945978776445,4.340109676233,14.6065245175397,13.323603740926,14.2945973876523,"Sepsis"
"GSM4683613",10.7523254372762,12.0884241686853,9.45233775304413,15.6804646602715,12.3813513866874,7.92519284334963,15.5184205331326,7.37695379131608,12.8155286086531,14.1880294428867,12.0563380249927,13.0998911135831,4.340109676233,4.340109676233,13.0659310525845,4.340109676233,9.9172680105731,7.78367148075199,6.1261683703093,15.3902333433994,11.8305705737273,4.340109676233,15.1377478205446,15.0125127975009,16.3952228311871,14.9709742123531,13.0301808755817,9.85935019995894,6.35732612436848,12.6276146243101,13.8553293162104,15.7607652169677,7.23330948572097,8.19999489341798,18.2264494962678,20.4791334535279,16.644303638972,4.340109676233,5.51085461172851,4.340109676233,15.4395849231533,13.6318330296118,9.78754996320786,12.9847743382605,16.0121824759741,11.6284555630446,4.71948013904926,15.1314772477286,4.340109676233,13.532774234214,15.7912587698581,16.4773656723751,"Sepsis"
