"Sample","IL8","CCR2","IL10","HIF1A","ITGAM","TREM1","HLA-DRA","C5AR1","PLAUR","LCN2","NLRP3","IL6","BCL2","CALCA","TLR4","ELANE","NLRP3.1","CCR7","CCL2","MAPK14","TNF","NOTCH1","S100A8","MMP8","MAPK14.1","CCL25","MYD88","CD14","CX3CR1","S100A12","S100A9","IL1R2","P2RX7","HIF1A.1","VCAM1","CCL19","CCR2.1","IL1R2.1","TLR2","CCR2.2","IL1B","CCR2.3","SOCS3","C3AR1","MAPK14.2","HMGB1","CXCL10","MMP9","BCL2.1","TNFSF10","PTX3","PDCD1","ICAM1","ARG1","IL10.1","CX3CR1.1","OLFM4","SOCS3.1","HLA-DRA.1","FCGR1A","IL8.1","IFNG","HMGB1.1","BCL2.2","CCR2.4","VCAM1.1","NLRP3.2","VCAM1.2","BCL2.3","PLAUR.1","HIF1A.2","MAPK14.3","CD14.1","GATA3","PLAUR.2","Label"
"GSM1206458",13.93188517,3.529497778,4.642691133,7.917735661,6.821760311,9.308898609,13.19687041,9.127870417,9.703983274,7.531659597,6.072279501,12.38326922,3.321928095,3.321928095,6.816677317,5.045609187,8.847812464,11.34452053,13.73507681,3.546388836,10.81927229,7.438174935,12.19991675,3.321928095,3.611345773,3.711799096,8.084499783,9.317310316,4.309571503,9.825144788,13.09949528,3.321928095,9.247904052,8.66232206,3.321928095,4.748764822,5.615863046,6.950310975,6.626772543,5.546987275,13.75781888,3.859736028,7.952044247,6.835288136,4.801804438,5.160311534,12.36081623,8.05870518,7.523290161,8.651167434,5.067696265,3.321928095,7.478666706,3.50316637,11.19538511,7.945769342,3.573382546,6.031677326,13.42804219,7.448188963,13.9894369,10.43865559,7.739560915,8.033466929,3.321928095,3.321928095,8.479534985,3.321928095,3.804289517,10.91952722,9.043217775,3.888871715,11.78948499,5.21275478,10.05864983,"Sepsis"
"GSM1206459",13.6228312,4.966727441,3.689074166,7.301895416,6.871689017,9.066056824,13.35314919,9.597168737,9.84257205,6.827173214,4.489825969,11.38658892,3.321928095,3.321928095,7.15152819,3.321928095,7.997568335,11.56510189,13.95059895,3.321928095,10.06066785,7.522454339,12.14083761,3.321928095,4.208826964,3.321928095,8.50243741,9.287463597,4.565051356,9.46312307,13.28626855,3.321928095,9.385760195,8.404690316,3.52419021,3.474282323,6.559364352,7.270813249,6.376524521,6.447723451,13.72692358,4.651177581,7.741840589,6.671750915,4.605040813,4.770539487,12.61565604,7.689627574,8.170395466,8.989464433,4.090078176,3.321928095,6.685375624,3.321928095,10.08696286,7.781224618,3.321928095,5.287187549,13.57564457,7.565138969,14.01678575,8.242689647,7.783783797,8.684891954,3.321928095,3.321928095,7.588257098,3.321928095,4.210859503,10.84000504,8.742100647,4.099078068,11.77756939,5.293408008,9.649709347,"Sepsis"
"GSM1206460",13.95898877,4.627715882,6.389250559,8.31853898,6.04539716,8.690125538,13.42325954,7.200246629,9.583324102,9.174525104,6.019095396,12.83910152,3.472603887,3.321928095,7.84921312,5.454272039,9.235408181,11.56266307,13.95481222,3.603518782,11.45076342,7.910189691,12.26493207,3.321928095,3.321928095,3.321928095,8.201301033,8.970047513,5.116719585,9.365171272,13.05125873,3.321928095,9.603029492,9.064601405,4.150799842,5.364666773,5.771652501,5.890589587,5.829894466,5.719204336,13.84947354,3.321928095,8.636354733,7.143395768,4.639635708,4.500131783,13.3959707,6.20457314,8.290245086,9.434954418,4.231486535,3.321928095,7.427175542,3.954545303,11.30258575,8.495257094,7.558498278,6.509269644,13.50421409,8.022385333,14.07917787,9.845378038,7.663146103,8.620804823,3.321928095,5.780509781,8.801256656,3.321928095,5.006493419,10.88179677,9.426958759,3.404654157,11.60919617,6.123858516,10.08696286,"Control"
"GSM1206461",11.46242173,5.190128066,3.69160012,7.983992267,8.463693962,8.794902994,13.02980962,9.193313684,9.603029492,8.151111447,7.781224618,7.457463685,3.321928095,3.321928095,6.553922376,6.064045587,10.16222119,12.00227584,10.26374707,4.376342639,10.77587007,9.192479477,12.58078154,3.321928095,4.704851248,3.321928095,7.490395737,9.222010383,5.049395124,10.56964411,13.58583727,3.321928095,5.853290421,8.697658403,4.921176002,3.321928095,6.315748693,7.047966511,3.321928095,6.74546049,11.51622592,5.094519576,7.592597039,7.54098986,5.532188871,5.666986943,6.650506853,6.771267337,8.694060837,6.951886977,4.680613472,5.585237578,7.010487783,3.321928095,11.61502875,8.055414699,3.321928095,5.068336891,13.29457865,4.153073814,12.30046735,7.463409139,8.653082908,9.130334822,3.321928095,3.321928095,9.875671963,3.746253555,6.191012549,10.71677439,9.17817244,3.321928095,11.15276928,6.544113935,10.08590744,"Sepsis"
"GSM1206462",13.90415513,3.712698064,6.002453323,7.399241725,6.196048448,9.434954418,13.38238892,9.279562256,9.969374714,8.815533914,6.029685836,12.58786983,3.321928095,3.321928095,7.324953646,5.844187569,8.830726003,11.73651378,13.95898877,3.321928095,10.88544725,7.853351167,12.02733352,3.321928095,3.321928095,3.321928095,8.141056061,9.470778641,4.980774784,9.550539826,13.05533222,3.321928095,9.338920139,8.201811725,4.657553492,3.715658252,5.305353068,7.095929221,6.20873215,5.207052889,13.88437222,3.321928095,8.067756114,7.349975714,4.202876944,4.807599503,12.29624692,7.040413645,8.408697809,8.684891954,5.501627774,3.81387916,7.362757067,3.321928095,10.94207764,8.274236102,6.643887326,5.801468591,13.60889197,7.864726744,14.04505674,7.659546679,7.451474882,8.832539169,3.321928095,6.274443441,8.499064937,3.321928095,4.873419663,11.245025,8.78779947,3.321928095,11.8009811,5.95844244,10.43865559,"Sepsis"
"GSM1206463",13.6454903,4.492824232,4.070760474,7.699463592,6.799333198,9.10722752,12.96216171,9.182700229,10.0361034,7.393253336,5.617721394,11.34853346,3.321928095,3.321928095,6.222860239,4.133790059,8.619512264,11.72083343,13.9894369,3.792539848,10.40252839,8.308689148,12.40911813,3.321928095,4.200853693,3.321928095,8.480265455,10.55942543,4.501186381,9.406523203,13.1632743,3.321928095,8.903423371,8.557275948,3.904860397,4.538151738,5.589600231,5.848314527,6.508247821,5.703842529,13.70198462,3.871484007,7.818605839,7.244450116,4.353642233,4.216568165,11.8757654,7.913142205,7.075160676,8.781871583,4.129011373,3.321928095,7.185290881,3.321928095,11.46490939,7.39730781,3.321928095,5.020232599,13.26898577,6.871236162,14.13594915,7.950288008,7.551829806,7.73994306,3.321928095,3.321928095,8.344922889,3.321928095,3.86649534,11.03916367,8.871267994,4.029937108,12.71543391,5.636382532,10.05538565,"Control"
"GSM1206464",13.6228312,5.142037306,4.474767215,7.906357993,6.845258957,8.733338934,13.37258862,8.631719447,9.590543684,7.214656636,5.438396666,11.47840125,3.321928095,3.321928095,7.043375512,4.175067948,8.514332158,11.51390832,13.80991608,3.321928095,10.59761092,7.874476792,12.35340153,3.321928095,4.349096375,3.321928095,8.561462624,9.646193013,4.333474184,9.625765769,13.29067693,3.321928095,9.392629227,8.800248527,3.485672155,4.574385371,6.33983815,6.643105346,6.096729231,6.480162766,13.49676674,4.691903822,8.313129553,6.666841028,4.591606703,4.934372791,13.03529711,7.076254333,7.426380027,8.894439408,3.969220217,3.321928095,7.39095849,3.321928095,11.09168015,7.544071041,3.868961644,5.973318264,13.61274807,7.847094408,14.05437373,9.567298112,7.7468479,7.675255797,3.321928095,3.321928095,8.090798662,3.321928095,4.730965802,10.70022284,8.89781298,3.685534691,12.10690309,4.883066822,9.802704376,"Control"
"GSM1206465",12.33098648,7.060253043,3.321928095,8.884493326,7.796413428,8.533001467,13.04551543,9.017885868,9.642455266,9.63216939,5.395092327,7.795650694,3.321928095,3.321928095,7.707289429,6.97143613,8.6468006,12.05535825,13.86294243,3.321928095,11.29808503,9.465880437,11.98820085,3.321928095,3.40249768,3.321928095,7.558498278,9.795787034,5.231763321,10.06359035,12.91446592,3.321928095,7.689337237,9.562563817,4.299609334,3.321928095,8.180214909,8.024991187,5.798461964,8.200762002,12.32699311,6.445749829,6.746140895,7.386173627,3.963499535,5.47499875,12.42035146,7.576558133,9.081849485,8.232896351,3.321928095,5.03638783,7.11982988,4.918485202,11.63952717,8.157173928,7.793994401,3.321928095,13.33302322,6.086921368,13.29992201,10.16222119,8.314894905,9.652956706,3.321928095,5.204576338,8.246144423,3.321928095,5.212124245,10.36741921,10.13655953,3.321928095,11.94086706,6.979107139,9.717772906,"Sepsis"
"GSM1206466",12.14860962,6.644500292,3.321928095,7.677256954,7.289854158,8.197815607,13.02431229,8.962813814,9.812796877,8.463142305,4.553137845,6.638366663,3.321928095,3.321928095,5.469338962,5.664679256,7.83605921,12.04879297,11.25924407,3.321928095,9.92139984,9.279562256,11.02219955,3.321928095,3.321928095,3.321928095,7.737808085,9.253620571,5.389547952,9.25767911,12.59880274,4.139304907,4.783188206,8.581114404,3.321928095,3.321928095,7.855616132,8.12261591,3.608114604,7.95279907,10.98360568,6.325926537,6.374094009,7.251305091,4.393149549,4.210245733,8.835666924,6.934046738,7.678421354,7.505317109,3.321928095,3.321928095,6.311149523,3.321928095,11.06130341,8.388485504,3.321928095,4.358964556,13.20504543,4.621070013,13.12618028,8.885792303,8.185275561,8.09353728,4.380317572,3.321928095,7.582946203,3.450255421,3.945291716,10.41884028,9.107775498,4.136820521,11.62903693,6.736982133,9.464956947,"Sepsis"
"GSM1206467",14.16340757,4.984541765,6.492716515,7.395988263,6.452483535,9.366717622,13.13517209,9.23244764,10.01354528,9.082620761,6.368159819,12.63105417,3.321928095,3.321928095,6.725665598,6.262852968,9.304244562,11.62632981,13.90911498,4.790762539,10.51990436,8.214442595,12.68493102,3.321928095,3.647401713,3.321928095,8.328740778,10.07712723,4.293997719,9.474699452,13.14423667,3.321928095,7.905005716,8.110171312,3.892810743,3.321928095,5.508733965,7.715843877,6.576720249,5.872728931,13.88038143,3.321928095,8.023732179,7.697001664,5.10504106,3.653973752,11.12415248,6.860410766,8.191173231,7.760023644,5.596075924,4.786053746,6.857600164,4.367040375,11.03171171,7.364678849,8.261366394,4.992122347,13.37258862,6.484044672,14.09217735,6.1707028,7.726805763,8.555127268,3.321928095,4.748764822,9.042523675,3.321928095,3.815921652,11.38447397,8.4985853,3.537273056,12.51366575,5.842695373,10.45757693,"Sepsis"
"GSM1206468",13.47838672,6.002071524,5.334775082,7.541320059,6.873877985,9.052260834,13.21853438,9.7889842,9.869572245,9.525114062,5.723505319,8.320751616,3.321928095,3.321928095,7.444506238,6.482395224,8.683654457,11.54583623,13.95059895,3.321928095,9.395133333,8.172886323,13.11720471,3.321928095,3.321928095,3.321928095,8.555127268,10.80763717,3.858668942,9.308898609,13.5680271,3.321928095,8.297724371,8.756215931,3.321928095,3.321928095,7.166950388,8.213949498,6.940448642,7.210889275,13.13033957,5.786283091,6.83896383,8.005945499,5.518234719,3.321928095,11.94591404,6.158280757,8.531119051,8.3419779,3.321928095,4.336388408,6.623180056,3.887188272,10.60880134,7.411614473,8.156243572,4.588396368,13.42804219,8.521138605,14.02592263,7.983992267,7.44781565,8.901457121,3.321928095,4.729586839,8.212967139,3.321928095,4.199542202,10.54043303,8.404690316,4.189828926,12.90997716,6.404437861,9.975858906,"Sepsis"
"GSM1206470",13.86294243,3.642863837,3.715486976,6.737450864,6.731016627,9.485945751,13.14423667,10.15690028,10.2907728,7.824174175,5.766469656,10.41713987,3.321928095,3.321928095,6.402278688,5.379605368,8.772591035,11.60352164,13.87342438,3.346321482,9.889663073,7.98938641,12.44875228,3.321928095,3.321928095,3.321928095,8.453256979,10.97091001,4.571447435,8.878460045,13.14965473,3.321928095,7.653940665,7.924525242,3.321928095,3.321928095,5.517849066,7.234205014,6.661028425,5.145862701,13.66730007,4.14631481,6.813702056,6.99955663,4.678918113,3.763179585,8.363687372,7.946805195,7.43114491,7.528913065,3.321928095,3.321928095,6.320598255,3.321928095,10.82996169,7.455791135,4.174742024,4.732704209,13.35794027,5.066550058,14.00505411,6.003916791,7.564638686,7.845799539,3.321928095,3.321928095,8.302425222,3.579372591,4.118037704,11.28063447,8.009472209,3.646686685,13.06915948,5.703353971,10.17482121,"Sepsis"
"GSM1206471",12.60379257,6.625148001,5.215367244,7.791450064,7.167373151,8.759528804,13.19687041,8.648412394,9.523573315,9.071282477,5.148812306,8.661802151,3.321928095,3.321928095,7.633642084,5.817558623,8.227225448,11.38447397,13.79126089,3.321928095,9.38399548,8.237480019,13.05533222,3.321928095,3.68514838,3.321928095,8.592662896,10.71517237,4.484934649,9.461666576,13.55778337,3.321928095,9.455429428,9.164503475,3.321928095,3.321928095,7.383231929,6.98478019,6.983367677,7.461233255,12.88803256,5.80949978,7.55715796,8.245339459,5.084158768,3.558589675,12.8353635,5.070744183,8.351864209,9.235408181,3.321928095,4.316356717,6.783747999,3.44370224,11.62038763,7.589516308,8.529692744,4.471085906,13.40086362,9.564125953,13.36750259,8.094846676,7.474646141,8.699459662,3.592632928,3.72080727,7.894859937,3.321928095,3.765817596,10.13858452,8.729585101,4.713432845,12.78588922,5.815633109,9.378802046,"Sepsis"
"GSM1206472",12.66962928,5.877272843,3.321928095,7.098366557,6.833870005,8.458951792,13.36151499,8.817071214,9.82999442,7.519078492,5.406383612,9.795787034,3.321928095,3.321928095,6.498761003,4.804682161,8.120654838,11.8009811,13.76792592,4.289125611,10.45502127,8.570094421,12.83910152,3.321928095,4.064015625,3.321928095,8.542611869,10.07829619,5.355920749,9.439312563,13.43312858,3.321928095,9.678298215,8.124541093,3.321928095,4.596112676,6.906567363,6.256926569,5.998943002,6.976374629,13.1632743,5.677713061,7.569642719,7.622652042,4.90665502,3.899284363,13.00873801,7.143770455,7.552687376,9.040652124,3.321928095,3.321928095,7.096290481,3.321928095,11.03916367,7.90760948,4.320648597,5.127058305,13.45052565,8.520554637,13.47434099,8.203913859,7.318906741,7.963346351,3.635560409,3.321928095,7.986703512,3.321928095,4.335664843,10.57266955,8.148303728,3.321928095,12.61950153,5.800664586,9.485220316,"Control"
"GSM1206473",11.02417816,7.692877255,5.906713338,8.194572197,7.51419608,9.132528782,13.02980962,9.55800341,9.680930058,7.754745446,4.609505958,8.680516101,3.321928095,3.321928095,7.419322941,5.008524212,8.189728545,11.76241108,13.88811555,4.978056995,9.175313467,8.47193835,13.49180541,3.321928095,4.16567084,3.321928095,9.035231294,11.88190222,4.441320978,9.753610941,13.69447461,3.321928095,7.344385605,9.063869124,3.321928095,3.321928095,8.480265455,8.123632949,6.901413498,8.464530149,12.64919929,7.048204827,8.922372755,7.859788688,5.528296123,3.321928095,10.48622812,5.002754753,7.457062831,9.045272086,3.321928095,3.740665548,6.146018858,3.321928095,11.06130341,7.414040411,5.002109998,5.134448325,13.11720471,9.33471901,12.2036062,9.211108864,7.83999329,7.812821512,4.812050047,3.321928095,7.742738997,3.321928095,3.321928095,9.973264446,9.338166584,3.791079125,13.65860692,4.935183464,8.817660236,"Sepsis"
"GSM1206474",13.86058195,5.238759121,5.639055246,7.733693788,6.59423829,8.469914296,13.47434099,8.326906981,9.852698113,9.36311052,5.904551872,12.03919811,3.321928095,3.321928095,7.583689907,5.675025873,8.822728459,11.56266307,13.86982262,4.108147781,10.86975717,8.260863553,12.72400913,3.321928095,4.118037704,3.321928095,8.785483153,9.50598176,5.403103569,9.315387338,13.26365764,3.321928095,9.516792606,8.852996581,3.939315819,4.58989415,5.864251591,6.092554151,5.977629397,5.817962475,13.89246064,4.090078176,8.192365058,7.511603104,4.888337155,4.010225319,12.84845936,6.442293693,7.946241912,9.490512235,4.205565664,3.865178561,7.382296155,4.374239313,10.93781293,8.374188088,7.636386502,5.756189655,13.61932479,7.981040195,14.00505411,7.635451628,7.237444337,8.357955815,3.466117532,5.451259033,8.36577569,3.321928095,4.034708564,10.9055474,8.464144864,3.625551343,12.18322358,5.979771401,9.974204534,"Control"
"GSM1206476",13.86294243,5.064894317,6.97946024,8.148961361,6.681068536,9.247904052,13.43312858,8.404189492,9.640787725,9.119340567,7.147627692,13.3043219,3.321928095,3.321928095,7.946805195,5.66004148,9.766197233,11.48601331,13.78510478,3.771107613,11.72083343,7.833452129,12.31180198,4.097647243,3.321928095,3.321928095,8.203451753,9.376435926,3.682977546,9.088528696,12.97047315,3.321928095,9.653695173,8.952121643,3.644517171,4.440316495,5.400272053,7.918563161,7.197412918,5.919552389,13.80991608,3.755280415,8.642449688,7.960857996,5.440241037,4.207131079,13.34341348,5.698493987,8.544575268,8.636908392,4.926760915,4.29996555,7.936467411,4.919647743,11.31390464,7.283592768,8.232114307,6.1715452,13.55493595,8.86026761,13.99792779,9.025985292,7.434704123,8.882706594,3.524553534,5.207052889,9.288199992,3.321928095,4.153958432,10.98587331,8.852290239,3.970551777,11.79468806,5.938264379,10.36623823,"Sepsis"
"GSM1206477",13.86615537,4.323602921,3.435732992,6.964626814,7.165489997,9.883389375,13.05533222,10.45202278,9.974992914,7.682019452,5.82712747,9.876797474,3.321928095,3.321928095,7.02567728,4.974342597,8.991220457,11.44544111,13.75781888,3.321928095,9.574291414,7.955639534,12.15897464,3.321928095,3.321928095,3.321928095,8.080923188,11.38913721,4.17656138,9.975858906,13.23140982,3.321928095,7.233786646,7.688280894,3.321928095,3.321928095,5.612771496,7.08376366,6.712365826,5.407839366,13.76131325,3.574778919,6.619971437,6.596983158,3.321928095,5.13867535,8.324475256,7.139794577,7.234687662,7.146852259,3.493342151,3.321928095,7.015460591,3.321928095,11.22704069,7.499311437,3.327292523,4.784623631,13.44229139,3.321928095,14.11029923,4.846033142,8.080432944,7.909161308,3.604099548,3.321928095,8.541563431,3.321928095,3.321928095,11.12415248,8.6323093,4.102134346,13.13517209,5.083892722,10.12078381,"Sepsis"
"GSM1206478",13.69118449,5.35691274,5.641302106,7.90760948,6.828879197,8.398492566,13.58215415,8.256582101,10.30571899,9.672585135,6.455377118,12.70671168,3.321928095,3.321928095,7.914016458,6.317986236,8.901457121,11.82029817,13.85344512,3.380582367,11.35860693,8.027747126,12.54612565,3.321928095,4.209348201,3.321928095,8.617208042,9.800287765,5.655624777,8.767145608,13.21853438,3.321928095,10.11275036,8.803271434,3.321928095,5.848314527,6.186413804,6.31229152,6.468847718,6.259042122,13.99792779,4.006257467,8.35368962,7.126410518,4.629076389,3.321928095,13.23140982,6.866158953,8.237480019,9.541275842,3.831989296,3.87665864,7.675642163,4.13991417,10.65553265,8.902146459,7.226938276,5.675728921,13.69447461,8.618892568,14.11029923,8.711381977,6.718632452,8.881063588,3.551080064,5.559676673,8.689009395,3.321928095,5.072038628,11.30964419,8.049220105,4.014716591,12.19321542,6.72771504,10.64592049,"Control"
"GSM1206479",12.30476716,7.030403118,5.049395124,6.548877793,7.62559251,8.696460208,13.13517209,9.940094203,9.805304093,7.755188116,5.215718643,7.642763151,3.321928095,3.321928095,7.019555111,5.157833762,8.210396974,11.68415946,13.77496839,4.086129345,9.027921591,8.238426224,13.31775374,3.321928095,4.536929491,3.321928095,8.725550712,11.60919617,5.234738736,9.310645463,13.89992537,3.321928095,8.406652235,7.98015629,3.321928095,3.321928095,8.051800325,7.380435928,6.899685669,8.330667096,12.64919929,6.860410766,7.252944217,8.14310794,5.365794345,3.321928095,10.77137594,5.830612068,7.574009084,7.442878405,3.321928095,3.533849831,6.491667602,3.321928095,10.47398058,7.932272783,4.966727441,4.456089255,13.34341348,7.956985097,13.08984408,6.46361517,7.254353582,8.114129728,4.349096375,3.321928095,7.960457671,3.321928095,3.321928095,10.3535745,7.232642651,4.74304551,13.42804219,5.519640954,9.31310304,"Sepsis"
"GSM1206480",13.61614951,5.346109828,5.152792835,7.177013256,6.287410125,7.993585139,13.55169159,7.689337237,9.852698113,9.627268047,5.913341864,12.26493207,3.702910799,3.321928095,7.697001664,5.748249067,8.76265321,11.78307555,13.90415513,3.321928095,11.38213072,8.07147384,12.7783304,3.321928095,3.59062671,3.321928095,8.689601857,9.36311052,4.802897212,8.620206068,13.27804654,3.321928095,10.33830843,8.500776464,4.497123178,5.72852145,6.063022532,5.69709826,6.079373423,6.417110703,13.84621986,4.704140709,7.712163323,7.449839663,4.564423549,3.321928095,13.41892007,6.230225767,8.36577569,9.89059164,3.321928095,4.328706249,7.104207682,4.443718197,10.47691824,8.355309313,7.667218933,4.92424821,13.75781888,9.237694342,13.95898877,8.75481919,6.809136674,8.874128492,3.321928095,5.408958037,8.350907245,3.321928095,4.756003983,10.76731404,7.640707175,3.428723433,11.79821118,6.398838509,9.748955754,"Control"
"GSM1206481",12.87070111,6.366422194,4.551082267,6.887887858,7.281273497,8.273808709,13.53393037,8.898935481,10.02500586,7.478666706,5.315297303,10.42189118,3.321928095,3.321928095,6.959832866,4.275044586,8.446784353,11.7661326,13.89616178,3.321928095,10.66075658,8.354422021,12.80904096,3.321928095,4.594760549,3.321928095,8.958038531,10.65698836,4.831111607,9.02266253,13.3959707,3.321928095,9.432069654,8.362234114,3.321928095,4.305867512,6.879793016,6.269970523,6.511091396,7.31345139,13.43733678,5.883019586,7.973933286,7.492329133,5.143722359,3.321928095,13.04092959,7.815859819,7.367601497,9.559718493,3.321928095,3.321928095,7.312662383,3.321928095,10.64287762,8.219889119,3.791350506,5.281775798,13.5680271,7.928106486,13.77496839,8.348084496,6.685799477,7.965911727,3.816199044,3.321928095,8.296816362,3.321928095,3.802916126,10.80278339,7.276800001,4.310788148,12.94814115,5.800664586,9.636914023,"Control"
"GSM1206483",13.61274807,4.313881735,5.655979808,6.753815529,6.905338437,9.410492565,13.33748852,9.517603097,10.20439765,7.271097872,6.095751666,12.13418769,3.321928095,3.321928095,6.877631655,3.964759342,9.071914106,11.75900091,13.84621986,3.971087358,11.22476799,8.3419779,12.18963935,3.321928095,4.392218028,3.321928095,8.370253247,9.510035304,4.410369804,8.102229584,13.00873801,3.321928095,9.599622842,8.159803993,3.321928095,3.670967914,5.679181163,7.77589494,7.720928209,5.867891956,13.70530899,4.458948448,7.928450066,7.899036488,5.711214283,4.02780506,12.65367203,6.245475901,7.847094408,7.613376612,3.321928095,3.404654157,6.656434242,3.321928095,11.01318859,7.07551675,3.321928095,4.948871222,13.34341348,8.121704533,14.09217735,9.110591433,7.073962903,8.4230621,3.321928095,3.321928095,8.754286805,3.321928095,3.784967296,11.18009381,7.434704123,4.320361524,11.94086706,5.896012747,10.13045857,"Sepsis"
"GSM1206484",11.52334282,7.159222261,5.938827289,8.414225445,7.183039451,8.618344965,13.2552861,9.115993519,9.805304093,9.615840421,4.981434314,7.864726744,3.321928095,4.260473887,8.118006041,6.043464927,8.179773408,11.70507984,13.84299977,3.678026113,9.711739627,8.15173276,13.54731945,4.948533874,4.442167764,3.321928095,9.325012462,11.95251777,3.680162936,9.355333955,13.75781888,3.321928095,8.484728869,9.799557492,3.321928095,4.012092054,7.695165588,8.245339459,6.817664121,8.163508305,12.986368,5.829894466,9.040052068,7.93499109,5.347376504,3.321928095,11.12799903,4.582680111,8.243930117,10.05169025,3.321928095,5.401728456,6.851745763,4.629875941,10.44901984,7.285037101,8.397135345,5.584306932,13.45770135,10.06235236,12.87871237,9.714017412,7.045645532,8.701345011,3.997610023,3.488903963,7.647196559,3.321928095,4.301965536,10.38811274,8.720220398,4.078424576,13.43733678,6.303918916,9.35191132,"Sepsis"
"GSM1206486",13.43312858,5.906713338,5.167247752,7.003387531,6.561373561,7.784253152,13.57564457,8.379127802,9.706998582,9.392629227,5.469338962,11.32229316,3.321928095,3.321928095,7.526252806,6.349018996,8.405162316,11.60090367,13.73801204,3.773435775,10.90374391,8.453794776,12.87871237,3.321928095,4.340799927,3.321928095,8.734457762,10.02500586,5.107276289,8.82206972,13.38722265,3.321928095,9.875671963,8.376094266,3.321928095,3.972445015,6.765536424,5.466431004,5.829489704,6.824824393,13.85754449,5.135104638,8.071905548,7.637327201,4.744263211,3.321928095,12.96743887,6.814045703,7.988910246,9.411189439,3.321928095,3.321928095,7.059422021,3.321928095,10.60694593,8.80933913,7.348990615,4.80329935,13.75781888,8.626909095,14.01678575,7.873076117,6.80078228,8.56695896,3.321928095,5.461888607,8.324475256,3.594578469,5.025019955,10.92107352,7.451014263,3.742865375,12.43085907,6.608892916,10.13045857,"Control"
"GSM1206487",13.14965473,7.690039156,5.65281961,7.550688528,7.157482828,9.071914106,13.24065428,10.72764191,9.919333549,7.699186023,5.691664498,7.261860365,3.321928095,3.321928095,7.083340434,5.243531099,8.46742991,11.66002521,13.28626855,3.332970391,8.055414699,8.145719138,13.32267101,3.321928095,4.617457165,3.321928095,8.183327942,11.63952717,4.227691987,9.635329148,13.54731945,4.159890889,6.766271085,8.479534985,3.321928095,3.321928095,8.601396465,9.456581306,7.023679935,8.808278016,12.44116807,7.118748803,6.765928742,7.85863735,5.581048447,3.321928095,7.003387531,6.395241925,7.696507772,6.914748726,3.321928095,3.977661056,5.990627642,3.321928095,10.55143414,7.053569553,5.264358373,3.59628678,13.43733678,6.18218057,13.94045155,4.664658345,7.461714074,8.228620787,4.968950801,3.321928095,8.306333109,3.321928095,3.951634335,10.41713987,7.711806849,4.90665502,13.37754306,5.536524909,9.389689584,"Sepsis"
"GSM1206488",13.86058195,3.805429441,4.266057589,7.004319409,6.258538824,9.222010383,13.22684498,9.066679801,10.36491794,9.533633173,6.680120036,13.10411985,3.321928095,3.321928095,7.020890531,6.464997152,9.705312449,11.6970542,13.86615537,3.321928095,11.72791256,8.184848323,12.31180198,3.577248587,4.162211648,3.321928095,8.328168706,10.28932331,4.84083675,8.322726654,12.9182386,3.321928095,8.807008094,8.033030956,3.617249227,3.670150555,4.98385133,6.498440416,6.867496407,4.818915719,13.84299977,3.321928095,7.623887798,6.49726457,4.922205759,3.321928095,11.88190222,6.461116976,8.038949461,8.431766614,3.321928095,4.056321734,7.033653476,4.235209101,10.40871094,7.813679045,7.690549496,3.854975409,13.54731945,7.295185915,13.97682809,6.215477067,6.982659823,8.662997577,3.321928095,5.47326725,9.302398118,3.321928095,4.867945154,11.92585816,7.434246845,3.392391228,12.49759404,6.309658042,11.13549989,"Sepsis"
"GSM1206489",13.70198462,5.392203445,6.308062015,8.089205844,6.54590623,8.022002682,13.65196116,7.51009367,9.891475883,9.454732382,5.990627642,12.56042729,3.321928095,3.321928095,7.927537335,5.644782117,8.920770246,11.576635,13.84947354,3.321928095,10.90898468,8.023320842,12.64199711,3.321928095,4.356242605,3.321928095,8.641524905,9.597168737,4.753748339,9.009346969,13.21853438,3.321928095,10.26374707,9.308174709,3.84924837,6.131573434,6.152135768,6.066747932,6.386883502,6.343361836,13.79563126,4.796771112,8.617208042,6.866525945,4.867079319,3.321928095,13.29067693,6.68725558,8.270648831,9.672585135,3.511833142,3.634535542,7.61781525,3.910572947,11.08325697,8.552892285,7.87867854,5.74541076,13.52946712,8.629239433,14.01678575,8.716116922,6.957577228,8.587650312,3.321928095,5.798782055,8.554063295,3.321928095,4.658551876,11.03916367,8.50904621,4.151148555,11.98203679,6.450060821,10.21404139,"Control"
"GSM1206490",11.46950047,7.030403118,3.321928095,7.744088505,8.179773408,8.941608461,13.15412973,9.599622842,9.799557492,8.198828625,5.134448325,6.681809086,3.321928095,3.321928095,7.415746088,5.376534887,8.282883443,11.93178697,12.97485094,3.321928095,10.4099638,9.320806014,11.8475317,3.321928095,4.062924001,3.321928095,7.990437377,9.732378136,4.94114118,10.14902261,13.01804592,3.321928095,8.109704775,8.787226693,3.321928095,3.321928095,8.675139483,8.279544283,6.19195696,8.744660149,11.245025,5.899147631,6.761308863,7.865974875,4.705253083,4.375395594,11.69225756,7.717002603,8.544140761,7.623887798,3.321928095,4.734484515,6.729839357,3.321928095,11.06715514,7.913142205,4.304618948,4.988475833,13.52946712,7.061366734,12.52028232,9.184708667,8.197815607,9.194530603,3.321928095,3.321928095,7.833957293,3.321928095,3.321928095,10.12913301,9.130900942,3.998397177,11.82528009,5.831231709,9.001369213,"Sepsis"
"GSM1206491",13.58928918,6.36706186,5.321054342,6.52544758,7.103901364,8.949510056,13.14423667,10.58702152,9.92547322,7.489246853,5.609987935,10.38010496,3.321928095,3.321928095,6.52785565,3.6874958,8.439234322,11.71337312,13.81269749,3.72487914,10.00882838,7.994027408,12.8925102,3.321928095,4.271911118,3.321928095,8.56869929,10.76900915,4.078187941,9.081156235,13.65528667,3.52825365,7.689337237,7.711328326,3.321928095,3.321928095,7.252944217,7.537639804,6.965412532,7.450215744,13.47838672,5.783441004,7.055776601,8.317450128,5.092616331,3.783961748,8.959300084,7.933915465,7.688280894,7.280785918,4.717689116,3.534695628,6.531428476,3.321928095,10.41146616,7.795650694,4.375033869,4.568773151,13.45052565,6.36599186,14.01678575,4.403535407,7.304902498,8.546857457,3.442883621,3.321928095,7.892309159,3.321928095,3.321928095,10.88544725,7.387481203,4.882043815,12.97047315,5.489654566,9.703983274,"Sepsis"
"GSM1206492",11.76241108,7.011593575,3.321928095,7.822127503,7.666231034,6.967270876,12.94328378,6.926344574,8.570691958,10.12913301,6.162157059,6.721836354,4.139079708,3.321928095,6.788160452,7.705387057,9.019724859,12.12638387,10.91766781,3.564465386,11.29164245,9.694259542,11.84096003,5.041604848,5.052367364,3.517216094,7.452911369,8.390823868,6.228887424,9.156451422,12.7676243,3.321928095,5.744280449,8.889746973,4.526626574,3.321928095,7.498025549,7.099385541,3.321928095,7.571910573,11.53442416,5.691664498,6.949263463,7.036829057,6.107805837,3.321928095,9.525114062,6.032328583,9.487816178,8.128410077,3.321928095,6.071161017,6.605727707,5.444593186,10.820891,9.183387336,8.06009594,3.321928095,13.11314394,3.321928095,12.58786983,9.751679092,8.377238147,9.961974566,3.321928095,6.826771011,8.637976577,3.321928095,7.01706157,9.797711622,8.312615079,5.378589487,10.70545262,8.304385218,9.0033662,"Sepsis"
"GSM1206493",13.6228312,4.966963904,5.069166158,7.24399151,6.518386275,8.834983961,13.31381794,8.979467132,10.2179422,7.769600581,5.826192028,11.78606798,3.321928095,3.321928095,6.23863176,4.39414519,8.648412394,11.83480983,13.87342438,3.321928095,10.51798995,8.451541431,12.61263459,3.321928095,4.139079708,3.321928095,8.436176813,10.5583894,4.243375471,8.943172849,13.17095528,3.321928095,8.561462624,8.265155549,3.321928095,4.610108738,5.759997125,6.029330891,6.564041469,5.706778203,13.90911498,4.798122881,8.089686378,6.496356698,5.188688661,3.321928095,11.8757654,8.148961361,7.319604888,8.535773652,3.321928095,3.321928095,7.127148262,3.53119776,10.44787835,7.678744613,4.267362848,5.061584866,13.42804219,6.912185572,13.99792779,8.420456864,6.921890157,7.894859937,3.321928095,3.321928095,8.445036714,3.321928095,3.743047449,11.23475965,7.899859935,3.791597044,12.82615925,6.056617585,10.18364466,"Control"
"GSM1206494",13.87699932,4.363234115,6.044679149,7.805817246,5.9334962,9.188128346,13.46232026,7.704175947,10.0361034,9.669688961,6.92036384,13.41409816,3.321928095,3.321928095,7.993011998,6.223926044,9.610191691,11.73349805,13.9894369,3.49673304,11.77756939,7.954172445,12.33477573,3.321928095,3.592033283,3.321928095,8.320751616,9.224719791,5.27122918,8.829829388,13.06519974,3.321928095,9.814600938,8.716758769,3.958707053,5.942405525,5.757318458,6.589653495,6.464601125,5.91757628,13.93613979,3.321928095,9.094973159,6.97674154,4.852309061,3.472228557,13.47838672,6.832796223,8.29398279,9.45980874,3.57760837,3.692444704,7.843213785,3.875694221,10.72764191,8.470924777,7.685265917,5.90345892,13.68736138,8.465971139,14.16340757,9.886703998,6.841779693,8.730286133,3.321928095,6.111490076,9.27440678,3.321928095,5.260512135,11.32683171,8.28335804,3.321928095,11.84096003,6.43312014,10.44505156,"Sepsis"
"GSM1206495",13.87699932,4.860922249,4.272458919,6.962474217,6.51244265,8.979467132,13.45770135,9.315387338,10.15126353,9.369080948,6.372523965,12.02733352,3.321928095,3.321928095,7.400171461,6.229225641,9.312364575,11.72349634,13.95898877,4.879414135,10.96537546,8.131662891,12.5174009,3.321928095,3.658168184,3.321928095,8.549240306,10.31248982,4.657003927,8.417641115,13.05125873,3.321928095,8.827595372,7.963843955,4.088339458,3.321928095,5.407090389,6.306991616,6.654896839,5.107276289,13.89246064,3.321928095,7.786290721,7.084169055,4.64840438,3.321928095,11.86356917,7.162721522,8.084957658,8.596738016,3.321928095,4.254600864,7.106012719,4.257604061,10.36623823,8.112771718,7.629006542,4.155117389,13.47838672,8.178232488,14.11029923,6.850560496,6.980301445,8.668038305,3.321928095,5.582834339,8.876515066,3.951634335,4.330316054,11.58895634,7.337664099,3.321928095,12.66962928,6.254624209,10.64153551,"Sepsis"
"GSM1206496",13.3959707,5.452472325,4.275044586,7.675255797,7.019167801,8.701345011,13.44229139,8.916370431,10.03285354,7.527027791,5.799903488,11.46490939,3.321928095,3.321928095,6.746140895,4.72029197,8.639756335,11.69990865,13.80991608,4.042666245,10.28636081,8.047537216,12.63105417,3.321928095,4.261394625,3.321928095,8.575937209,10.4827334,4.685205737,9.23244764,13.24065428,3.321928095,9.497000206,8.602974009,3.321928095,5.031697608,6.415015164,6.178314887,6.660035692,6.280056269,13.62548223,4.505833335,7.925771265,7.373256587,5.144652003,3.321928095,12.66962928,7.806684396,7.454138291,9.060410667,3.558169615,3.321928095,7.174109857,3.321928095,10.97091001,7.701640227,3.321928095,5.574022186,13.55169159,7.81773988,13.99792779,8.38724918,7.247986115,8.065321087,3.321928095,3.321928095,8.323176579,3.321928095,4.390560989,11.05556302,8.411317376,4.17357161,12.57387884,5.602083468,9.993278168,"Control"
"GSM1206497",13.19687041,6.512891562,3.321928095,8.360565583,6.947270226,7.851461614,13.19198549,8.837477444,9.661983876,9.64857521,5.355920749,8.488826747,4.198665837,3.321928095,7.076602958,6.973278598,8.397135345,12.09250255,13.39143171,4.077815199,11.23669028,8.720911635,12.00227584,3.321928095,4.451030409,3.321928095,7.775415763,9.429398461,5.630013596,9.448086801,12.98101516,3.321928095,6.196790635,9.343138819,4.644752128,3.321928095,7.301895416,6.900087769,4.088597796,7.196529052,12.59880274,5.724708314,6.765928742,7.282898363,5.530476904,4.70935844,12.08473257,7.152289282,8.705685982,8.836259373,3.321928095,4.483062994,7.004319409,3.582457672,11.17410649,8.856148472,7.432012779,4.642691133,13.44229139,5.520007037,13.95481222,10.06445841,8.226325135,9.396822111,3.321928095,5.73868336,8.17373859,4.067584985,5.672625035,10.85082862,9.110049386,4.454649726,11.39335596,7.302294994,10.25306425,"Sepsis"
